;Unnamed: 0;Sentiment;Instagram Comment Text;step01;tokens;final_tokens;step02;finalText_str;ProcessedText
0;0;0; <USERNAME> TOLOL!! Gak ada hubungan nya keguguran dgn pake hijab syar'i yg lo bilang bayi nya kepanasan didalem gak ada hubungan nya woyyyy!! Otak sama jempol lo gak singkron sih ya jadinya asal nulis komentar!;username tolol gak ada hubungan nya keguguran dgn pake hijab syar yg lo bilang bayi nya kepanasan didalem gak ada hubungan nya woyyyy otak sama jempol lo gak singkron sih ya jadinya asal nulis komentar;['username', 'tolol', 'gak', 'ada', 'hubungan', 'nya', 'keguguran', 'dgn', 'pake', 'hijab', 'syar', 'yg', 'lo', 'bilang', 'bayi', 'nya', 'kepanasan', 'didalem', 'gak', 'ada', 'hubungan', 'nya', 'woyyyy', 'otak', 'sama', 'jempol', 'lo', 'gak', 'singkron', 'sih', 'ya', 'jadinya', 'asal', 'nulis', 'komentar'];['username', 'tolol', 'gak', 'ada', 'hubungan', 'nya', 'keguguran', 'dgn', 'pake', 'hijab', 'syar', 'yg', 'lo', 'bilang', 'bayi', 'nya', 'kepanasan', 'didalem', 'gak', 'ada', 'hubungan', 'nya', 'woyyyy', 'otak', 'sama', 'jempol', 'lo', 'gak', 'singkron', 'sih', 'ya', 'jadinya', 'asal', 'nulis', 'komentar'];username tolol gak ada hubungan nya keguguran dgn pake hijab syar yg lo bilang bayi nya kepanasan didalem gak ada hubungan nya woyyyy otak sama jempol lo gak singkron sih ya jadinya asal nulis komentar;username tolol gak ada hubungan nya keguguran dgn pake hijab syar yg lo bilang bayi nya kepanasan didalem gak ada hubungan nya woyyyy otak sama jempol lo gak singkron sih ya jadinya asal nulis komentar;username tolol gak hubung gugur dgn pake hijab syar lo bilang bayi panas dalem gak hubung woyyyy otak sama jempol lo gak singkron ya jadi asal nulis komentar
1;1;0;Geblek lo tata...cowo bgt dibela2in balikan...hadeww...ntar ditinggal lg nyalahin tuh cowo...padahal kitenya yg oon.;geblek lo tata cowo bgt dibelain balikan hadeww ntar ditinggal lg nyalahin tuh cowo padahal kitenya yg oon;['geblek', 'lo', 'tata', 'cowo', 'bgt', 'dibelain', 'balikan', 'hadeww', 'ntar', 'ditinggal', 'lg', 'nyalahin', 'tuh', 'cowo', 'padahal', 'kitenya', 'yg', 'oon'];['geblek', 'lo', 'tata', 'cowo', 'bgt', 'dibelain', 'balikan', 'hadeww', 'ntar', 'ditinggal', 'lg', 'nyalahin', 'tuh', 'cowo', 'padahal', 'kitenya', 'yg', 'oon'];geblek lo tata cowo bgt dibelain balikan hadeww ntar ditinggal lg nyalahin tuh cowo padahal kitenya yg oon;geblek lo tata cowo bgt dibelain balikan hadeww ntar ditinggal lg nyalahin tuh cowo padahal kitenya yg oon;geblek lo tata cowo bgt bain balik hadeww ntar tinggal lg nyalahin tuh cowo padahal kitenya oon
2;2;0;Kmrn termewek2 skr lengket lg duhhh kok labil bgt sih mbak kya abege ajah ato yg kmrn cari sensasi biar top markotoppp ertong gk berkualitas;kmrn termewek skr lengket lg duhhh kok labil bgt sih mbak kya abege ajah ato yg kmrn cari sensasi biar top markotoppp ertong gk berkualitas;['kmrn', 'termewek', 'skr', 'lengket', 'lg', 'duhhh', 'kok', 'labil', 'bgt', 'sih', 'mbak', 'kya', 'abege', 'ajah', 'ato', 'yg', 'kmrn', 'cari', 'sensasi', 'biar', 'top', 'markotoppp', 'ertong', 'gk', 'berkualitas'];['kmrn', 'termewek', 'skr', 'lengket', 'lg', 'duhhh', 'kok', 'labil', 'bgt', 'sih', 'mbak', 'kya', 'abege', 'ajah', 'ato', 'yg', 'kmrn', 'cari', 'sensasi', 'biar', 'top', 'markotoppp', 'ertong', 'gk', 'berkualitas'];kmrn termewek skr lengket lg duhhh kok labil bgt sih mbak kya abege ajah ato yg kmrn cari sensasi biar top markotoppp ertong gk berkualitas;kmrn termewek skr lengket lg duhhh kok labil bgt sih mbak kya abege ajah ato yg kmrn cari sensasi biar top markotoppp ertong gk berkualitas;kmrn mewek skr lengket lg duhhh kok labil bgt mbak kya abege ajah ato kmrn cari sensasi biar top markotoppp ertong gk kualitas
3;3;0;Intinya kalau kesel dengan ATT nya, gausah ke anaknya juga. Kasian buat perkembangan psikis anak kedepannya. Itu orang bener bener tolol, skrg seandainya dia punya anak, terus anaknya dikatain sama orang yang benci sama dia, gimana perasaan dia ? Benci sama seseorang boleh, tapi harus tau batesnya ?? toh namanya manusia, gaakan semua jadi penyuka, pasti ada haters ??;intinya kalau kesel dengan att nya gausah ke anaknya juga kasian buat perkembangan psikis anak kedepannya itu orang bener bener tolol skrg seandainya dia punya anak terus anaknya dikatain sama orang yang benci sama dia gimana perasaan dia benci sama seseorang boleh tapi harus tau batesnya toh namanya manusia gaakan semua jadi penyuka pasti ada haters;['intinya', 'kalau', 'kesel', 'dengan', 'att', 'nya', 'gausah', 'ke', 'anaknya', 'juga', 'kasian', 'buat', 'perkembangan', 'psikis', 'anak', 'kedepannya', 'itu', 'orang', 'bener', 'bener', 'tolol', 'skrg', 'seandainya', 'dia', 'punya', 'anak', 'terus', 'anaknya', 'dikatain', 'sama', 'orang', 'yang', 'benci', 'sama', 'dia', 'gimana', 'perasaan', 'dia', 'benci', 'sama', 'seseorang', 'boleh', 'tapi', 'harus', 'tau', 'batesnya', 'toh', 'namanya', 'manusia', 'gaakan', 'semua', 'jadi', 'penyuka', 'pasti', 'ada', 'haters'];['intinya', 'kalau', 'kesel', 'dengan', 'att', 'nya', 'gausah', 'ke', 'anaknya', 'juga', 'kasian', 'buat', 'perkembangan', 'psikis', 'anak', 'kedepannya', 'itu', 'orang', 'bener', 'bener', 'tolol', 'skrg', 'seandainya', 'dia', 'punya', 'anak', 'terus', 'anaknya', 'dikatain', 'sama', 'orang', 'yang', 'benci', 'sama', 'dia', 'gimana', 'perasaan', 'dia', 'benci', 'sama', 'seseorang', 'boleh', 'tapi', 'harus', 'tau', 'batesnya', 'toh', 'namanya', 'manusia', 'gaakan', 'semua', 'jadi', 'penyuka', 'pasti', 'ada', 'haters'];intinya kalau kesel dengan att nya gausah ke anaknya juga kasian buat perkembangan psikis anak kedepannya itu orang bener bener tolol skrg seandainya dia punya anak terus anaknya dikatain sama orang yang benci sama dia gimana perasaan dia benci sama seseorang boleh tapi harus tau batesnya toh namanya manusia gaakan semua jadi penyuka pasti ada haters;intinya kalau kesel dengan att nya gausah ke anaknya juga kasian buat perkembangan psikis anak kedepannya itu orang bener bener tolol skrg seandainya dia punya anak terus anaknya dikatain sama orang yang benci sama dia gimana perasaan dia benci sama seseorang boleh tapi harus tau batesnya toh namanya manusia gaakan semua jadi penyuka pasti ada haters;inti kalau kesel att gausah anak kasi buat kembang psikis anak depan orang bener bener tolol skrg anda punya anak terus anak dikatain sama orang benci sama gimana asa benci sama orang tapi tau batesnya nama manusia gaakan semua jadi suka ada haters
4;4;0;hadewwwww permpuan itu lg!!!!sakit jiwa,knp harus dia yg jd peran utama di film hantu jeruk purut,ky khabisan stok Artis ja;hadewwwww permpuan itu lg sakit jiwa knp harus dia yg jd peran utama di film hantu jeruk purut ky khabisan stok artis ja;['hadewwwww', 'permpuan', 'itu', 'lg', 'sakit', 'jiwa', 'knp', 'harus', 'dia', 'yg', 'jd', 'peran', 'utama', 'di', 'film', 'hantu', 'jeruk', 'purut', 'ky', 'khabisan', 'stok', 'artis', 'ja'];['hadewwwww', 'permpuan', 'itu', 'lg', 'sakit', 'jiwa', 'knp', 'harus', 'dia', 'yg', 'jd', 'peran', 'utama', 'di', 'film', 'hantu', 'jeruk', 'purut', 'ky', 'khabisan', 'stok', 'artis', 'ja'];hadewwwww permpuan itu lg sakit jiwa knp harus dia yg jd peran utama di film hantu jeruk purut ky khabisan stok artis ja;hadewwwww permpuan itu lg sakit jiwa knp harus dia yg jd peran utama di film hantu jeruk purut ky khabisan stok artis ja;hadewwwww permpuan lg sakit jiwa knp dia jd peran utama film hantu jeruk purut ky khabis stok artis ja
5;5;0;Pantesan di tinggalin laki, ya lakinya juga mikir kali kalau perempuannya kayagni. Ngurus diri aja dia gak becus gimana ngurus anak, mending anak sama bapake nya aja bener didiknya;pantesan di tinggalin laki ya lakinya juga mikir kali kalau perempuannya kayagni ngurus diri aja dia gak becus gimana ngurus anak mending anak sama bapake nya aja bener didiknya;['pantesan', 'di', 'tinggalin', 'laki', 'ya', 'lakinya', 'juga', 'mikir', 'kali', 'kalau', 'perempuannya', 'kayagni', 'ngurus', 'diri', 'aja', 'dia', 'gak', 'becus', 'gimana', 'ngurus', 'anak', 'mending', 'anak', 'sama', 'bapake', 'nya', 'aja', 'bener', 'didiknya'];['pantesan', 'di', 'tinggalin', 'laki', 'ya', 'lakinya', 'juga', 'mikir', 'kali', 'kalau', 'perempuannya', 'kayagni', 'ngurus', 'diri', 'aja', 'dia', 'gak', 'becus', 'gimana', 'ngurus', 'anak', 'mending', 'anak', 'sama', 'bapake', 'nya', 'aja', 'bener', 'didiknya'];pantesan di tinggalin laki ya lakinya juga mikir kali kalau perempuannya kayagni ngurus diri aja dia gak becus gimana ngurus anak mending anak sama bapake nya aja bener didiknya;pantesan di tinggalin laki ya lakinya juga mikir kali kalau perempuannya kayagni ngurus diri aja dia gak becus gimana ngurus anak mending anak sama bapake nya aja bener didiknya;pantesan tinggalin laki laki mikir kali kalau perempuan kayagni ngurus diri aja gak becus gimana ngurus anak mending anak sama bapake aja bener didik
6;6;0;"kebiasaan balajaer nyampah d ig para artis..suka2 yg punya ig lah mau bikin caption apa,kok balajaer yg heboh dan asik ceramahin yg punya ig.tar lama2 d bikinin lagu sm teh melly loh balajaer yg berjudul""ketika balajaer bersabda""demi seonggak koin laknat nya.balajaer ngamuk berarti mengiyakan banget koin laknat nya jd penggoda d rt nya gigi.duh elah balajaer kami smua tau kale kelakuan biduan lo itu kek apa.minus segala2nya!lagi masih d bela mati2an,pd sakit jiwa";kebiasaan balajaer nyampah ig para artis suka yg punya ig lah mau bikin caption apa kok balajaer yg heboh dan asik ceramahin yg punya ig tar lama bikinin lagu sm teh melly loh balajaer yg berjudulketika balajaer bersabdademi seonggak koin laknat nya balajaer ngamuk berarti mengiyakan banget koin laknat nya jd penggoda rt nya gigi duh elah balajaer kami smua tau kale kelakuan biduan lo itu kek apa minus segalanya lagi masih bela matian pd sakit jiwa;['kebiasaan', 'balajaer', 'nyampah', 'ig', 'para', 'artis', 'suka', 'yg', 'punya', 'ig', 'lah', 'mau', 'bikin', 'caption', 'apa', 'kok', 'balajaer', 'yg', 'heboh', 'dan', 'asik', 'ceramahin', 'yg', 'punya', 'ig', 'tar', 'lama', 'bikinin', 'lagu', 'sm', 'teh', 'melly', 'loh', 'balajaer', 'yg', 'berjudulketika', 'balajaer', 'bersabdademi', 'seonggak', 'koin', 'laknat', 'nya', 'balajaer', 'ngamuk', 'berarti', 'mengiyakan', 'banget', 'koin', 'laknat', 'nya', 'jd', 'penggoda', 'rt', 'nya', 'gigi', 'duh', 'elah', 'balajaer', 'kami', 'smua', 'tau', 'kale', 'kelakuan', 'biduan', 'lo', 'itu', 'kek', 'apa', 'minus', 'segalanya', 'lagi', 'masih', 'bela', 'matian', 'pd', 'sakit', 'jiwa'];['kebiasaan', 'balajaer', 'nyampah', 'ig', 'para', 'artis', 'suka', 'yg', 'punya', 'ig', 'lah', 'mau', 'bikin', 'caption', 'apa', 'kok', 'balajaer', 'yg', 'heboh', 'dan', 'asik', 'ceramahin', 'yg', 'punya', 'ig', 'tar', 'lama', 'bikinin', 'lagu', 'sm', 'teh', 'melly', 'loh', 'balajaer', 'yg', 'berjudulketika', 'balajaer', 'bersabdademi', 'seonggak', 'koin', 'laknat', 'nya', 'balajaer', 'ngamuk', 'berarti', 'mengiyakan', 'banget', 'koin', 'laknat', 'nya', 'jd', 'penggoda', 'rt', 'nya', 'gigi', 'duh', 'elah', 'balajaer', 'kami', 'smua', 'tau', 'kale', 'kelakuan', 'biduan', 'lo', 'itu', 'kek', 'apa', 'minus', 'segalanya', 'lagi', 'masih', 'bela', 'matian', 'pd', 'sakit', 'jiwa'];kebiasaan balajaer nyampah ig para artis suka yg punya ig lah mau bikin caption apa kok balajaer yg heboh dan asik ceramahin yg punya ig tar lama bikinin lagu sm teh melly loh balajaer yg berjudulketika balajaer bersabdademi seonggak koin laknat nya balajaer ngamuk berarti mengiyakan banget koin laknat nya jd penggoda rt nya gigi duh elah balajaer kami smua tau kale kelakuan biduan lo itu kek apa minus segalanya lagi masih bela matian pd sakit jiwa;kebiasaan balajaer nyampah ig para artis suka yg punya ig lah mau bikin caption apa kok balajaer yg heboh dan asik ceramahin yg punya ig tar lama bikinin lagu sm teh melly loh balajaer yg berjudulketika balajaer bersabdademi seonggak koin laknat nya balajaer ngamuk berarti mengiyakan banget koin laknat nya jd penggoda rt nya gigi duh elah balajaer kami smua tau kale kelakuan biduan lo itu kek apa minus segalanya lagi masih bela matian pd sakit jiwa;biasa balajaer nyampah ig artis suka punya ig mau bikin caption apa kok balajaer heboh asik ceramahin punya ig tar lama bikinin lagu sm teh melly balajaer berjudulketika balajaer bersabdademi seonggak koin laknat balajaer ngamuk arti iya banget koin laknat jd goda nya gigi duh elah balajaer smua tau kale laku biduan lo kek apa minus segala masih bela mati pd sakit jiwa
7;7;0;krn sebagian besar rakyat indonesia itu bodoh. Tdk bisa membedakan mana yg baik mana yg buruk. Sdh tau prilaku buruk tdk tau sopan santun itu yg dipilih jd panutan. Lebih mengidolakan yg murahan dr pd yg berkelas dan ber etika;krn sebagian besar rakyat indonesia itu bodoh tdk bisa membedakan mana yg baik mana yg buruk sdh tau prilaku buruk tdk tau sopan santun itu yg dipilih jd panutan lebih mengidolakan yg murahan dr pd yg berkelas dan ber etika;['krn', 'sebagian', 'besar', 'rakyat', 'indonesia', 'itu', 'bodoh', 'tdk', 'bisa', 'membedakan', 'mana', 'yg', 'baik', 'mana', 'yg', 'buruk', 'sdh', 'tau', 'prilaku', 'buruk', 'tdk', 'tau', 'sopan', 'santun', 'itu', 'yg', 'dipilih', 'jd', 'panutan', 'lebih', 'mengidolakan', 'yg', 'murahan', 'dr', 'pd', 'yg', 'berkelas', 'dan', 'ber', 'etika'];['krn', 'sebagian', 'besar', 'rakyat', 'indonesia', 'itu', 'bodoh', 'tdk', 'bisa', 'membedakan', 'mana', 'yg', 'baik', 'mana', 'yg', 'buruk', 'sdh', 'tau', 'prilaku', 'buruk', 'tdk', 'tau', 'sopan', 'santun', 'itu', 'yg', 'dipilih', 'jd', 'panutan', 'lebih', 'mengidolakan', 'yg', 'murahan', 'dr', 'pd', 'yg', 'berkelas', 'dan', 'ber', 'etika'];krn sebagian besar rakyat indonesia itu bodoh tdk bisa membedakan mana yg baik mana yg buruk sdh tau prilaku buruk tdk tau sopan santun itu yg dipilih jd panutan lebih mengidolakan yg murahan dr pd yg berkelas dan ber etika;krn sebagian besar rakyat indonesia itu bodoh tdk bisa membedakan mana yg baik mana yg buruk sdh tau prilaku buruk tdk tau sopan santun itu yg dipilih jd panutan lebih mengidolakan yg murahan dr pd yg berkelas dan ber etika;krn bagi besar rakyat indonesia bodoh tdk beda mana baik mana buruk sdh tau prilaku buruk tdk tau sopan santun pilih jd panutan lebih idola murah dr pd yg kelas ber etika
8;8;0;ayu janda bego pny suami kpn nikah laginya?;ayu janda bego pny suami kpn nikah laginya;['ayu', 'janda', 'bego', 'pny', 'suami', 'kpn', 'nikah', 'laginya'];['ayu', 'janda', 'bego', 'pny', 'suami', 'kpn', 'nikah', 'laginya'];ayu janda bego pny suami kpn nikah laginya;ayu janda bego pny suami kpn nikah laginya;ayu janda bego pny suami kpn nikah lagi
9;9;0;Anyiennnnggg.. Suaranya ancur banget, lebih merdu tukang gorengan;anyiennnnggg suaranya ancur banget lebih merdu tukang gorengan;['anyiennnnggg', 'suaranya', 'ancur', 'banget', 'lebih', 'merdu', 'tukang', 'gorengan'];['anyiennnnggg', 'suaranya', 'ancur', 'banget', 'lebih', 'merdu', 'tukang', 'gorengan'];anyiennnnggg suaranya ancur banget lebih merdu tukang gorengan;anyiennnnggg suaranya ancur banget lebih merdu tukang gorengan;anyiennnnggg suara ancur banget lebih merdu tukang goreng
10;10;0;Syarat sah nikah menurut agama islam hanya 5 yaitu : adanya CPP, adanya CPW, saksi, wali nikah dan mas kawin/mahar. Perkara makeup gak manglingi bukan syarat sah pernikahan. Sekalipun gak makeup tapi syarat yg 5 tersebut terpenuhi maka pernikahannya SAH yak emak emak julids;syarat sah nikah menurut agama islam hanya   yaitu adanya cpp adanya cpw saksi wali nikah dan mas kawinmahar perkara makeup gak manglingi bukan syarat sah pernikahan sekalipun gak makeup tapi syarat yg   tersebut terpenuhi maka pernikahannya sah yak emak emak julids;['syarat', 'sah', 'nikah', 'menurut', 'agama', 'islam', 'hanya', 'yaitu', 'adanya', 'cpp', 'adanya', 'cpw', 'saksi', 'wali', 'nikah', 'dan', 'mas', 'kawinmahar', 'perkara', 'makeup', 'gak', 'manglingi', 'bukan', 'syarat', 'sah', 'pernikahan', 'sekalipun', 'gak', 'makeup', 'tapi', 'syarat', 'yg', 'tersebut', 'terpenuhi', 'maka', 'pernikahannya', 'sah', 'yak', 'emak', 'emak', 'julids'];['syarat', 'sah', 'nikah', 'menurut', 'agama', 'islam', 'hanya', 'yaitu', 'adanya', 'cpp', 'adanya', 'cpw', 'saksi', 'wali', 'nikah', 'dan', 'mas', 'kawinmahar', 'perkara', 'makeup', 'gak', 'manglingi', 'bukan', 'syarat', 'sah', 'pernikahan', 'sekalipun', 'gak', 'makeup', 'tapi', 'syarat', 'yg', 'tersebut', 'terpenuhi', 'maka', 'pernikahannya', 'sah', 'yak', 'emak', 'emak', 'julids'];syarat sah nikah menurut agama islam hanya yaitu adanya cpp adanya cpw saksi wali nikah dan mas kawinmahar perkara makeup gak manglingi bukan syarat sah pernikahan sekalipun gak makeup tapi syarat yg tersebut terpenuhi maka pernikahannya sah yak emak emak julids;syarat sah nikah menurut agama islam hanya yaitu adanya cpp adanya cpw saksi wali nikah dan mas kawinmahar perkara makeup gak manglingi bukan syarat sah pernikahan sekalipun gak makeup tapi syarat yg tersebut terpenuhi maka pernikahannya sah yak emak emak julids;syarat sah nikah agama islam yaitu ada cpp ada cpw saksi wali nikah mas kawinmahar perkara makeup gak manglingi bukan syarat sah nikah sekalipun gak makeup syarat sebut penuh nikah sah yak emak emak julids
11;11;0;Cewek gatau diri nih, ngerebut pacar org. Udh mana punya abang yg ngedukung sifat jeleknya lg. Ckck;cewek gatau diri nih ngerebut pacar org udh mana punya abang yg ngedukung sifat jeleknya lg ckck;['cewek', 'gatau', 'diri', 'nih', 'ngerebut', 'pacar', 'org', 'udh', 'mana', 'punya', 'abang', 'yg', 'ngedukung', 'sifat', 'jeleknya', 'lg', 'ckck'];['cewek', 'gatau', 'diri', 'nih', 'ngerebut', 'pacar', 'org', 'udh', 'mana', 'punya', 'abang', 'yg', 'ngedukung', 'sifat', 'jeleknya', 'lg', 'ckck'];cewek gatau diri nih ngerebut pacar org udh mana punya abang yg ngedukung sifat jeleknya lg ckck;cewek gatau diri nih ngerebut pacar org udh mana punya abang yg ngedukung sifat jeleknya lg ckck;cewek gatau diri nih ngerebut pacar org udh mana punya abang ngedukung sifat jelek lg ckck
12;12;0; <USERNAME> eh... Situ siapa??? Kids jaman now ya kebanyakan micin.. Mna kata aku yg ngina??? Bego dipelihara??????;username eh situ siapa kids jaman now ya kebanyakan micin mna kata aku yg ngina bego dipelihara;['username', 'eh', 'situ', 'siapa', 'kids', 'jaman', 'now', 'ya', 'kebanyakan', 'micin', 'mna', 'kata', 'aku', 'yg', 'ngina', 'bego', 'dipelihara'];['username', 'eh', 'situ', 'siapa', 'kids', 'jaman', 'now', 'ya', 'kebanyakan', 'micin', 'mna', 'kata', 'aku', 'yg', 'ngina', 'bego', 'dipelihara'];username eh situ siapa kids jaman now ya kebanyakan micin mna kata aku yg ngina bego dipelihara;username eh situ siapa kids jaman now ya kebanyakan micin mna kata aku yg ngina bego dipelihara;username situ siapa kids jaman now banyak micin mna kata aku ngina bego pelihara
13;13;0;Jijik liatnya suer deh minceeee;jijik liatnya suer deh minceeee;['jijik', 'liatnya', 'suer', 'deh', 'minceeee'];['jijik', 'liatnya', 'suer', 'deh', 'minceeee'];jijik liatnya suer deh minceeee;jijik liatnya suer deh minceeee;jijik liat suer deh minceeee
14;14;0;"Emang bukan hal tabu ciuman gitu (iya emang) tapi yg bikin eneg itu ""PENCITRAAN"" nya yg sok alim sok baik sok bijak dan sok sok yg lainya. Seandainya dia lebih apa adanya itu lebih baik dari pada pencitraan. Bukan sok alim atau sok suci serius!";emang bukan hal tabu ciuman gitu iya emang tapi yg bikin eneg itu pencitraan nya yg sok alim sok baik sok bijak dan sok sok yg lainya seandainya dia lebih apa adanya itu lebih baik dari pada pencitraan bukan sok alim atau sok suci serius;['emang', 'bukan', 'hal', 'tabu', 'ciuman', 'gitu', 'iya', 'emang', 'tapi', 'yg', 'bikin', 'eneg', 'itu', 'pencitraan', 'nya', 'yg', 'sok', 'alim', 'sok', 'baik', 'sok', 'bijak', 'dan', 'sok', 'sok', 'yg', 'lainya', 'seandainya', 'dia', 'lebih', 'apa', 'adanya', 'itu', 'lebih', 'baik', 'dari', 'pada', 'pencitraan', 'bukan', 'sok', 'alim', 'atau', 'sok', 'suci', 'serius'];['emang', 'bukan', 'hal', 'tabu', 'ciuman', 'gitu', 'iya', 'emang', 'tapi', 'yg', 'bikin', 'eneg', 'itu', 'pencitraan', 'nya', 'yg', 'sok', 'alim', 'sok', 'baik', 'sok', 'bijak', 'dan', 'sok', 'sok', 'yg', 'lainya', 'seandainya', 'dia', 'lebih', 'apa', 'adanya', 'itu', 'lebih', 'baik', 'dari', 'pada', 'pencitraan', 'bukan', 'sok', 'alim', 'atau', 'sok', 'suci', 'serius'];emang bukan hal tabu ciuman gitu iya emang tapi yg bikin eneg itu pencitraan nya yg sok alim sok baik sok bijak dan sok sok yg lainya seandainya dia lebih apa adanya itu lebih baik dari pada pencitraan bukan sok alim atau sok suci serius;emang bukan hal tabu ciuman gitu iya emang tapi yg bikin eneg itu pencitraan nya yg sok alim sok baik sok bijak dan sok sok yg lainya seandainya dia lebih apa adanya itu lebih baik dari pada pencitraan bukan sok alim atau sok suci serius;emang bukan tabu cium gitu iya emang bikin eneg citra yg sok alim sok baik sok bijak sok sok yg lai anda lebih apa ada lebih baik pada citra bukan sok alim sok suci serius
15;15;0;Yg jd masalah disini adalah 1. mereka ciuman dpn org bnyk yg SEHARUSNYA sih punya rasa MALU, kecuali mgkn lg mabok jd gak ada rasa malu. 2. Mereka berteman?? Helooow sebuah pertemanan tdk akan melibatkan ciuman BIBIR, coba aja kalian bayangin, sanggup gak ciuman bibir ma TEMAN? pasti lbh dr teman lah itu. Dasar Kelakuan Kids jaman now yg emg bego, bukan krn kebanyakan micin lho yah ??;yg jd masalah disini adalah   mereka ciuman dpn org bnyk yg seharusnya sih punya rasa malu kecuali mgkn lg mabok jd gak ada rasa malu   mereka berteman helooow sebuah pertemanan tdk akan melibatkan ciuman bibir coba aja kalian bayangin sanggup gak ciuman bibir ma teman pasti lbh dr teman lah itu dasar kelakuan kids jaman now yg emg bego bukan krn kebanyakan micin lho yah;['yg', 'jd', 'masalah', 'disini', 'adalah', 'mereka', 'ciuman', 'dpn', 'org', 'bnyk', 'yg', 'seharusnya', 'sih', 'punya', 'rasa', 'malu', 'kecuali', 'mgkn', 'lg', 'mabok', 'jd', 'gak', 'ada', 'rasa', 'malu', 'mereka', 'berteman', 'helooow', 'sebuah', 'pertemanan', 'tdk', 'akan', 'melibatkan', 'ciuman', 'bibir', 'coba', 'aja', 'kalian', 'bayangin', 'sanggup', 'gak', 'ciuman', 'bibir', 'ma', 'teman', 'pasti', 'lbh', 'dr', 'teman', 'lah', 'itu', 'dasar', 'kelakuan', 'kids', 'jaman', 'now', 'yg', 'emg', 'bego', 'bukan', 'krn', 'kebanyakan', 'micin', 'lho', 'yah'];['yg', 'jd', 'masalah', 'disini', 'adalah', 'mereka', 'ciuman', 'dpn', 'org', 'bnyk', 'yg', 'seharusnya', 'sih', 'punya', 'rasa', 'malu', 'kecuali', 'mgkn', 'lg', 'mabok', 'jd', 'gak', 'ada', 'rasa', 'malu', 'mereka', 'berteman', 'helooow', 'sebuah', 'pertemanan', 'tdk', 'akan', 'melibatkan', 'ciuman', 'bibir', 'coba', 'aja', 'kalian', 'bayangin', 'sanggup', 'gak', 'ciuman', 'bibir', 'ma', 'teman', 'pasti', 'lbh', 'dr', 'teman', 'lah', 'itu', 'dasar', 'kelakuan', 'kids', 'jaman', 'now', 'yg', 'emg', 'bego', 'bukan', 'krn', 'kebanyakan', 'micin', 'lho', 'yah'];yg jd masalah disini adalah mereka ciuman dpn org bnyk yg seharusnya sih punya rasa malu kecuali mgkn lg mabok jd gak ada rasa malu mereka berteman helooow sebuah pertemanan tdk akan melibatkan ciuman bibir coba aja kalian bayangin sanggup gak ciuman bibir ma teman pasti lbh dr teman lah itu dasar kelakuan kids jaman now yg emg bego bukan krn kebanyakan micin lho yah;yg jd masalah disini adalah mereka ciuman dpn org bnyk yg seharusnya sih punya rasa malu kecuali mgkn lg mabok jd gak ada rasa malu mereka berteman helooow sebuah pertemanan tdk akan melibatkan ciuman bibir coba aja kalian bayangin sanggup gak ciuman bibir ma teman pasti lbh dr teman lah itu dasar kelakuan kids jaman now yg emg bego bukan krn kebanyakan micin lho yah;jd masalah sini cium dpn org bnyk harus punya rasa malu mgkn lg mabok jd gak rasa malu mereka teman helooow buah teman tdk libat cium bibir coba aja kalian bayangin sanggup gak cium bibir ma teman lbh dr teman itu dasar laku kids jaman now emg bego bukan krn banyak micin lho yah
16;16;0;Anjing nya ngamuk..hidup kok dmana2 pny musuh..udh kliatan mna yg baik dan bukan..org baik ga pny byk musuh..;anjing nya ngamuk hidup kok dmana pny musuh udh kliatan mna yg baik dan bukan org baik ga pny byk musuh;['anjing', 'nya', 'ngamuk', 'hidup', 'kok', 'dmana', 'pny', 'musuh', 'udh', 'kliatan', 'mna', 'yg', 'baik', 'dan', 'bukan', 'org', 'baik', 'ga', 'pny', 'byk', 'musuh'];['anjing', 'nya', 'ngamuk', 'hidup', 'kok', 'dmana', 'pny', 'musuh', 'udh', 'kliatan', 'mna', 'yg', 'baik', 'dan', 'bukan', 'org', 'baik', 'ga', 'pny', 'byk', 'musuh'];anjing nya ngamuk hidup kok dmana pny musuh udh kliatan mna yg baik dan bukan org baik ga pny byk musuh;anjing nya ngamuk hidup kok dmana pny musuh udh kliatan mna yg baik dan bukan org baik ga pny byk musuh;anjing ngamuk hidup kok dmana pny musuh udh kliatan mna baik bukan org baik ga pny byk musuh
17;17;0; <USERNAME> ahhh katanya jaga ucapan, lahh ucapan dia ngk dijaga sendiri.. dasar munafik.. dasar betina zaman now ellu kali yangg kelebihan micin.. loe sendiri otak loe kan di selangkangan mana paham.. semoga Tuhan ampunin kemunafikan loe cun;username ahhh katanya jaga ucapan lahh ucapan dia ngk dijaga sendiri dasar munafik dasar betina zaman now ellu kali yangg kelebihan micin loe sendiri otak loe kan di selangkangan mana paham semoga tuhan ampunin kemunafikan loe cun;['username', 'ahhh', 'katanya', 'jaga', 'ucapan', 'lahh', 'ucapan', 'dia', 'ngk', 'dijaga', 'sendiri', 'dasar', 'munafik', 'dasar', 'betina', 'zaman', 'now', 'ellu', 'kali', 'yangg', 'kelebihan', 'micin', 'loe', 'sendiri', 'otak', 'loe', 'kan', 'di', 'selangkangan', 'mana', 'paham', 'semoga', 'tuhan', 'ampunin', 'kemunafikan', 'loe', 'cun'];['username', 'ahhh', 'katanya', 'jaga', 'ucapan', 'lahh', 'ucapan', 'dia', 'ngk', 'dijaga', 'sendiri', 'dasar', 'munafik', 'dasar', 'betina', 'zaman', 'now', 'ellu', 'kali', 'yangg', 'kelebihan', 'micin', 'loe', 'sendiri', 'otak', 'loe', 'kan', 'di', 'selangkangan', 'mana', 'paham', 'semoga', 'tuhan', 'ampunin', 'kemunafikan', 'loe', 'cun'];username ahhh katanya jaga ucapan lahh ucapan dia ngk dijaga sendiri dasar munafik dasar betina zaman now ellu kali yangg kelebihan micin loe sendiri otak loe kan di selangkangan mana paham semoga tuhan ampunin kemunafikan loe cun;username ahhh katanya jaga ucapan lahh ucapan dia ngk dijaga sendiri dasar munafik dasar betina zaman now ellu kali yangg kelebihan micin loe sendiri otak loe kan di selangkangan mana paham semoga tuhan ampunin kemunafikan loe cun;username ahhh kata jaga ucap lahh ucap ngk jaga sendiri dasar munafik dasar betina zaman now ellu kali yangg lebih micin loe sendiri otak loe kan selangkang mana paham moga tuhan ampunin munafik loe cun
18;18;0; <USERNAME> yaa ampun ini upil naruto,, kata2nya makin mencerminkan klo dia yg sebenarnya pecun.????pengalaman banget lu yaa. Kesian. Gua jadi prihatin. Mati aj deh lu. Ngotorin dunia manusia macam kau.??;username yaa ampun ini upil naruto katanya makin mencerminkan klo dia yg sebenarnya pecun pengalaman banget lu yaa kesian gua jadi prihatin mati aj deh lu ngotorin dunia manusia macam kau;['username', 'yaa', 'ampun', 'ini', 'upil', 'naruto', 'katanya', 'makin', 'mencerminkan', 'klo', 'dia', 'yg', 'sebenarnya', 'pecun', 'pengalaman', 'banget', 'lu', 'yaa', 'kesian', 'gua', 'jadi', 'prihatin', 'mati', 'aj', 'deh', 'lu', 'ngotorin', 'dunia', 'manusia', 'macam', 'kau'];['username', 'yaa', 'ampun', 'ini', 'upil', 'naruto', 'katanya', 'makin', 'mencerminkan', 'klo', 'dia', 'yg', 'sebenarnya', 'pecun', 'pengalaman', 'banget', 'lu', 'yaa', 'kesian', 'gua', 'jadi', 'prihatin', 'mati', 'aj', 'deh', 'lu', 'ngotorin', 'dunia', 'manusia', 'macam', 'kau'];username yaa ampun ini upil naruto katanya makin mencerminkan klo dia yg sebenarnya pecun pengalaman banget lu yaa kesian gua jadi prihatin mati aj deh lu ngotorin dunia manusia macam kau;username yaa ampun ini upil naruto katanya makin mencerminkan klo dia yg sebenarnya pecun pengalaman banget lu yaa kesian gua jadi prihatin mati aj deh lu ngotorin dunia manusia macam kau;username yaa ampun upil naruto kata makin cermin klo yg benar pecun alam banget lu yaa kesi gua jadi prihatin mati aj deh lu ngotorin dunia manusia macam kau
19;19;0;Cuman jual goyangan yak, suara macam taik...;cuman jual goyangan yak suara macam taik;['cuman', 'jual', 'goyangan', 'yak', 'suara', 'macam', 'taik'];['cuman', 'jual', 'goyangan', 'yak', 'suara', 'macam', 'taik'];cuman jual goyangan yak suara macam taik;cuman jual goyangan yak suara macam taik;cuman jual goyang yak suara macam taik
20;20;0;Kasian ih nyari uang sampe segitunya;kasian ih nyari uang sampe segitunya;['kasian', 'ih', 'nyari', 'uang', 'sampe', 'segitunya'];['kasian', 'ih', 'nyari', 'uang', 'sampe', 'segitunya'];kasian ih nyari uang sampe segitunya;kasian ih nyari uang sampe segitunya;kasi ih nyari uang sampe segitunya
21;21;0;anjir tontonan yg sangat tidak bermutu!;anjir tontonan yg sangat tidak bermutu;['anjir', 'tontonan', 'yg', 'sangat', 'tidak', 'bermutu'];['anjir', 'tontonan', 'yg', 'sangat', 'tidak', 'bermutu'];anjir tontonan yg sangat tidak bermutu;anjir tontonan yg sangat tidak bermutu;anjir tonton sangat mutu
22;22;0;Dlu inul goyang ngebor baju ketat dcekal. Hrs ny ni jg dg sgja goyang dada mulu, suara ga sbrpa. Mrsk moral ank muda yg nnton bawaannya nafsu aja nanti ????;dlu inul goyang ngebor baju ketat dcekal hrs ny ni jg dg sgja goyang dada mulu suara ga sbrpa mrsk moral ank muda yg nnton bawaannya nafsu aja nanti;['dlu', 'inul', 'goyang', 'ngebor', 'baju', 'ketat', 'dcekal', 'hrs', 'ny', 'ni', 'jg', 'dg', 'sgja', 'goyang', 'dada', 'mulu', 'suara', 'ga', 'sbrpa', 'mrsk', 'moral', 'ank', 'muda', 'yg', 'nnton', 'bawaannya', 'nafsu', 'aja', 'nanti'];['dlu', 'inul', 'goyang', 'ngebor', 'baju', 'ketat', 'dcekal', 'hrs', 'ny', 'ni', 'jg', 'dg', 'sgja', 'goyang', 'dada', 'mulu', 'suara', 'ga', 'sbrpa', 'mrsk', 'moral', 'ank', 'muda', 'yg', 'nnton', 'bawaannya', 'nafsu', 'aja', 'nanti'];dlu inul goyang ngebor baju ketat dcekal hrs ny ni jg dg sgja goyang dada mulu suara ga sbrpa mrsk moral ank muda yg nnton bawaannya nafsu aja nanti;dlu inul goyang ngebor baju ketat dcekal hrs ny ni jg dg sgja goyang dada mulu suara ga sbrpa mrsk moral ank muda yg nnton bawaannya nafsu aja nanti;dlu inul goyang ngebor baju ketat dcekal hrs ny ni jg dg sgja goyang dada mulu suara ga sbrpa mrsk moral ank muda nnton bawa nafsu aja
23;23;0;Pnyanyi dangdut yg ga berkelas bgini nih... bukan'y nonjolin suara malah nonjolin dada;pnyanyi dangdut yg ga berkelas bgini nih bukan nonjolin suara malah nonjolin dada;['pnyanyi', 'dangdut', 'yg', 'ga', 'berkelas', 'bgini', 'nih', 'bukan', 'nonjolin', 'suara', 'malah', 'nonjolin', 'dada'];['pnyanyi', 'dangdut', 'yg', 'ga', 'berkelas', 'bgini', 'nih', 'bukan', 'nonjolin', 'suara', 'malah', 'nonjolin', 'dada'];pnyanyi dangdut yg ga berkelas bgini nih bukan nonjolin suara malah nonjolin dada;pnyanyi dangdut yg ga berkelas bgini nih bukan nonjolin suara malah nonjolin dada;pnyanyi dangdut ga kelas bgini nih bukan nonjolin suara malah nonjolin dada
24;24;0;Najis najis udh homo aja harusnya, org kaya gini di musnahkan dari muka bumi;najis najis udh homo aja harusnya org kaya gini di musnahkan dari muka bumi;['najis', 'najis', 'udh', 'homo', 'aja', 'harusnya', 'org', 'kaya', 'gini', 'di', 'musnahkan', 'dari', 'muka', 'bumi'];['najis', 'najis', 'udh', 'homo', 'aja', 'harusnya', 'org', 'kaya', 'gini', 'di', 'musnahkan', 'dari', 'muka', 'bumi'];najis najis udh homo aja harusnya org kaya gini di musnahkan dari muka bumi;najis najis udh homo aja harusnya org kaya gini di musnahkan dari muka bumi;najis najis udh homo aja harus org kaya gin musnah muka bumi
25;25;0;Haduuh ini orang gak punya akhlak bangeg, perasaan kerjaan berantem mulu, banyak musuhnya;haduuh ini orang gak punya akhlak bangeg perasaan kerjaan berantem mulu banyak musuhnya;['haduuh', 'ini', 'orang', 'gak', 'punya', 'akhlak', 'bangeg', 'perasaan', 'kerjaan', 'berantem', 'mulu', 'banyak', 'musuhnya'];['haduuh', 'ini', 'orang', 'gak', 'punya', 'akhlak', 'bangeg', 'perasaan', 'kerjaan', 'berantem', 'mulu', 'banyak', 'musuhnya'];haduuh ini orang gak punya akhlak bangeg perasaan kerjaan berantem mulu banyak musuhnya;haduuh ini orang gak punya akhlak bangeg perasaan kerjaan berantem mulu banyak musuhnya;haduuh orang gak punya akhlak bangeg asa kerja antem mulu banyak musuh
26;26;0;S lonte ini bkn sensasi ngjak ribut org mulu sampah;lonte ini bkn sensasi ngjak ribut org mulu sampah;['lonte', 'ini', 'bkn', 'sensasi', 'ngjak', 'ribut', 'org', 'mulu', 'sampah'];['lonte', 'ini', 'bkn', 'sensasi', 'ngjak', 'ribut', 'org', 'mulu', 'sampah'];lonte ini bkn sensasi ngjak ribut org mulu sampah;lonte ini bkn sensasi ngjak ribut org mulu sampah;lonte bkn sensasi ngjak ribut org mulu sampah
27;27;0;Kayak banci dh mirip nenek2 pny cucu . Mw di operasi di mua top ttp aj klo asli ny g cantik luar dlm..;kayak banci dh mirip nenek pny cucu mw di operasi di mua top ttp aj klo asli ny cantik luar dlm;['kayak', 'banci', 'dh', 'mirip', 'nenek', 'pny', 'cucu', 'mw', 'di', 'operasi', 'di', 'mua', 'top', 'ttp', 'aj', 'klo', 'asli', 'ny', 'cantik', 'luar', 'dlm'];['kayak', 'banci', 'dh', 'mirip', 'nenek', 'pny', 'cucu', 'mw', 'di', 'operasi', 'di', 'mua', 'top', 'ttp', 'aj', 'klo', 'asli', 'ny', 'cantik', 'luar', 'dlm'];kayak banci dh mirip nenek pny cucu mw di operasi di mua top ttp aj klo asli ny cantik luar dlm;kayak banci dh mirip nenek pny cucu mw di operasi di mua top ttp aj klo asli ny cantik luar dlm;kayak banci dh mirip nenek pny cucu mw operasi mua top ttp aj klo asli ny cantik luar dlm
28;28;0;Dan lebih bagus lagi kalo mingkem aja hahahahahaha jahatnya akuuu;dan lebih bagus lagi kalo mingkem aja hahahahahaha jahatnya akuuu;['dan', 'lebih', 'bagus', 'lagi', 'kalo', 'mingkem', 'aja', 'hahahahahaha', 'jahatnya', 'akuuu'];['dan', 'lebih', 'bagus', 'lagi', 'kalo', 'mingkem', 'aja', 'hahahahahaha', 'jahatnya', 'akuuu'];dan lebih bagus lagi kalo mingkem aja hahahahahaha jahatnya akuuu;dan lebih bagus lagi kalo mingkem aja hahahahahaha jahatnya akuuu;lebih bagus kalo mingkem aja hahahahahaha jahat akuuu
29;29;0;Walaupun Oplas ATAU dipermak sekalipun tetep jelek. POKOKNYA MUKANYA TEGANG KEK BANCI. UDAH SEKIAN??;walaupun oplas atau dipermak sekalipun tetep jelek pokoknya mukanya tegang kek banci udah sekian;['walaupun', 'oplas', 'atau', 'dipermak', 'sekalipun', 'tetep', 'jelek', 'pokoknya', 'mukanya', 'tegang', 'kek', 'banci', 'udah', 'sekian'];['walaupun', 'oplas', 'atau', 'dipermak', 'sekalipun', 'tetep', 'jelek', 'pokoknya', 'mukanya', 'tegang', 'kek', 'banci', 'udah', 'sekian'];walaupun oplas atau dipermak sekalipun tetep jelek pokoknya mukanya tegang kek banci udah sekian;walaupun oplas atau dipermak sekalipun tetep jelek pokoknya mukanya tegang kek banci udah sekian;walaupun oplas permak sekalipun tetep jelek pokok muka tegang kek banci udah sekian
30;30;0;Mending liat dek molen biarpun cowok tp cuantik, gak kaya ini cewe tp malah kayak bencong wkwkwk ??;mending liat dek molen biarpun cowok tp cuantik gak kaya ini cewe tp malah kayak bencong wkwkwk;['mending', 'liat', 'dek', 'molen', 'biarpun', 'cowok', 'tp', 'cuantik', 'gak', 'kaya', 'ini', 'cewe', 'tp', 'malah', 'kayak', 'bencong', 'wkwkwk'];['mending', 'liat', 'dek', 'molen', 'biarpun', 'cowok', 'tp', 'cuantik', 'gak', 'kaya', 'ini', 'cewe', 'tp', 'malah', 'kayak', 'bencong', 'wkwkwk'];mending liat dek molen biarpun cowok tp cuantik gak kaya ini cewe tp malah kayak bencong wkwkwk;mending liat dek molen biarpun cowok tp cuantik gak kaya ini cewe tp malah kayak bencong wkwkwk;mending liat dek molen biarpun cowok tp cuantik gak kaya cewe tp malah kayak bencong wkwkwk
31;31;0;bencong rombeng.menjijikan!!!gay jg.;bencong rombeng menjijikan gay jg;['bencong', 'rombeng', 'menjijikan', 'gay', 'jg'];['bencong', 'rombeng', 'menjijikan', 'gay', 'jg'];bencong rombeng menjijikan gay jg;bencong rombeng menjijikan gay jg;bencong rombeng jijik gay jg
32;32;0;Orang gila itu ???? pengen HITZ cri tenar rela dipenjara? Cari sensasi settingan supaya beken smpe hina2 org,,, astagfirullah... Sekaya apa sih??? Org kaya mulut nya ky sampah,ga sekolah ya???;orang gila itu pengen hitz cri tenar rela dipenjara cari sensasi settingan supaya beken smpe hina org astagfirullah sekaya apa sih org kaya mulut nya ky sampah ga sekolah ya;['orang', 'gila', 'itu', 'pengen', 'hitz', 'cri', 'tenar', 'rela', 'dipenjara', 'cari', 'sensasi', 'settingan', 'supaya', 'beken', 'smpe', 'hina', 'org', 'astagfirullah', 'sekaya', 'apa', 'sih', 'org', 'kaya', 'mulut', 'nya', 'ky', 'sampah', 'ga', 'sekolah', 'ya'];['orang', 'gila', 'itu', 'pengen', 'hitz', 'cri', 'tenar', 'rela', 'dipenjara', 'cari', 'sensasi', 'settingan', 'supaya', 'beken', 'smpe', 'hina', 'org', 'astagfirullah', 'sekaya', 'apa', 'sih', 'org', 'kaya', 'mulut', 'nya', 'ky', 'sampah', 'ga', 'sekolah', 'ya'];orang gila itu pengen hitz cri tenar rela dipenjara cari sensasi settingan supaya beken smpe hina org astagfirullah sekaya apa sih org kaya mulut nya ky sampah ga sekolah ya;orang gila itu pengen hitz cri tenar rela dipenjara cari sensasi settingan supaya beken smpe hina org astagfirullah sekaya apa sih org kaya mulut nya ky sampah ga sekolah ya;orang gila ken hitz cri tenar rela penjara cari sensasi settingan beken smpe hina org astagfirullah kaya apa org kaya mulut ky sampah ga sekolah
33;33;0;Cowok macam anjing cuihhh... Orang kaya tidak akan pernah berkoar gua orang yang ping kaya sedunia...karena semua orang juga tau klo dia orang kaya... Orang kaya malahn berperilaku sebagai mana orang sederhana buat apa memamerkan kekayaan di dunia di akhirat mampus lu harta kagak akan di bawa mati yang pants di buang ke laut itu lu orang yang paling anehhh;cowok macam anjing cuihhh orang kaya tidak akan pernah berkoar gua orang yang ping kaya sedunia karena semua orang juga tau klo dia orang kaya orang kaya malahn berperilaku sebagai mana orang sederhana buat apa memamerkan kekayaan di dunia di akhirat mampus lu harta kagak akan di bawa mati yang pants di buang ke laut itu lu orang yang paling anehhh;['cowok', 'macam', 'anjing', 'cuihhh', 'orang', 'kaya', 'tidak', 'akan', 'pernah', 'berkoar', 'gua', 'orang', 'yang', 'ping', 'kaya', 'sedunia', 'karena', 'semua', 'orang', 'juga', 'tau', 'klo', 'dia', 'orang', 'kaya', 'orang', 'kaya', 'malahn', 'berperilaku', 'sebagai', 'mana', 'orang', 'sederhana', 'buat', 'apa', 'memamerkan', 'kekayaan', 'di', 'dunia', 'di', 'akhirat', 'mampus', 'lu', 'harta', 'kagak', 'akan', 'di', 'bawa', 'mati', 'yang', 'pants', 'di', 'buang', 'ke', 'laut', 'itu', 'lu', 'orang', 'yang', 'paling', 'anehhh'];['cowok', 'macam', 'anjing', 'cuihhh', 'orang', 'kaya', 'tidak', 'akan', 'pernah', 'berkoar', 'gua', 'orang', 'yang', 'ping', 'kaya', 'sedunia', 'karena', 'semua', 'orang', 'juga', 'tau', 'klo', 'dia', 'orang', 'kaya', 'orang', 'kaya', 'malahn', 'berperilaku', 'sebagai', 'mana', 'orang', 'sederhana', 'buat', 'apa', 'memamerkan', 'kekayaan', 'di', 'dunia', 'di', 'akhirat', 'mampus', 'lu', 'harta', 'kagak', 'akan', 'di', 'bawa', 'mati', 'yang', 'pants', 'di', 'buang', 'ke', 'laut', 'itu', 'lu', 'orang', 'yang', 'paling', 'anehhh'];cowok macam anjing cuihhh orang kaya tidak akan pernah berkoar gua orang yang ping kaya sedunia karena semua orang juga tau klo dia orang kaya orang kaya malahn berperilaku sebagai mana orang sederhana buat apa memamerkan kekayaan di dunia di akhirat mampus lu harta kagak akan di bawa mati yang pants di buang ke laut itu lu orang yang paling anehhh;cowok macam anjing cuihhh orang kaya tidak akan pernah berkoar gua orang yang ping kaya sedunia karena semua orang juga tau klo dia orang kaya orang kaya malahn berperilaku sebagai mana orang sederhana buat apa memamerkan kekayaan di dunia di akhirat mampus lu harta kagak akan di bawa mati yang pants di buang ke laut itu lu orang yang paling anehhh;cowok macam anjing cuihhh orang kaya pernah koar gua orang ping kaya dunia semua orang tau klo orang kaya orang kaya malahn perilaku mana orang sederhana buat apa pamer kaya dunia akhirat mampus lu harta kagak akan bawa mati pants di buang laut lu orang paling anehhh
34;34;0;cari sensasi supaya tenar, trus banya folowers nya. gak gt gt jg kalee... darar orang setres, ngomong aja masih belepotan gk jelas gt. kamfungan;cari sensasi supaya tenar trus banya folowers nya gak gt gt jg kalee darar orang setres ngomong aja masih belepotan gk jelas gt kamfungan;['cari', 'sensasi', 'supaya', 'tenar', 'trus', 'banya', 'folowers', 'nya', 'gak', 'gt', 'gt', 'jg', 'kalee', 'darar', 'orang', 'setres', 'ngomong', 'aja', 'masih', 'belepotan', 'gk', 'jelas', 'gt', 'kamfungan'];['cari', 'sensasi', 'supaya', 'tenar', 'trus', 'banya', 'folowers', 'nya', 'gak', 'gt', 'gt', 'jg', 'kalee', 'darar', 'orang', 'setres', 'ngomong', 'aja', 'masih', 'belepotan', 'gk', 'jelas', 'gt', 'kamfungan'];cari sensasi supaya tenar trus banya folowers nya gak gt gt jg kalee darar orang setres ngomong aja masih belepotan gk jelas gt kamfungan;cari sensasi supaya tenar trus banya folowers nya gak gt gt jg kalee darar orang setres ngomong aja masih belepotan gk jelas gt kamfungan;cari sensasi tenar trus banya folowers gak gt gt jg kalee darar orang tres ngomong aja belepotan gk jelas gt kamfungan
35;35;0;ngomong aja belepotan banyak gaya lu bencong;ngomong aja belepotan banyak gaya lu bencong;['ngomong', 'aja', 'belepotan', 'banyak', 'gaya', 'lu', 'bencong'];['ngomong', 'aja', 'belepotan', 'banyak', 'gaya', 'lu', 'bencong'];ngomong aja belepotan banyak gaya lu bencong;ngomong aja belepotan banyak gaya lu bencong;ngomong aja belepotan banyak gaya lu bencong
36;36;0;Orang kebanyakAN makan TAIK ya gini!OTAKnya udah penuh sama TAIK jdi gak bisa berfikir positif!dari cara dia berbicara aja Gak BERMORAL!dasar kaum2 LAKNAT BANCI ANJING kbanyakan BURIT SIH LO jdi Stres!MANUSIA ogah JUMPA sama LO anjing!cuma ANJING yg mau ketemu sama LO taik!;orang kebanyakan makan taik ya gini otaknya udah penuh sama taik jdi gak bisa berfikir positif dari cara dia berbicara aja gak bermoral dasar kaum laknat banci anjing kbanyakan burit sih lo jdi stres manusia ogah jumpa sama lo anjing cuma anjing yg mau ketemu sama lo taik;['orang', 'kebanyakan', 'makan', 'taik', 'ya', 'gini', 'otaknya', 'udah', 'penuh', 'sama', 'taik', 'jdi', 'gak', 'bisa', 'berfikir', 'positif', 'dari', 'cara', 'dia', 'berbicara', 'aja', 'gak', 'bermoral', 'dasar', 'kaum', 'laknat', 'banci', 'anjing', 'kbanyakan', 'burit', 'sih', 'lo', 'jdi', 'stres', 'manusia', 'ogah', 'jumpa', 'sama', 'lo', 'anjing', 'cuma', 'anjing', 'yg', 'mau', 'ketemu', 'sama', 'lo', 'taik'];['orang', 'kebanyakan', 'makan', 'taik', 'ya', 'gini', 'otaknya', 'udah', 'penuh', 'sama', 'taik', 'jdi', 'gak', 'bisa', 'berfikir', 'positif', 'dari', 'cara', 'dia', 'berbicara', 'aja', 'gak', 'bermoral', 'dasar', 'kaum', 'laknat', 'banci', 'anjing', 'kbanyakan', 'burit', 'sih', 'lo', 'jdi', 'stres', 'manusia', 'ogah', 'jumpa', 'sama', 'lo', 'anjing', 'cuma', 'anjing', 'yg', 'mau', 'ketemu', 'sama', 'lo', 'taik'];orang kebanyakan makan taik ya gini otaknya udah penuh sama taik jdi gak bisa berfikir positif dari cara dia berbicara aja gak bermoral dasar kaum laknat banci anjing kbanyakan burit sih lo jdi stres manusia ogah jumpa sama lo anjing cuma anjing yg mau ketemu sama lo taik;orang kebanyakan makan taik ya gini otaknya udah penuh sama taik jdi gak bisa berfikir positif dari cara dia berbicara aja gak bermoral dasar kaum laknat banci anjing kbanyakan burit sih lo jdi stres manusia ogah jumpa sama lo anjing cuma anjing yg mau ketemu sama lo taik;orang banyak makan taik gin otak udah penuh sama taik jdi gak berfikir positif cara bicara aja gak moral dasar kaum laknat banci anjing kbanyakan burit lo jdi stres manusia ogah jumpa sama lo anjing cuma anjing mau ketemu sama lo taik
37;37;0;Sikat abiss lahh orng2 sialan kaya gini. Pemimpin negara sendiri gak di hormatin. Jgn mentang2 Bapak President kita terlalu baik jadi di sembarangin. Saya marah.. Gak boleh kita hina pemimpin kita sendiri.. Saya harap segera di tindak hukum orng iniÖ;sikat abiss lahh orng sialan kaya gini pemimpin negara sendiri gak di hormatin jgn mentang bapak president kita terlalu baik jadi di sembarangin saya marah gak boleh kita hina pemimpin kita sendiri saya harap segera di tindak hukum orng ini;['sikat', 'abiss', 'lahh', 'orng', 'sialan', 'kaya', 'gini', 'pemimpin', 'negara', 'sendiri', 'gak', 'di', 'hormatin', 'jgn', 'mentang', 'bapak', 'president', 'kita', 'terlalu', 'baik', 'jadi', 'di', 'sembarangin', 'saya', 'marah', 'gak', 'boleh', 'kita', 'hina', 'pemimpin', 'kita', 'sendiri', 'saya', 'harap', 'segera', 'di', 'tindak', 'hukum', 'orng', 'ini'];['sikat', 'abiss', 'lahh', 'orng', 'sialan', 'kaya', 'gini', 'pemimpin', 'negara', 'sendiri', 'gak', 'di', 'hormatin', 'jgn', 'mentang', 'bapak', 'president', 'kita', 'terlalu', 'baik', 'jadi', 'di', 'sembarangin', 'saya', 'marah', 'gak', 'boleh', 'kita', 'hina', 'pemimpin', 'kita', 'sendiri', 'saya', 'harap', 'segera', 'di', 'tindak', 'hukum', 'orng', 'ini'];sikat abiss lahh orng sialan kaya gini pemimpin negara sendiri gak di hormatin jgn mentang bapak president kita terlalu baik jadi di sembarangin saya marah gak boleh kita hina pemimpin kita sendiri saya harap segera di tindak hukum orng ini;sikat abiss lahh orng sialan kaya gini pemimpin negara sendiri gak di hormatin jgn mentang bapak president kita terlalu baik jadi di sembarangin saya marah gak boleh kita hina pemimpin kita sendiri saya harap segera di tindak hukum orng ini;sikat abiss lahh orng sial kaya gin pimpin negara sendiri gak hormatin jgn mentang bapak president terlalu baik jadi sembarangin marah gak hina pimpin kita sendiri harap segera tindak hukum orng
38;38;0;Jijik banget lihat tingkah si upil ini. Mudah2an secepatnya tidur selamanya;jijik banget lihat tingkah si upil ini mudahan secepatnya tidur selamanya;['jijik', 'banget', 'lihat', 'tingkah', 'si', 'upil', 'ini', 'mudahan', 'secepatnya', 'tidur', 'selamanya'];['jijik', 'banget', 'lihat', 'tingkah', 'si', 'upil', 'ini', 'mudahan', 'secepatnya', 'tidur', 'selamanya'];jijik banget lihat tingkah si upil ini mudahan secepatnya tidur selamanya;jijik banget lihat tingkah si upil ini mudahan secepatnya tidur selamanya;jijik banget lihat tingkah si upil mudah cepat tidur lama
39;39;0;WONG EDAN NIH ORANG, UDH MAKAN UANG RAKYAT TIDUR PULA;wong edan nih orang udh makan uang rakyat tidur pula;['wong', 'edan', 'nih', 'orang', 'udh', 'makan', 'uang', 'rakyat', 'tidur', 'pula'];['wong', 'edan', 'nih', 'orang', 'udh', 'makan', 'uang', 'rakyat', 'tidur', 'pula'];wong edan nih orang udh makan uang rakyat tidur pula;wong edan nih orang udh makan uang rakyat tidur pula;wong edan nih orang udh makan uang rakyat tidur
40;40;0;Manusia laknat, matinya di apain ya;manusia laknat matinya di apain ya;['manusia', 'laknat', 'matinya', 'di', 'apain', 'ya'];['manusia', 'laknat', 'matinya', 'di', 'apain', 'ya'];manusia laknat matinya di apain ya;manusia laknat matinya di apain ya;manusia laknat mati apain
41;41;0;Sakit di otak sama hatinya itu mah dia. Udah gak ada nurani dan urat malunya. Pajak saya loh yang ngegaji orang2 gila hormat ini;sakit di otak sama hatinya itu mah dia udah gak ada nurani dan urat malunya pajak saya loh yang ngegaji orang gila hormat ini;['sakit', 'di', 'otak', 'sama', 'hatinya', 'itu', 'mah', 'dia', 'udah', 'gak', 'ada', 'nurani', 'dan', 'urat', 'malunya', 'pajak', 'saya', 'loh', 'yang', 'ngegaji', 'orang', 'gila', 'hormat', 'ini'];['sakit', 'di', 'otak', 'sama', 'hatinya', 'itu', 'mah', 'dia', 'udah', 'gak', 'ada', 'nurani', 'dan', 'urat', 'malunya', 'pajak', 'saya', 'loh', 'yang', 'ngegaji', 'orang', 'gila', 'hormat', 'ini'];sakit di otak sama hatinya itu mah dia udah gak ada nurani dan urat malunya pajak saya loh yang ngegaji orang gila hormat ini;sakit di otak sama hatinya itu mah dia udah gak ada nurani dan urat malunya pajak saya loh yang ngegaji orang gila hormat ini;sakit otak sama hati mah udah gak nurani urat malu pajak loh ngegaji orang gila hormat
42;42;0;Anak babi bangsat pengen sumpel timah panas ke congor lu biar modar;anak babi bangsat pengen sumpel timah panas ke congor lu biar modar;['anak', 'babi', 'bangsat', 'pengen', 'sumpel', 'timah', 'panas', 'ke', 'congor', 'lu', 'biar', 'modar'];['anak', 'babi', 'bangsat', 'pengen', 'sumpel', 'timah', 'panas', 'ke', 'congor', 'lu', 'biar', 'modar'];anak babi bangsat pengen sumpel timah panas ke congor lu biar modar;anak babi bangsat pengen sumpel timah panas ke congor lu biar modar;anak babi bangsat ken sumpel timah panas congor lu biar modar
43;43;0;Pengen sumpel timah panas ke congor si anak babi pesek buruk rupa;pengen sumpel timah panas ke congor si anak babi pesek buruk rupa;['pengen', 'sumpel', 'timah', 'panas', 'ke', 'congor', 'si', 'anak', 'babi', 'pesek', 'buruk', 'rupa'];['pengen', 'sumpel', 'timah', 'panas', 'ke', 'congor', 'si', 'anak', 'babi', 'pesek', 'buruk', 'rupa'];pengen sumpel timah panas ke congor si anak babi pesek buruk rupa;pengen sumpel timah panas ke congor si anak babi pesek buruk rupa;ken sumpel timah panas congor si anak babi pesek buruk rupa
44;44;0;Hey anak bangsat babi pesek buruk rupa keriting.pengen penggal leher lu sampe putus??lumayan buat makanan buaya??;hey anak bangsat babi pesek buruk rupa keriting pengen penggal leher lu sampe putus lumayan buat makanan buaya;['hey', 'anak', 'bangsat', 'babi', 'pesek', 'buruk', 'rupa', 'keriting', 'pengen', 'penggal', 'leher', 'lu', 'sampe', 'putus', 'lumayan', 'buat', 'makanan', 'buaya'];['hey', 'anak', 'bangsat', 'babi', 'pesek', 'buruk', 'rupa', 'keriting', 'pengen', 'penggal', 'leher', 'lu', 'sampe', 'putus', 'lumayan', 'buat', 'makanan', 'buaya'];hey anak bangsat babi pesek buruk rupa keriting pengen penggal leher lu sampe putus lumayan buat makanan buaya;hey anak bangsat babi pesek buruk rupa keriting pengen penggal leher lu sampe putus lumayan buat makanan buaya;hey anak bangsat babi pesek buruk rupa keriting ken penggal leher lu sampe putus lumayan buat makan buaya
45;45;0;RATU PELAKOR SEJAGAT RAYA, DIMANA2 LONTE YA GAK PUNYA MALU. YG NGERASA LONTE DISINI TOLONG PUNYA MALU DIKIT;ratu pelakor sejagat raya dimana lonte ya gak punya malu yg ngerasa lonte disini tolong punya malu dikit;['ratu', 'pelakor', 'sejagat', 'raya', 'dimana', 'lonte', 'ya', 'gak', 'punya', 'malu', 'yg', 'ngerasa', 'lonte', 'disini', 'tolong', 'punya', 'malu', 'dikit'];['ratu', 'pelakor', 'sejagat', 'raya', 'dimana', 'lonte', 'ya', 'gak', 'punya', 'malu', 'yg', 'ngerasa', 'lonte', 'disini', 'tolong', 'punya', 'malu', 'dikit'];ratu pelakor sejagat raya dimana lonte ya gak punya malu yg ngerasa lonte disini tolong punya malu dikit;ratu pelakor sejagat raya dimana lonte ya gak punya malu yg ngerasa lonte disini tolong punya malu dikit;ratu pelakor jagat raya lonte gak punya malu ngerasa lonte sini punya malu dikit
46;46;0;Wah ini mahhhh pertemuan buah ranum dan buah busuk ??....dah tau dong yg busuk yg manah ??????????....mentok2nya mah gitu aja kalo pelakor??;wah ini mahhhh pertemuan buah ranum dan buah busuk dah tau dong yg busuk yg manah mentoknya mah gitu aja kalo pelakor;['wah', 'ini', 'mahhhh', 'pertemuan', 'buah', 'ranum', 'dan', 'buah', 'busuk', 'dah', 'tau', 'dong', 'yg', 'busuk', 'yg', 'manah', 'mentoknya', 'mah', 'gitu', 'aja', 'kalo', 'pelakor'];['wah', 'ini', 'mahhhh', 'pertemuan', 'buah', 'ranum', 'dan', 'buah', 'busuk', 'dah', 'tau', 'dong', 'yg', 'busuk', 'yg', 'manah', 'mentoknya', 'mah', 'gitu', 'aja', 'kalo', 'pelakor'];wah ini mahhhh pertemuan buah ranum dan buah busuk dah tau dong yg busuk yg manah mentoknya mah gitu aja kalo pelakor;wah ini mahhhh pertemuan buah ranum dan buah busuk dah tau dong yg busuk yg manah mentoknya mah gitu aja kalo pelakor;wah mahhhh temu buah ranum buah busuk dah tau dong busuk manah mentok gitu aja kalo pelakor
47;47;0;Ah manda mah gatel, ga bisa liyat cowo dikit lgsg disosor.. Begok aje yg mau ama manda . kegatelan jadi cewe;ah manda mah gatel ga bisa liyat cowo dikit lgsg disosor begok aje yg mau ama manda kegatelan jadi cewe;['ah', 'manda', 'mah', 'gatel', 'ga', 'bisa', 'liyat', 'cowo', 'dikit', 'lgsg', 'disosor', 'begok', 'aje', 'yg', 'mau', 'ama', 'manda', 'kegatelan', 'jadi', 'cewe'];['ah', 'manda', 'mah', 'gatel', 'ga', 'bisa', 'liyat', 'cowo', 'dikit', 'lgsg', 'disosor', 'begok', 'aje', 'yg', 'mau', 'ama', 'manda', 'kegatelan', 'jadi', 'cewe'];ah manda mah gatel ga bisa liyat cowo dikit lgsg disosor begok aje yg mau ama manda kegatelan jadi cewe;ah manda mah gatel ga bisa liyat cowo dikit lgsg disosor begok aje yg mau ama manda kegatelan jadi cewe;manda gatel ga liyat cowo dikit lgsg sosor begok aje mau ama manda kegatelan jadi cewe
48;48;0;"Si amanda mukanya ke tante"" umur baru berapa tp muka boros banget .... dasar cabe . Jujur gua mah kgk suka ama ni haltis";si amanda mukanya ke tante umur baru berapa tp muka boros banget dasar cabe jujur gua mah kgk suka ama ni haltis;['si', 'amanda', 'mukanya', 'ke', 'tante', 'umur', 'baru', 'berapa', 'tp', 'muka', 'boros', 'banget', 'dasar', 'cabe', 'jujur', 'gua', 'mah', 'kgk', 'suka', 'ama', 'ni', 'haltis'];['si', 'amanda', 'mukanya', 'ke', 'tante', 'umur', 'baru', 'berapa', 'tp', 'muka', 'boros', 'banget', 'dasar', 'cabe', 'jujur', 'gua', 'mah', 'kgk', 'suka', 'ama', 'ni', 'haltis'];si amanda mukanya ke tante umur baru berapa tp muka boros banget dasar cabe jujur gua mah kgk suka ama ni haltis;si amanda mukanya ke tante umur baru berapa tp muka boros banget dasar cabe jujur gua mah kgk suka ama ni haltis;si amanda muka tante umur baru berapa tp muka boros banget dasar cabe jujur gua kgk suka ama ni haltis
49;49;0;Astagah, demen ama cewek dekil kumel. Ibaratnya dari nagita turun ke att. Nagita kaya emas att kaya barlen;astagah demen ama cewek dekil kumel ibaratnya dari nagita turun ke att nagita kaya emas att kaya barlen;['astagah', 'demen', 'ama', 'cewek', 'dekil', 'kumel', 'ibaratnya', 'dari', 'nagita', 'turun', 'ke', 'att', 'nagita', 'kaya', 'emas', 'att', 'kaya', 'barlen'];['astagah', 'demen', 'ama', 'cewek', 'dekil', 'kumel', 'ibaratnya', 'dari', 'nagita', 'turun', 'ke', 'att', 'nagita', 'kaya', 'emas', 'att', 'kaya', 'barlen'];astagah demen ama cewek dekil kumel ibaratnya dari nagita turun ke att nagita kaya emas att kaya barlen;astagah demen ama cewek dekil kumel ibaratnya dari nagita turun ke att nagita kaya emas att kaya barlen;astagah demen ama cewek dekil mel ibarat nagita turun att nagita kaya emas att kaya barlen
50;50;0;Alah laki laki jaman skrg sm aja. Sama sama bejat. Mau ustad kek bukan kek gila bgt sm perempuan yg bukan istrinya. Aku stju bgt sm yg di blg ustazah  <USERNAME> . Msuk surga bkan krna poligami. Msh bnyk hal yg kita buat supaya bs jd akhlak baik untuk bs masuk surga. Yaa smoga aja sih perempuan perempuan pelakor diluar sna mendapat azab yg gak diampuni. Yang hidupnya gk bakal selamat dunia akhirat;alah laki laki jaman skrg sm aja sama sama bejat mau ustad kek bukan kek gila bgt sm perempuan yg bukan istrinya aku stju bgt sm yg di blg ustazah username msuk surga bkan krna poligami msh bnyk hal yg kita buat supaya bs jd akhlak baik untuk bs masuk surga yaa smoga aja sih perempuan perempuan pelakor diluar sna mendapat azab yg gak diampuni yang hidupnya gk bakal selamat dunia akhirat;['alah', 'laki', 'laki', 'jaman', 'skrg', 'sm', 'aja', 'sama', 'sama', 'bejat', 'mau', 'ustad', 'kek', 'bukan', 'kek', 'gila', 'bgt', 'sm', 'perempuan', 'yg', 'bukan', 'istrinya', 'aku', 'stju', 'bgt', 'sm', 'yg', 'di', 'blg', 'ustazah', 'username', 'msuk', 'surga', 'bkan', 'krna', 'poligami', 'msh', 'bnyk', 'hal', 'yg', 'kita', 'buat', 'supaya', 'bs', 'jd', 'akhlak', 'baik', 'untuk', 'bs', 'masuk', 'surga', 'yaa', 'smoga', 'aja', 'sih', 'perempuan', 'perempuan', 'pelakor', 'diluar', 'sna', 'mendapat', 'azab', 'yg', 'gak', 'diampuni', 'yang', 'hidupnya', 'gk', 'bakal', 'selamat', 'dunia', 'akhirat'];['alah', 'laki', 'laki', 'jaman', 'skrg', 'sm', 'aja', 'sama', 'sama', 'bejat', 'mau', 'ustad', 'kek', 'bukan', 'kek', 'gila', 'bgt', 'sm', 'perempuan', 'yg', 'bukan', 'istrinya', 'aku', 'stju', 'bgt', 'sm', 'yg', 'di', 'blg', 'ustazah', 'username', 'msuk', 'surga', 'bkan', 'krna', 'poligami', 'msh', 'bnyk', 'hal', 'yg', 'kita', 'buat', 'supaya', 'bs', 'jd', 'akhlak', 'baik', 'untuk', 'bs', 'masuk', 'surga', 'yaa', 'smoga', 'aja', 'sih', 'perempuan', 'perempuan', 'pelakor', 'diluar', 'sna', 'mendapat', 'azab', 'yg', 'gak', 'diampuni', 'yang', 'hidupnya', 'gk', 'bakal', 'selamat', 'dunia', 'akhirat'];alah laki laki jaman skrg sm aja sama sama bejat mau ustad kek bukan kek gila bgt sm perempuan yg bukan istrinya aku stju bgt sm yg di blg ustazah username msuk surga bkan krna poligami msh bnyk hal yg kita buat supaya bs jd akhlak baik untuk bs masuk surga yaa smoga aja sih perempuan perempuan pelakor diluar sna mendapat azab yg gak diampuni yang hidupnya gk bakal selamat dunia akhirat;alah laki laki jaman skrg sm aja sama sama bejat mau ustad kek bukan kek gila bgt sm perempuan yg bukan istrinya aku stju bgt sm yg di blg ustazah username msuk surga bkan krna poligami msh bnyk hal yg kita buat supaya bs jd akhlak baik untuk bs masuk surga yaa smoga aja sih perempuan perempuan pelakor diluar sna mendapat azab yg gak diampuni yang hidupnya gk bakal selamat dunia akhirat;alah laki laki jaman skrg sm aja sama sama bejat mau ustad kek bukan kek gila bgt sm perempuan bukan istri aku stju bgt sm di blg ustazah username msuk surga bkan krna poligami msh bnyk buat bs jd akhlak baik bs masuk surga yaa smoga aja perempuan perempuan pelakor luar sna dapat azab yg gak ampun hidup gk bakal selamat dunia akhirat
51;51;0;Gilaaaaa pelakor banyak bnget laki2 gatal juga banyak alasan untuk berpoligami woiii mikir pake otak haduh saya pikir dia org pintar tau agama mana baik mana buruk.... Allah menguji kesetiaan dan nafsunya eh malah kaya gtu... Menyakiti istri sama sja menutup pintu rejekimu... Anak istri kau korbankan! Sbg seorg imam keluarga dia telah gagal mmpertahankan rmh tangganya mencoreng nama baik nya sndiri... Smua org suka skrg benci sama dia.. M;gilaaaaa pelakor banyak bnget laki gatal juga banyak alasan untuk berpoligami woiii mikir pake otak haduh saya pikir dia org pintar tau agama mana baik mana buruk allah menguji kesetiaan dan nafsunya eh malah kaya gtu menyakiti istri sama sja menutup pintu rejekimu anak istri kau korbankan sbg seorg imam keluarga dia telah gagal mmpertahankan rmh tangganya mencoreng nama baik nya sndiri smua org suka skrg benci sama dia;['gilaaaaa', 'pelakor', 'banyak', 'bnget', 'laki', 'gatal', 'juga', 'banyak', 'alasan', 'untuk', 'berpoligami', 'woiii', 'mikir', 'pake', 'otak', 'haduh', 'saya', 'pikir', 'dia', 'org', 'pintar', 'tau', 'agama', 'mana', 'baik', 'mana', 'buruk', 'allah', 'menguji', 'kesetiaan', 'dan', 'nafsunya', 'eh', 'malah', 'kaya', 'gtu', 'menyakiti', 'istri', 'sama', 'sja', 'menutup', 'pintu', 'rejekimu', 'anak', 'istri', 'kau', 'korbankan', 'sbg', 'seorg', 'imam', 'keluarga', 'dia', 'telah', 'gagal', 'mmpertahankan', 'rmh', 'tangganya', 'mencoreng', 'nama', 'baik', 'nya', 'sndiri', 'smua', 'org', 'suka', 'skrg', 'benci', 'sama', 'dia'];['gilaaaaa', 'pelakor', 'banyak', 'bnget', 'laki', 'gatal', 'juga', 'banyak', 'alasan', 'untuk', 'berpoligami', 'woiii', 'mikir', 'pake', 'otak', 'haduh', 'saya', 'pikir', 'dia', 'org', 'pintar', 'tau', 'agama', 'mana', 'baik', 'mana', 'buruk', 'allah', 'menguji', 'kesetiaan', 'dan', 'nafsunya', 'eh', 'malah', 'kaya', 'gtu', 'menyakiti', 'istri', 'sama', 'sja', 'menutup', 'pintu', 'rejekimu', 'anak', 'istri', 'kau', 'korbankan', 'sbg', 'seorg', 'imam', 'keluarga', 'dia', 'telah', 'gagal', 'mmpertahankan', 'rmh', 'tangganya', 'mencoreng', 'nama', 'baik', 'nya', 'sndiri', 'smua', 'org', 'suka', 'skrg', 'benci', 'sama', 'dia'];gilaaaaa pelakor banyak bnget laki gatal juga banyak alasan untuk berpoligami woiii mikir pake otak haduh saya pikir dia org pintar tau agama mana baik mana buruk allah menguji kesetiaan dan nafsunya eh malah kaya gtu menyakiti istri sama sja menutup pintu rejekimu anak istri kau korbankan sbg seorg imam keluarga dia telah gagal mmpertahankan rmh tangganya mencoreng nama baik nya sndiri smua org suka skrg benci sama dia;gilaaaaa pelakor banyak bnget laki gatal juga banyak alasan untuk berpoligami woiii mikir pake otak haduh saya pikir dia org pintar tau agama mana baik mana buruk allah menguji kesetiaan dan nafsunya eh malah kaya gtu menyakiti istri sama sja menutup pintu rejekimu anak istri kau korbankan sbg seorg imam keluarga dia telah gagal mmpertahankan rmh tangganya mencoreng nama baik nya sndiri smua org suka skrg benci sama dia;gilaaaaa pelakor banyak bnget laki gatal banyak alas poligam woiii mikir pake otak haduh pikir org pintar tau agama mana baik mana buruk allah uji setia nafsu malah kaya gtu sakit istri sama sja tutup pintu rejekimu anak istri kau korban sbg seorg imam keluarga telah gagal mmpertahankan rmh tangga coreng nama baik sndiri smua org suka skrg benci sama
52;52;0;Biasalah kalo pelakor banyak yang lbh ancur mukanya dari istri sah.. barang bagus pasti cepat laku, karena pelakor jelek nggak laku makanya ngembat laki orang.. ya udah sama2 GATEL kok.. cocok wes..  <USERNAME>;biasalah kalo pelakor banyak yang lbh ancur mukanya dari istri sah barang bagus pasti cepat laku karena pelakor jelek nggak laku makanya ngembat laki orang ya udah sama gatel kok cocok wes username;['biasalah', 'kalo', 'pelakor', 'banyak', 'yang', 'lbh', 'ancur', 'mukanya', 'dari', 'istri', 'sah', 'barang', 'bagus', 'pasti', 'cepat', 'laku', 'karena', 'pelakor', 'jelek', 'nggak', 'laku', 'makanya', 'ngembat', 'laki', 'orang', 'ya', 'udah', 'sama', 'gatel', 'kok', 'cocok', 'wes', 'username'];['biasalah', 'kalo', 'pelakor', 'banyak', 'yang', 'lbh', 'ancur', 'mukanya', 'dari', 'istri', 'sah', 'barang', 'bagus', 'pasti', 'cepat', 'laku', 'karena', 'pelakor', 'jelek', 'nggak', 'laku', 'makanya', 'ngembat', 'laki', 'orang', 'ya', 'udah', 'sama', 'gatel', 'kok', 'cocok', 'wes', 'username'];biasalah kalo pelakor banyak yang lbh ancur mukanya dari istri sah barang bagus pasti cepat laku karena pelakor jelek nggak laku makanya ngembat laki orang ya udah sama gatel kok cocok wes username;biasalah kalo pelakor banyak yang lbh ancur mukanya dari istri sah barang bagus pasti cepat laku karena pelakor jelek nggak laku makanya ngembat laki orang ya udah sama gatel kok cocok wes username;biasa kalo pelakor banyak lbh ancur muka istri sah barang bagus cepat laku pelakor jelek laku makanya ngembat laki orang udah sama gatel kok cocok wes username
53;53;0;lama2 ilfil deh sm ni ertong. caption/ig story nya ngomongin org mlu, org kan jd ambigu nilai si a si b si c. udah gt kaya paling di zholimi, salahinnya depan lawan dong jgn ngmg di status ah. kata nya dewasa ??;lama ilfil deh sm ni ertong captionig story nya ngomongin org mlu org kan jd ambigu nilai si si si udah gt kaya paling di zholimi salahinnya depan lawan dong jgn ngmg di status ah kata nya dewasa;['lama', 'ilfil', 'deh', 'sm', 'ni', 'ertong', 'captionig', 'story', 'nya', 'ngomongin', 'org', 'mlu', 'org', 'kan', 'jd', 'ambigu', 'nilai', 'si', 'si', 'si', 'udah', 'gt', 'kaya', 'paling', 'di', 'zholimi', 'salahinnya', 'depan', 'lawan', 'dong', 'jgn', 'ngmg', 'di', 'status', 'ah', 'kata', 'nya', 'dewasa'];['lama', 'ilfil', 'deh', 'sm', 'ni', 'ertong', 'captionig', 'story', 'nya', 'ngomongin', 'org', 'mlu', 'org', 'kan', 'jd', 'ambigu', 'nilai', 'si', 'si', 'si', 'udah', 'gt', 'kaya', 'paling', 'di', 'zholimi', 'salahinnya', 'depan', 'lawan', 'dong', 'jgn', 'ngmg', 'di', 'status', 'ah', 'kata', 'nya', 'dewasa'];lama ilfil deh sm ni ertong captionig story nya ngomongin org mlu org kan jd ambigu nilai si si si udah gt kaya paling di zholimi salahinnya depan lawan dong jgn ngmg di status ah kata nya dewasa;lama ilfil deh sm ni ertong captionig story nya ngomongin org mlu org kan jd ambigu nilai si si si udah gt kaya paling di zholimi salahinnya depan lawan dong jgn ngmg di status ah kata nya dewasa;lama ilfil deh sm ni ertong captionig story ngomongin org mlu org kan jd ambigu nilai si si si udah gt kaya paling zholimi salahinnya depan lawan dong jgn ngmg status kata dewasa
54;54;0; <USERNAME> ini lagi pemikiran manusia bodoh, eehhh tante/ibu/oma/empo, otak lu picik bngt ya, dia jga manusi biasa ada larangan emang di dunia ini orang di larang ngungkapin unek2???? stupid human;username ini lagi pemikiran manusia bodoh eehhh tanteibuomaempo otak lu picik bngt ya dia jga manusi biasa ada larangan emang di dunia ini orang di larang ngungkapin unek stupid human;['username', 'ini', 'lagi', 'pemikiran', 'manusia', 'bodoh', 'eehhh', 'tanteibuomaempo', 'otak', 'lu', 'picik', 'bngt', 'ya', 'dia', 'jga', 'manusi', 'biasa', 'ada', 'larangan', 'emang', 'di', 'dunia', 'ini', 'orang', 'di', 'larang', 'ngungkapin', 'unek', 'stupid', 'human'];['username', 'ini', 'lagi', 'pemikiran', 'manusia', 'bodoh', 'eehhh', 'tanteibuomaempo', 'otak', 'lu', 'picik', 'bngt', 'ya', 'dia', 'jga', 'manusi', 'biasa', 'ada', 'larangan', 'emang', 'di', 'dunia', 'ini', 'orang', 'di', 'larang', 'ngungkapin', 'unek', 'stupid', 'human'];username ini lagi pemikiran manusia bodoh eehhh tanteibuomaempo otak lu picik bngt ya dia jga manusi biasa ada larangan emang di dunia ini orang di larang ngungkapin unek stupid human;username ini lagi pemikiran manusia bodoh eehhh tanteibuomaempo otak lu picik bngt ya dia jga manusi biasa ada larangan emang di dunia ini orang di larang ngungkapin unek stupid human;username lagi pikir manusia bodoh eehhh tanteibuomaempo otak lu picik bngt dia jga manusi biasa larang emang dunia orang larang ngungkapin unek stupid human
55;55;0;"Heran deh yg ngatain si via baperan ya wajar lah dese baper karena udin muak sama orang yg munafik sok""an baik sama dese, lah apa kabar yg sering baperan sama laki orang ? Ga pada nyadar diri tuh pemujanya att, bukannya pada gotong royong buat nasehatin att ini malah menggila buat muja"" att dan mojokin viaa. Dese juga manusia keles ahh";heran deh yg ngatain si via baperan ya wajar lah dese baper karena udin muak sama orang yg munafik sokan baik sama dese lah apa kabar yg sering baperan sama laki orang ga pada nyadar diri tuh pemujanya att bukannya pada gotong royong buat nasehatin att ini malah menggila buat muja att dan mojokin viaa dese juga manusia keles ahh;['heran', 'deh', 'yg', 'ngatain', 'si', 'via', 'baperan', 'ya', 'wajar', 'lah', 'dese', 'baper', 'karena', 'udin', 'muak', 'sama', 'orang', 'yg', 'munafik', 'sokan', 'baik', 'sama', 'dese', 'lah', 'apa', 'kabar', 'yg', 'sering', 'baperan', 'sama', 'laki', 'orang', 'ga', 'pada', 'nyadar', 'diri', 'tuh', 'pemujanya', 'att', 'bukannya', 'pada', 'gotong', 'royong', 'buat', 'nasehatin', 'att', 'ini', 'malah', 'menggila', 'buat', 'muja', 'att', 'dan', 'mojokin', 'viaa', 'dese', 'juga', 'manusia', 'keles', 'ahh'];['heran', 'deh', 'yg', 'ngatain', 'si', 'via', 'baperan', 'ya', 'wajar', 'lah', 'dese', 'baper', 'karena', 'udin', 'muak', 'sama', 'orang', 'yg', 'munafik', 'sokan', 'baik', 'sama', 'dese', 'lah', 'apa', 'kabar', 'yg', 'sering', 'baperan', 'sama', 'laki', 'orang', 'ga', 'pada', 'nyadar', 'diri', 'tuh', 'pemujanya', 'att', 'bukannya', 'pada', 'gotong', 'royong', 'buat', 'nasehatin', 'att', 'ini', 'malah', 'menggila', 'buat', 'muja', 'att', 'dan', 'mojokin', 'viaa', 'dese', 'juga', 'manusia', 'keles', 'ahh'];heran deh yg ngatain si via baperan ya wajar lah dese baper karena udin muak sama orang yg munafik sokan baik sama dese lah apa kabar yg sering baperan sama laki orang ga pada nyadar diri tuh pemujanya att bukannya pada gotong royong buat nasehatin att ini malah menggila buat muja att dan mojokin viaa dese juga manusia keles ahh;heran deh yg ngatain si via baperan ya wajar lah dese baper karena udin muak sama orang yg munafik sokan baik sama dese lah apa kabar yg sering baperan sama laki orang ga pada nyadar diri tuh pemujanya att bukannya pada gotong royong buat nasehatin att ini malah menggila buat muja att dan mojokin viaa dese juga manusia keles ahh;heran deh ngatain si via baperan wajar dese baper udin muak sama orang munafik sok baik sama dese apa kabar sering baperan sama laki orang ga nyadar diri tuh puja att bukan gotong royong buat nasehatin att malah gila buat muja att mojokin viaa dese manusia les ahh
56;56;0; <USERNAME> itu yg komen via nyinyir mulu duh kyak dia gak pernah nyinyirin orang aja, mungkin lebih parah, kalo org sudah sok bener mah gitu, pdhal ini kan media sosial, hak dia dong instagram juga instagram dia, yg penting kan nyinyir gak pake ig s;username itu yg komen via nyinyir mulu duh kyak dia gak pernah nyinyirin orang aja mungkin lebih parah kalo org sudah sok bener mah gitu pdhal ini kan media sosial hak dia dong instagram juga instagram dia yg penting kan nyinyir gak pake ig;['username', 'itu', 'yg', 'komen', 'via', 'nyinyir', 'mulu', 'duh', 'kyak', 'dia', 'gak', 'pernah', 'nyinyirin', 'orang', 'aja', 'mungkin', 'lebih', 'parah', 'kalo', 'org', 'sudah', 'sok', 'bener', 'mah', 'gitu', 'pdhal', 'ini', 'kan', 'media', 'sosial', 'hak', 'dia', 'dong', 'instagram', 'juga', 'instagram', 'dia', 'yg', 'penting', 'kan', 'nyinyir', 'gak', 'pake', 'ig'];['username', 'itu', 'yg', 'komen', 'via', 'nyinyir', 'mulu', 'duh', 'kyak', 'dia', 'gak', 'pernah', 'nyinyirin', 'orang', 'aja', 'mungkin', 'lebih', 'parah', 'kalo', 'org', 'sudah', 'sok', 'bener', 'mah', 'gitu', 'pdhal', 'ini', 'kan', 'media', 'sosial', 'hak', 'dia', 'dong', 'instagram', 'juga', 'instagram', 'dia', 'yg', 'penting', 'kan', 'nyinyir', 'gak', 'pake', 'ig'];username itu yg komen via nyinyir mulu duh kyak dia gak pernah nyinyirin orang aja mungkin lebih parah kalo org sudah sok bener mah gitu pdhal ini kan media sosial hak dia dong instagram juga instagram dia yg penting kan nyinyir gak pake ig;username itu yg komen via nyinyir mulu duh kyak dia gak pernah nyinyirin orang aja mungkin lebih parah kalo org sudah sok bener mah gitu pdhal ini kan media sosial hak dia dong instagram juga instagram dia yg penting kan nyinyir gak pake ig;username yg komen via nyinyir mulu duh kyak gak pernah nyinyirin orang aja mungkin lebih parah kalo org sok bener gitu pdhal kan media sosial hak dong instagram instagram yg penting kan nyinyir gak pake ig
57;57;0; <USERNAME> ini lagi pemikiran manusia bodoh, eehhh tante/ibu/oma/empo, otak lu picik bngt ya, dia jga manusi biasa ada larangan emang di dunia ini orang di larang ngungkapin unek2???? stupid human;username ini lagi pemikiran manusia bodoh eehhh tanteibuomaempo otak lu picik bngt ya dia jga manusi biasa ada larangan emang di dunia ini orang di larang ngungkapin unek stupid human;['username', 'ini', 'lagi', 'pemikiran', 'manusia', 'bodoh', 'eehhh', 'tanteibuomaempo', 'otak', 'lu', 'picik', 'bngt', 'ya', 'dia', 'jga', 'manusi', 'biasa', 'ada', 'larangan', 'emang', 'di', 'dunia', 'ini', 'orang', 'di', 'larang', 'ngungkapin', 'unek', 'stupid', 'human'];['username', 'ini', 'lagi', 'pemikiran', 'manusia', 'bodoh', 'eehhh', 'tanteibuomaempo', 'otak', 'lu', 'picik', 'bngt', 'ya', 'dia', 'jga', 'manusi', 'biasa', 'ada', 'larangan', 'emang', 'di', 'dunia', 'ini', 'orang', 'di', 'larang', 'ngungkapin', 'unek', 'stupid', 'human'];username ini lagi pemikiran manusia bodoh eehhh tanteibuomaempo otak lu picik bngt ya dia jga manusi biasa ada larangan emang di dunia ini orang di larang ngungkapin unek stupid human;username ini lagi pemikiran manusia bodoh eehhh tanteibuomaempo otak lu picik bngt ya dia jga manusi biasa ada larangan emang di dunia ini orang di larang ngungkapin unek stupid human;username lagi pikir manusia bodoh eehhh tanteibuomaempo otak lu picik bngt dia jga manusi biasa larang emang dunia orang larang ngungkapin unek stupid human
58;58;0; <USERNAME> bisa nya cuma ngatain org . Nyindir siapa ..netijen goblog banyakan masyako !;username bisa nya cuma ngatain org nyindir siapa netijen goblog banyakan masyako;['username', 'bisa', 'nya', 'cuma', 'ngatain', 'org', 'nyindir', 'siapa', 'netijen', 'goblog', 'banyakan', 'masyako'];['username', 'bisa', 'nya', 'cuma', 'ngatain', 'org', 'nyindir', 'siapa', 'netijen', 'goblog', 'banyakan', 'masyako'];username bisa nya cuma ngatain org nyindir siapa netijen goblog banyakan masyako;username bisa nya cuma ngatain org nyindir siapa netijen goblog banyakan masyako;username nya cuma ngatain org nyindir siapa netijen goblog banyak masyako
59;59;0; <USERNAME> cara didik ortunya nagita bagus, makanya amat sangat heran dg balajaer, kan nagita yah yg dirugikan sm junjunganny.. Knp dia yg dibenci, bodoh bgt asli.;username cara didik ortunya nagita bagus makanya amat sangat heran dg balajaer kan nagita yah yg dirugikan sm junjunganny knp dia yg dibenci bodoh bgt asli;['username', 'cara', 'didik', 'ortunya', 'nagita', 'bagus', 'makanya', 'amat', 'sangat', 'heran', 'dg', 'balajaer', 'kan', 'nagita', 'yah', 'yg', 'dirugikan', 'sm', 'junjunganny', 'knp', 'dia', 'yg', 'dibenci', 'bodoh', 'bgt', 'asli'];['username', 'cara', 'didik', 'ortunya', 'nagita', 'bagus', 'makanya', 'amat', 'sangat', 'heran', 'dg', 'balajaer', 'kan', 'nagita', 'yah', 'yg', 'dirugikan', 'sm', 'junjunganny', 'knp', 'dia', 'yg', 'dibenci', 'bodoh', 'bgt', 'asli'];username cara didik ortunya nagita bagus makanya amat sangat heran dg balajaer kan nagita yah yg dirugikan sm junjunganny knp dia yg dibenci bodoh bgt asli;username cara didik ortunya nagita bagus makanya amat sangat heran dg balajaer kan nagita yah yg dirugikan sm junjunganny knp dia yg dibenci bodoh bgt asli;username cara didik ortunya nagita bagus makanya sangat heran dg balajaer kan nagita yah rugi sm junjunganny knp yg benci bodoh bgt asli
60;60;0; <USERNAME> pdhl km lebih kampungan loh,pake kerudung tapi mulutnya cuihh..;username pdhl km lebih kampungan loh pake kerudung tapi mulutnya cuihh;['username', 'pdhl', 'km', 'lebih', 'kampungan', 'loh', 'pake', 'kerudung', 'tapi', 'mulutnya', 'cuihh'];['username', 'pdhl', 'km', 'lebih', 'kampungan', 'loh', 'pake', 'kerudung', 'tapi', 'mulutnya', 'cuihh'];username pdhl km lebih kampungan loh pake kerudung tapi mulutnya cuihh;username pdhl km lebih kampungan loh pake kerudung tapi mulutnya cuihh;username pdhl km lebih kampung pake kerudung mulut cuihh
61;61;0;Belajaer tuh apa ya? Hahahaha bela artis ampe sebegitunya... manusah2 begoh ????????;belajaer tuh apa ya hahahaha bela artis ampe sebegitunya manusah begoh;['belajaer', 'tuh', 'apa', 'ya', 'hahahaha', 'bela', 'artis', 'ampe', 'sebegitunya', 'manusah', 'begoh'];['belajaer', 'tuh', 'apa', 'ya', 'hahahaha', 'bela', 'artis', 'ampe', 'sebegitunya', 'manusah', 'begoh'];belajaer tuh apa ya hahahaha bela artis ampe sebegitunya manusah begoh;belajaer tuh apa ya hahahaha bela artis ampe sebegitunya manusah begoh;belajaer tuh apa hahahaha bela artis ampe begitu manusah begoh
62;62;0; <USERNAME> iya banyak berarti mereka norak kampyuung, coba liat artis yang adem ayem liat isyana liat agnezmo liat mba liaaat..... jangan diliat aja coba di telaah deh, dikasih tau contoh artis yang better eh jawabannya begini ya cocok la;username iya banyak berarti mereka norak kampyuung coba liat artis yang adem ayem liat isyana liat agnezmo liat mba liaaat jangan diliat aja coba di telaah deh dikasih tau contoh artis yang better eh jawabannya begini ya cocok la;['username', 'iya', 'banyak', 'berarti', 'mereka', 'norak', 'kampyuung', 'coba', 'liat', 'artis', 'yang', 'adem', 'ayem', 'liat', 'isyana', 'liat', 'agnezmo', 'liat', 'mba', 'liaaat', 'jangan', 'diliat', 'aja', 'coba', 'di', 'telaah', 'deh', 'dikasih', 'tau', 'contoh', 'artis', 'yang', 'better', 'eh', 'jawabannya', 'begini', 'ya', 'cocok', 'la'];['username', 'iya', 'banyak', 'berarti', 'mereka', 'norak', 'kampyuung', 'coba', 'liat', 'artis', 'yang', 'adem', 'ayem', 'liat', 'isyana', 'liat', 'agnezmo', 'liat', 'mba', 'liaaat', 'jangan', 'diliat', 'aja', 'coba', 'di', 'telaah', 'deh', 'dikasih', 'tau', 'contoh', 'artis', 'yang', 'better', 'eh', 'jawabannya', 'begini', 'ya', 'cocok', 'la'];username iya banyak berarti mereka norak kampyuung coba liat artis yang adem ayem liat isyana liat agnezmo liat mba liaaat jangan diliat aja coba di telaah deh dikasih tau contoh artis yang better eh jawabannya begini ya cocok la;username iya banyak berarti mereka norak kampyuung coba liat artis yang adem ayem liat isyana liat agnezmo liat mba liaaat jangan diliat aja coba di telaah deh dikasih tau contoh artis yang better eh jawabannya begini ya cocok la;username iya banyak arti norak kampyuung coba liat artis adem ayem liat isyana liat agnezmo liat mba liaaat jangan liat aja coba telaah deh kasih tau contoh artis better jawab begini cocok la
63;63;0; <USERNAME> gak usah sok jadi high class mba, liat komenmu sendiri, memang semua artis itu sama, beda2 mbak, ada yg suka curhat di ig, ada yg curhat ke temen ada yg curhat ke Tuhan.... ngak usah trus mulut situ maju dulu otaknya belakangan mikirnya, yg curh;username gak usah sok jadi high class mba liat komenmu sendiri memang semua artis itu sama beda mbak ada yg suka curhat di ig ada yg curhat ke temen ada yg curhat ke tuhan ngak usah trus mulut situ maju dulu otaknya belakangan mikirnya yg curh;['username', 'gak', 'usah', 'sok', 'jadi', 'high', 'class', 'mba', 'liat', 'komenmu', 'sendiri', 'memang', 'semua', 'artis', 'itu', 'sama', 'beda', 'mbak', 'ada', 'yg', 'suka', 'curhat', 'di', 'ig', 'ada', 'yg', 'curhat', 'ke', 'temen', 'ada', 'yg', 'curhat', 'ke', 'tuhan', 'ngak', 'usah', 'trus', 'mulut', 'situ', 'maju', 'dulu', 'otaknya', 'belakangan', 'mikirnya', 'yg', 'curh'];['username', 'gak', 'usah', 'sok', 'jadi', 'high', 'class', 'mba', 'liat', 'komenmu', 'sendiri', 'memang', 'semua', 'artis', 'itu', 'sama', 'beda', 'mbak', 'ada', 'yg', 'suka', 'curhat', 'di', 'ig', 'ada', 'yg', 'curhat', 'ke', 'temen', 'ada', 'yg', 'curhat', 'ke', 'tuhan', 'ngak', 'usah', 'trus', 'mulut', 'situ', 'maju', 'dulu', 'otaknya', 'belakangan', 'mikirnya', 'yg', 'curh'];username gak usah sok jadi high class mba liat komenmu sendiri memang semua artis itu sama beda mbak ada yg suka curhat di ig ada yg curhat ke temen ada yg curhat ke tuhan ngak usah trus mulut situ maju dulu otaknya belakangan mikirnya yg curh;username gak usah sok jadi high class mba liat komenmu sendiri memang semua artis itu sama beda mbak ada yg suka curhat di ig ada yg curhat ke temen ada yg curhat ke tuhan ngak usah trus mulut situ maju dulu otaknya belakangan mikirnya yg curh;username gak usah sok jadi high class mba liat komenmu sendiri memang semua artis sama beda mbak suka curhat ig yg curhat temen yg curhat tuhan ngak usah trus mulut situ maju dulu otak belakang mikirnya yg curh
64;64;0; <USERNAME> lah goblok amat, gak semua netizen yg kontra sm postingan si via ini bakajaer kali, mba/mas. Ih goblok kok dipiara. Lol;username lah goblok amat gak semua netizen yg kontra sm postingan si via ini bakajaer kali mbamas ih goblok kok dipiara lol;['username', 'lah', 'goblok', 'amat', 'gak', 'semua', 'netizen', 'yg', 'kontra', 'sm', 'postingan', 'si', 'via', 'ini', 'bakajaer', 'kali', 'mbamas', 'ih', 'goblok', 'kok', 'dipiara', 'lol'];['username', 'lah', 'goblok', 'amat', 'gak', 'semua', 'netizen', 'yg', 'kontra', 'sm', 'postingan', 'si', 'via', 'ini', 'bakajaer', 'kali', 'mbamas', 'ih', 'goblok', 'kok', 'dipiara', 'lol'];username lah goblok amat gak semua netizen yg kontra sm postingan si via ini bakajaer kali mbamas ih goblok kok dipiara lol;username lah goblok amat gak semua netizen yg kontra sm postingan si via ini bakajaer kali mbamas ih goblok kok dipiara lol;username goblok gak semua netizen kontra sm postingan si via bakajaer kali mbamas ih goblok kok piara lol
65;65;0;Ini siapa sih emg artis? Ko artis indo bukan ny ngurus prestasi malah di sosmed ny beginian mulu isi nya jd jatoh nya kampungan;ini siapa sih emg artis ko artis indo bukan ny ngurus prestasi malah di sosmed ny beginian mulu isi nya jd jatoh nya kampungan;['ini', 'siapa', 'sih', 'emg', 'artis', 'ko', 'artis', 'indo', 'bukan', 'ny', 'ngurus', 'prestasi', 'malah', 'di', 'sosmed', 'ny', 'beginian', 'mulu', 'isi', 'nya', 'jd', 'jatoh', 'nya', 'kampungan'];['ini', 'siapa', 'sih', 'emg', 'artis', 'ko', 'artis', 'indo', 'bukan', 'ny', 'ngurus', 'prestasi', 'malah', 'di', 'sosmed', 'ny', 'beginian', 'mulu', 'isi', 'nya', 'jd', 'jatoh', 'nya', 'kampungan'];ini siapa sih emg artis ko artis indo bukan ny ngurus prestasi malah di sosmed ny beginian mulu isi nya jd jatoh nya kampungan;ini siapa sih emg artis ko artis indo bukan ny ngurus prestasi malah di sosmed ny beginian mulu isi nya jd jatoh nya kampungan;siapa emg artis ko artis indo bukan ny ngurus prestasi malah sosmed ny begini mulu isi jd jatoh kampung
66;66;0; <USERNAME> baru itu aj kn y mba, apa lagi kaya agnes mo bnyk penghargaan ny tp g kampungan beda am yg ini;username baru itu aj kn mba apa lagi kaya agnes mo bnyk penghargaan ny tp kampungan beda am yg ini;['username', 'baru', 'itu', 'aj', 'kn', 'mba', 'apa', 'lagi', 'kaya', 'agnes', 'mo', 'bnyk', 'penghargaan', 'ny', 'tp', 'kampungan', 'beda', 'am', 'yg', 'ini'];['username', 'baru', 'itu', 'aj', 'kn', 'mba', 'apa', 'lagi', 'kaya', 'agnes', 'mo', 'bnyk', 'penghargaan', 'ny', 'tp', 'kampungan', 'beda', 'am', 'yg', 'ini'];username baru itu aj kn mba apa lagi kaya agnes mo bnyk penghargaan ny tp kampungan beda am yg ini;username baru itu aj kn mba apa lagi kaya agnes mo bnyk penghargaan ny tp kampungan beda am yg ini;username baru aj kn mba apa kaya agnes mo bnyk harga ny tp kampung beda am ini
67;67;0;Munafik bgt yg ngomong curhat di sosmed kampungan... Gua yakin elu juga kitu keleusss wkkwkww..... Mending mba via dia artis cantik bs nyanyi.. La elu pada? Lbh kampungan wkwkwkwkw!!!!;munafik bgt yg ngomong curhat di sosmed kampungan gua yakin elu juga kitu keleusss wkkwkww mending mba via dia artis cantik bs nyanyi la elu pada lbh kampungan wkwkwkwkw;['munafik', 'bgt', 'yg', 'ngomong', 'curhat', 'di', 'sosmed', 'kampungan', 'gua', 'yakin', 'elu', 'juga', 'kitu', 'keleusss', 'wkkwkww', 'mending', 'mba', 'via', 'dia', 'artis', 'cantik', 'bs', 'nyanyi', 'la', 'elu', 'pada', 'lbh', 'kampungan', 'wkwkwkwkw'];['munafik', 'bgt', 'yg', 'ngomong', 'curhat', 'di', 'sosmed', 'kampungan', 'gua', 'yakin', 'elu', 'juga', 'kitu', 'keleusss', 'wkkwkww', 'mending', 'mba', 'via', 'dia', 'artis', 'cantik', 'bs', 'nyanyi', 'la', 'elu', 'pada', 'lbh', 'kampungan', 'wkwkwkwkw'];munafik bgt yg ngomong curhat di sosmed kampungan gua yakin elu juga kitu keleusss wkkwkww mending mba via dia artis cantik bs nyanyi la elu pada lbh kampungan wkwkwkwkw;munafik bgt yg ngomong curhat di sosmed kampungan gua yakin elu juga kitu keleusss wkkwkww mending mba via dia artis cantik bs nyanyi la elu pada lbh kampungan wkwkwkwkw;munafik bgt ngomong curhat sosmed kampung gua yakin elu kitu keleusss wkkwkww mending mba via artis cantik bs nyanyi la elu lbh kampung wkwkwkwkw
68;68;0; <USERNAME>.wawan zzzzz emng ini artis ga punya tmn apa? Dikit dikit att hahaha lagi juga apa apa curhat di sosmed kampungan;username wawan zzzzz emng ini artis ga punya tmn apa dikit dikit att hahaha lagi juga apa apa curhat di sosmed kampungan;['username', 'wawan', 'zzzzz', 'emng', 'ini', 'artis', 'ga', 'punya', 'tmn', 'apa', 'dikit', 'dikit', 'att', 'hahaha', 'lagi', 'juga', 'apa', 'apa', 'curhat', 'di', 'sosmed', 'kampungan'];['username', 'wawan', 'zzzzz', 'emng', 'ini', 'artis', 'ga', 'punya', 'tmn', 'apa', 'dikit', 'dikit', 'att', 'hahaha', 'lagi', 'juga', 'apa', 'apa', 'curhat', 'di', 'sosmed', 'kampungan'];username wawan zzzzz emng ini artis ga punya tmn apa dikit dikit att hahaha lagi juga apa apa curhat di sosmed kampungan;username wawan zzzzz emng ini artis ga punya tmn apa dikit dikit att hahaha lagi juga apa apa curhat di sosmed kampungan;username wawan zzzzz emng artis ga punya tmn apa dikit dikit att hahaha juga apa apa curhat sosmed kampung
69;69;0;Lemes ya mulutnya. Berani lewat ststus udah gitu tulisannya sengaja biar ga kebaca takut kali di labrak. Mmmm artis masih kampungan sih ya jadi wajar lah ya ????????;lemes ya mulutnya berani lewat ststus udah gitu tulisannya sengaja biar ga kebaca takut kali di labrak mmmm artis masih kampungan sih ya jadi wajar lah ya;['lemes', 'ya', 'mulutnya', 'berani', 'lewat', 'ststus', 'udah', 'gitu', 'tulisannya', 'sengaja', 'biar', 'ga', 'kebaca', 'takut', 'kali', 'di', 'labrak', 'mmmm', 'artis', 'masih', 'kampungan', 'sih', 'ya', 'jadi', 'wajar', 'lah', 'ya'];['lemes', 'ya', 'mulutnya', 'berani', 'lewat', 'ststus', 'udah', 'gitu', 'tulisannya', 'sengaja', 'biar', 'ga', 'kebaca', 'takut', 'kali', 'di', 'labrak', 'mmmm', 'artis', 'masih', 'kampungan', 'sih', 'ya', 'jadi', 'wajar', 'lah', 'ya'];lemes ya mulutnya berani lewat ststus udah gitu tulisannya sengaja biar ga kebaca takut kali di labrak mmmm artis masih kampungan sih ya jadi wajar lah ya;lemes ya mulutnya berani lewat ststus udah gitu tulisannya sengaja biar ga kebaca takut kali di labrak mmmm artis masih kampungan sih ya jadi wajar lah ya;lemes mulut berani lewat ststus udah gitu tulis sengaja biar ga baca takut kali labrak mmmm artis kampung ya jadi wajar ya
70;70;0; <USERNAME> main main lah ke jawa timur.. Biar ga begok!!;username main main lah ke jawa timur biar ga begok;['username', 'main', 'main', 'lah', 'ke', 'jawa', 'timur', 'biar', 'ga', 'begok'];['username', 'main', 'main', 'lah', 'ke', 'jawa', 'timur', 'biar', 'ga', 'begok'];username main main lah ke jawa timur biar ga begok;username main main lah ke jawa timur biar ga begok;username main main ke jawa timur biar ga begok
71;71;0; <USERNAME> bisa nya cuma ngatain org . Nyindir siapa ..netijen goblog banyakan masyako !;username bisa nya cuma ngatain org nyindir siapa netijen goblog banyakan masyako;['username', 'bisa', 'nya', 'cuma', 'ngatain', 'org', 'nyindir', 'siapa', 'netijen', 'goblog', 'banyakan', 'masyako'];['username', 'bisa', 'nya', 'cuma', 'ngatain', 'org', 'nyindir', 'siapa', 'netijen', 'goblog', 'banyakan', 'masyako'];username bisa nya cuma ngatain org nyindir siapa netijen goblog banyakan masyako;username bisa nya cuma ngatain org nyindir siapa netijen goblog banyakan masyako;username nya cuma ngatain org nyindir siapa netijen goblog banyak masyako
72;72;0; <USERNAME> dia udah nunjukin karyanya, situ pny karya apa? Karya nyinyir hidupnya Via?? Tolol ??;username dia udah nunjukin karyanya situ pny karya apa karya nyinyir hidupnya via tolol;['username', 'dia', 'udah', 'nunjukin', 'karyanya', 'situ', 'pny', 'karya', 'apa', 'karya', 'nyinyir', 'hidupnya', 'via', 'tolol'];['username', 'dia', 'udah', 'nunjukin', 'karyanya', 'situ', 'pny', 'karya', 'apa', 'karya', 'nyinyir', 'hidupnya', 'via', 'tolol'];username dia udah nunjukin karyanya situ pny karya apa karya nyinyir hidupnya via tolol;username dia udah nunjukin karyanya situ pny karya apa karya nyinyir hidupnya via tolol;username udah nunjukin karya situ pny karya apa karya nyinyir hidup via tolol
73;73;0; <USERNAME> siapa bilang gw fansnya Via?? Duh nantangin gw nih org... anak tolol ank alay, jablay!;username siapa bilang gw fansnya via duh nantangin gw nih org anak tolol ank alay jablay;['username', 'siapa', 'bilang', 'gw', 'fansnya', 'via', 'duh', 'nantangin', 'gw', 'nih', 'org', 'anak', 'tolol', 'ank', 'alay', 'jablay'];['username', 'siapa', 'bilang', 'gw', 'fansnya', 'via', 'duh', 'nantangin', 'gw', 'nih', 'org', 'anak', 'tolol', 'ank', 'alay', 'jablay'];username siapa bilang gw fansnya via duh nantangin gw nih org anak tolol ank alay jablay;username siapa bilang gw fansnya via duh nantangin gw nih org anak tolol ank alay jablay;username siapa bilang gw fansnya via duh nantangin gw nih org anak tolol ank alay jablay
74;74;0; <USERNAME> yutub apaan ya mba? Aplikasi baru ya? Sy taunya youtube. Mba gak tau apa ya seseorg bs dpt penghasilan besar salah satunya dr youtube loh. Mreka jg di bayar apalagi klo bnyk yg ntn video mreka. Sekolah yg bener deh mba biar pinter. Generasi muda;username yutub apaan ya mba aplikasi baru ya sy taunya youtube mba gak tau apa ya seseorg bs dpt penghasilan besar salah satunya dr youtube loh mreka jg di bayar apalagi klo bnyk yg ntn video mreka sekolah yg bener deh mba biar pinter generasi muda;['username', 'yutub', 'apaan', 'ya', 'mba', 'aplikasi', 'baru', 'ya', 'sy', 'taunya', 'youtube', 'mba', 'gak', 'tau', 'apa', 'ya', 'seseorg', 'bs', 'dpt', 'penghasilan', 'besar', 'salah', 'satunya', 'dr', 'youtube', 'loh', 'mreka', 'jg', 'di', 'bayar', 'apalagi', 'klo', 'bnyk', 'yg', 'ntn', 'video', 'mreka', 'sekolah', 'yg', 'bener', 'deh', 'mba', 'biar', 'pinter', 'generasi', 'muda'];['username', 'yutub', 'apaan', 'ya', 'mba', 'aplikasi', 'baru', 'ya', 'sy', 'taunya', 'youtube', 'mba', 'gak', 'tau', 'apa', 'ya', 'seseorg', 'bs', 'dpt', 'penghasilan', 'besar', 'salah', 'satunya', 'dr', 'youtube', 'loh', 'mreka', 'jg', 'di', 'bayar', 'apalagi', 'klo', 'bnyk', 'yg', 'ntn', 'video', 'mreka', 'sekolah', 'yg', 'bener', 'deh', 'mba', 'biar', 'pinter', 'generasi', 'muda'];username yutub apaan ya mba aplikasi baru ya sy taunya youtube mba gak tau apa ya seseorg bs dpt penghasilan besar salah satunya dr youtube loh mreka jg di bayar apalagi klo bnyk yg ntn video mreka sekolah yg bener deh mba biar pinter generasi muda;username yutub apaan ya mba aplikasi baru ya sy taunya youtube mba gak tau apa ya seseorg bs dpt penghasilan besar salah satunya dr youtube loh mreka jg di bayar apalagi klo bnyk yg ntn video mreka sekolah yg bener deh mba biar pinter generasi muda;username yutub apa mba aplikasi baru sy tau youtube mba gak tau apa seseorg bs dpt hasil besar salah satu dr youtube mreka jg bayar klo bnyk ntn video mreka sekolah bener deh mba biar pinter generasi muda
75;75;0;gue suka gangerti deh yaa, kenapa kalo via vallen bikin status atau apalah itu disangkut pautin ama att mulu?? padahal att nya aja biasa aja.. Fansnya sih yg bikin jelek.. Orang kalo di sangkut pautin mulu jg lama-lama gerah kali..;gue suka gangerti deh yaa kenapa kalo via vallen bikin status atau apalah itu disangkut pautin ama att mulu padahal att nya aja biasa aja fansnya sih yg bikin jelek orang kalo di sangkut pautin mulu jg lama lama gerah kali;['gue', 'suka', 'gangerti', 'deh', 'yaa', 'kenapa', 'kalo', 'via', 'vallen', 'bikin', 'status', 'atau', 'apalah', 'itu', 'disangkut', 'pautin', 'ama', 'att', 'mulu', 'padahal', 'att', 'nya', 'aja', 'biasa', 'aja', 'fansnya', 'sih', 'yg', 'bikin', 'jelek', 'orang', 'kalo', 'di', 'sangkut', 'pautin', 'mulu', 'jg', 'lama', 'lama', 'gerah', 'kali'];['gue', 'suka', 'gangerti', 'deh', 'yaa', 'kenapa', 'kalo', 'via', 'vallen', 'bikin', 'status', 'atau', 'apalah', 'itu', 'disangkut', 'pautin', 'ama', 'att', 'mulu', 'padahal', 'att', 'nya', 'aja', 'biasa', 'aja', 'fansnya', 'sih', 'yg', 'bikin', 'jelek', 'orang', 'kalo', 'di', 'sangkut', 'pautin', 'mulu', 'jg', 'lama', 'lama', 'gerah', 'kali'];gue suka gangerti deh yaa kenapa kalo via vallen bikin status atau apalah itu disangkut pautin ama att mulu padahal att nya aja biasa aja fansnya sih yg bikin jelek orang kalo di sangkut pautin mulu jg lama lama gerah kali;gue suka gangerti deh yaa kenapa kalo via vallen bikin status atau apalah itu disangkut pautin ama att mulu padahal att nya aja biasa aja fansnya sih yg bikin jelek orang kalo di sangkut pautin mulu jg lama lama gerah kali;gue suka gangerti deh yaa kalo via vallen bikin status apa sangkut pautin ama att mulu padahal att aja biasa aja fansnya yg bikin jelek orang kalo sangkut pautin mulu jg lama lama gerah kali
76;76;0;Jujur aja ya ni org malah bagusan kaga oplas..ada tu foto dia sblm dn sesudah oplas..dioplas mukanya aneh...kyknya gagal oplasnya...;jujur aja ya ni org malah bagusan kaga oplas ada tu foto dia sblm dn sesudah oplas dioplas mukanya aneh kyknya gagal oplasnya;['jujur', 'aja', 'ya', 'ni', 'org', 'malah', 'bagusan', 'kaga', 'oplas', 'ada', 'tu', 'foto', 'dia', 'sblm', 'dn', 'sesudah', 'oplas', 'dioplas', 'mukanya', 'aneh', 'kyknya', 'gagal', 'oplasnya'];['jujur', 'aja', 'ya', 'ni', 'org', 'malah', 'bagusan', 'kaga', 'oplas', 'ada', 'tu', 'foto', 'dia', 'sblm', 'dn', 'sesudah', 'oplas', 'dioplas', 'mukanya', 'aneh', 'kyknya', 'gagal', 'oplasnya'];jujur aja ya ni org malah bagusan kaga oplas ada tu foto dia sblm dn sesudah oplas dioplas mukanya aneh kyknya gagal oplasnya;jujur aja ya ni org malah bagusan kaga oplas ada tu foto dia sblm dn sesudah oplas dioplas mukanya aneh kyknya gagal oplasnya;jujur aja ni org malah bagus kaga oplas tu foto sblm dn oplas dioplas muka aneh kyknya gagal oplasnya
77;77;0;Noraaak abiiis... Baru kebeli emas az pamer aplg mainan berlian ciiinnnnn.... ??;noraaak abiiis baru kebeli emas az pamer aplg mainan berlian ciiinnnnn;['noraaak', 'abiiis', 'baru', 'kebeli', 'emas', 'az', 'pamer', 'aplg', 'mainan', 'berlian', 'ciiinnnnn'];['noraaak', 'abiiis', 'baru', 'kebeli', 'emas', 'az', 'pamer', 'aplg', 'mainan', 'berlian', 'ciiinnnnn'];noraaak abiiis baru kebeli emas az pamer aplg mainan berlian ciiinnnnn;noraaak abiiis baru kebeli emas az pamer aplg mainan berlian ciiinnnnn;noraaak abiiis baru kebel emas az pamer aplg main berlian ciiinnnnn
78;78;0;Before and after pasca oplas ga ngefek ya.. tetep jelek n serem mukanya..ahahahhaha..;before and after pasca oplas ga ngefek ya tetep jelek serem mukanya ahahahhaha;['before', 'and', 'after', 'pasca', 'oplas', 'ga', 'ngefek', 'ya', 'tetep', 'jelek', 'serem', 'mukanya', 'ahahahhaha'];['before', 'and', 'after', 'pasca', 'oplas', 'ga', 'ngefek', 'ya', 'tetep', 'jelek', 'serem', 'mukanya', 'ahahahhaha'];before and after pasca oplas ga ngefek ya tetep jelek serem mukanya ahahahhaha;before and after pasca oplas ga ngefek ya tetep jelek serem mukanya ahahahhaha;before and after pasca oplas ga ngefek tetep jelek rem muka ahahahhaha
79;79;0;Salfok ke mukanya, sumpah jelek... Oplas apaan model begitu... Failed!!!;salfok ke mukanya sumpah jelek oplas apaan model begitu failed;['salfok', 'ke', 'mukanya', 'sumpah', 'jelek', 'oplas', 'apaan', 'model', 'begitu', 'failed'];['salfok', 'ke', 'mukanya', 'sumpah', 'jelek', 'oplas', 'apaan', 'model', 'begitu', 'failed'];salfok ke mukanya sumpah jelek oplas apaan model begitu failed;salfok ke mukanya sumpah jelek oplas apaan model begitu failed;salfok muka sumpah jelek oplas apa model failed
80;80;0;Norak bener. Kegaet penjahat baru rasa.;norak bener kegaet penjahat baru rasa;['norak', 'bener', 'kegaet', 'penjahat', 'baru', 'rasa'];['norak', 'bener', 'kegaet', 'penjahat', 'baru', 'rasa'];norak bener kegaet penjahat baru rasa;norak bener kegaet penjahat baru rasa;norak bener gaet jahat baru rasa
81;81;0;Najis..,apalagi d philipine biasa bgt kali,d sana aj bangga..jd perusak moral ko bangga..najis banget liatnya.ckp d sini aj komen ny,dia pngn ngetop lwt nitezerrre.....wkwkwk..ngarep laku;najis apalagi philipine biasa bgt kali sana aj bangga jd perusak moral ko bangga najis banget liatnya ckp sini aj komen ny dia pngn ngetop lwt nitezerrre wkwkwk ngarep laku;['najis', 'apalagi', 'philipine', 'biasa', 'bgt', 'kali', 'sana', 'aj', 'bangga', 'jd', 'perusak', 'moral', 'ko', 'bangga', 'najis', 'banget', 'liatnya', 'ckp', 'sini', 'aj', 'komen', 'ny', 'dia', 'pngn', 'ngetop', 'lwt', 'nitezerrre', 'wkwkwk', 'ngarep', 'laku'];['najis', 'apalagi', 'philipine', 'biasa', 'bgt', 'kali', 'sana', 'aj', 'bangga', 'jd', 'perusak', 'moral', 'ko', 'bangga', 'najis', 'banget', 'liatnya', 'ckp', 'sini', 'aj', 'komen', 'ny', 'dia', 'pngn', 'ngetop', 'lwt', 'nitezerrre', 'wkwkwk', 'ngarep', 'laku'];najis apalagi philipine biasa bgt kali sana aj bangga jd perusak moral ko bangga najis banget liatnya ckp sini aj komen ny dia pngn ngetop lwt nitezerrre wkwkwk ngarep laku;najis apalagi philipine biasa bgt kali sana aj bangga jd perusak moral ko bangga najis banget liatnya ckp sini aj komen ny dia pngn ngetop lwt nitezerrre wkwkwk ngarep laku;najis philipine biasa bgt kali sana aj bangga jd usak moral ko bangga najis banget liat ckp sini aj komen ny pngn ngetop lwt nitezerrre wkwkwk ngarep laku
82;82;0;Yang gua bingung jujur kenapa media pada rebutan ngeliput ini orang. Kayaknya cuman net doang media informasi yang masih waras;yang gua bingung jujur kenapa media pada rebutan ngeliput ini orang kayaknya cuman net doang media informasi yang masih waras;['yang', 'gua', 'bingung', 'jujur', 'kenapa', 'media', 'pada', 'rebutan', 'ngeliput', 'ini', 'orang', 'kayaknya', 'cuman', 'net', 'doang', 'media', 'informasi', 'yang', 'masih', 'waras'];['yang', 'gua', 'bingung', 'jujur', 'kenapa', 'media', 'pada', 'rebutan', 'ngeliput', 'ini', 'orang', 'kayaknya', 'cuman', 'net', 'doang', 'media', 'informasi', 'yang', 'masih', 'waras'];yang gua bingung jujur kenapa media pada rebutan ngeliput ini orang kayaknya cuman net doang media informasi yang masih waras;yang gua bingung jujur kenapa media pada rebutan ngeliput ini orang kayaknya cuman net doang media informasi yang masih waras;gua bingung jujur media rebut ngeliput orang kayak cuman net doang media informasi masih waras
83;83;0;Bukankah Jedun yg ga becus jadi perempuan terhormat, ga becus jadi perempuan cerdas, ga becus jadi perempuan yg mencari suami sah bukan suami orang, ga becus jadi perempuan yg menghindari narkoba, ga becus jadi perempuan yg menjaga nama baik keluarga... semoga hanya ada satu perempuan yg kayak kamu di dunia ini ya Jedun;bukankah jedun yg ga becus jadi perempuan terhormat ga becus jadi perempuan cerdas ga becus jadi perempuan yg mencari suami sah bukan suami orang ga becus jadi perempuan yg menghindari narkoba ga becus jadi perempuan yg menjaga nama baik keluarga semoga hanya ada satu perempuan yg kayak kamu di dunia ini ya jedun;['bukankah', 'jedun', 'yg', 'ga', 'becus', 'jadi', 'perempuan', 'terhormat', 'ga', 'becus', 'jadi', 'perempuan', 'cerdas', 'ga', 'becus', 'jadi', 'perempuan', 'yg', 'mencari', 'suami', 'sah', 'bukan', 'suami', 'orang', 'ga', 'becus', 'jadi', 'perempuan', 'yg', 'menghindari', 'narkoba', 'ga', 'becus', 'jadi', 'perempuan', 'yg', 'menjaga', 'nama', 'baik', 'keluarga', 'semoga', 'hanya', 'ada', 'satu', 'perempuan', 'yg', 'kayak', 'kamu', 'di', 'dunia', 'ini', 'ya', 'jedun'];['bukankah', 'jedun', 'yg', 'ga', 'becus', 'jadi', 'perempuan', 'terhormat', 'ga', 'becus', 'jadi', 'perempuan', 'cerdas', 'ga', 'becus', 'jadi', 'perempuan', 'yg', 'mencari', 'suami', 'sah', 'bukan', 'suami', 'orang', 'ga', 'becus', 'jadi', 'perempuan', 'yg', 'menghindari', 'narkoba', 'ga', 'becus', 'jadi', 'perempuan', 'yg', 'menjaga', 'nama', 'baik', 'keluarga', 'semoga', 'hanya', 'ada', 'satu', 'perempuan', 'yg', 'kayak', 'kamu', 'di', 'dunia', 'ini', 'ya', 'jedun'];bukankah jedun yg ga becus jadi perempuan terhormat ga becus jadi perempuan cerdas ga becus jadi perempuan yg mencari suami sah bukan suami orang ga becus jadi perempuan yg menghindari narkoba ga becus jadi perempuan yg menjaga nama baik keluarga semoga hanya ada satu perempuan yg kayak kamu di dunia ini ya jedun;bukankah jedun yg ga becus jadi perempuan terhormat ga becus jadi perempuan cerdas ga becus jadi perempuan yg mencari suami sah bukan suami orang ga becus jadi perempuan yg menghindari narkoba ga becus jadi perempuan yg menjaga nama baik keluarga semoga hanya ada satu perempuan yg kayak kamu di dunia ini ya jedun;bukankah jedun ga becus jadi perempuan hormat ga becus jadi perempuan cerdas ga becus jadi perempuan cari suami sah bukan suami orang ga becus jadi perempuan hindar narkoba ga becus jadi perempuan jaga nama baik keluarga moga ada satu perempuan kayak kamu dunia ya jedun
84;84;0;cewe yg bgni yg hrsnya gosong jd abu aja di kebakaran pabrik yg lg viral kmrn tu. bnr2 slain ga brguna, gda otak.. cm modal ngangkang trs gebet laki org trs bangga.. btw klo emg instastory nya buat nyindir sesebini tua mah. ehhh at least biar ga becus jd prewi tp becus cuii jd emak. buktinya anak nya bejibun trs smua pro ke emaknya drpd bapaknya;cewe yg bgni yg hrsnya gosong jd abu aja di kebakaran pabrik yg lg viral kmrn tu bnr slain ga brguna gda otak cm modal ngangkang trs gebet laki org trs bangga btw klo emg instastory nya buat nyindir sesebini tua mah ehhh at least biar ga becus jd prewi tp becus cuii jd emak buktinya anak nya bejibun trs smua pro ke emaknya drpd bapaknya;['cewe', 'yg', 'bgni', 'yg', 'hrsnya', 'gosong', 'jd', 'abu', 'aja', 'di', 'kebakaran', 'pabrik', 'yg', 'lg', 'viral', 'kmrn', 'tu', 'bnr', 'slain', 'ga', 'brguna', 'gda', 'otak', 'cm', 'modal', 'ngangkang', 'trs', 'gebet', 'laki', 'org', 'trs', 'bangga', 'btw', 'klo', 'emg', 'instastory', 'nya', 'buat', 'nyindir', 'sesebini', 'tua', 'mah', 'ehhh', 'at', 'least', 'biar', 'ga', 'becus', 'jd', 'prewi', 'tp', 'becus', 'cuii', 'jd', 'emak', 'buktinya', 'anak', 'nya', 'bejibun', 'trs', 'smua', 'pro', 'ke', 'emaknya', 'drpd', 'bapaknya'];['cewe', 'yg', 'bgni', 'yg', 'hrsnya', 'gosong', 'jd', 'abu', 'aja', 'di', 'kebakaran', 'pabrik', 'yg', 'lg', 'viral', 'kmrn', 'tu', 'bnr', 'slain', 'ga', 'brguna', 'gda', 'otak', 'cm', 'modal', 'ngangkang', 'trs', 'gebet', 'laki', 'org', 'trs', 'bangga', 'btw', 'klo', 'emg', 'instastory', 'nya', 'buat', 'nyindir', 'sesebini', 'tua', 'mah', 'ehhh', 'at', 'least', 'biar', 'ga', 'becus', 'jd', 'prewi', 'tp', 'becus', 'cuii', 'jd', 'emak', 'buktinya', 'anak', 'nya', 'bejibun', 'trs', 'smua', 'pro', 'ke', 'emaknya', 'drpd', 'bapaknya'];cewe yg bgni yg hrsnya gosong jd abu aja di kebakaran pabrik yg lg viral kmrn tu bnr slain ga brguna gda otak cm modal ngangkang trs gebet laki org trs bangga btw klo emg instastory nya buat nyindir sesebini tua mah ehhh at least biar ga becus jd prewi tp becus cuii jd emak buktinya anak nya bejibun trs smua pro ke emaknya drpd bapaknya;cewe yg bgni yg hrsnya gosong jd abu aja di kebakaran pabrik yg lg viral kmrn tu bnr slain ga brguna gda otak cm modal ngangkang trs gebet laki org trs bangga btw klo emg instastory nya buat nyindir sesebini tua mah ehhh at least biar ga becus jd prewi tp becus cuii jd emak buktinya anak nya bejibun trs smua pro ke emaknya drpd bapaknya;cewe bgni hrsnya gosong jd abu aja bakar pabrik lg viral kmrn tu bnr slain ga brguna gda otak cm modal ngangkang trs gebet laki org trs bangga btw klo emg instastory buat nyindir bin tua ehhh at least biar ga becus jd prewi tp becus cuii jd emak bukti anak bejibun trs smua pro emaknya drpd bapak
85;85;0;"Hahaha..kasian ya...gak becus jadi perem...harus ngerebut laki orang dulu biar dikata ""perempuan""? Dasar perempuan tak sadar diri ente cuy.";hahaha kasian ya gak becus jadi perem harus ngerebut laki orang dulu biar dikata perempuan dasar perempuan tak sadar diri ente cuy;['hahaha', 'kasian', 'ya', 'gak', 'becus', 'jadi', 'perem', 'harus', 'ngerebut', 'laki', 'orang', 'dulu', 'biar', 'dikata', 'perempuan', 'dasar', 'perempuan', 'tak', 'sadar', 'diri', 'ente', 'cuy'];['hahaha', 'kasian', 'ya', 'gak', 'becus', 'jadi', 'perem', 'harus', 'ngerebut', 'laki', 'orang', 'dulu', 'biar', 'dikata', 'perempuan', 'dasar', 'perempuan', 'tak', 'sadar', 'diri', 'ente', 'cuy'];hahaha kasian ya gak becus jadi perem harus ngerebut laki orang dulu biar dikata perempuan dasar perempuan tak sadar diri ente cuy;hahaha kasian ya gak becus jadi perem harus ngerebut laki orang dulu biar dikata perempuan dasar perempuan tak sadar diri ente cuy;hahaha kasi gak becus jadi rem ngerebut laki orang dulu biar kata perempuan dasar perempuan tak sadar diri ente cuy
86;86;0;Dasar artis abal abal enggk laku di layar kaca...udh Enggk ada duit kere Miskin..Jadi maen k dukun buat minta elmu pelet perebut suami org yg kaya...;dasar artis abal abal enggk laku di layar kaca udh enggk ada duit kere miskin jadi maen dukun buat minta elmu pelet perebut suami org yg kaya;['dasar', 'artis', 'abal', 'abal', 'enggk', 'laku', 'di', 'layar', 'kaca', 'udh', 'enggk', 'ada', 'duit', 'kere', 'miskin', 'jadi', 'maen', 'dukun', 'buat', 'minta', 'elmu', 'pelet', 'perebut', 'suami', 'org', 'yg', 'kaya'];['dasar', 'artis', 'abal', 'abal', 'enggk', 'laku', 'di', 'layar', 'kaca', 'udh', 'enggk', 'ada', 'duit', 'kere', 'miskin', 'jadi', 'maen', 'dukun', 'buat', 'minta', 'elmu', 'pelet', 'perebut', 'suami', 'org', 'yg', 'kaya'];dasar artis abal abal enggk laku di layar kaca udh enggk ada duit kere miskin jadi maen dukun buat minta elmu pelet perebut suami org yg kaya;dasar artis abal abal enggk laku di layar kaca udh enggk ada duit kere miskin jadi maen dukun buat minta elmu pelet perebut suami org yg kaya;dasar artis abal abal enggk laku layar kaca udh enggk duit kere miskin jadi maen dukun buat minta elmu pelet rebut suami org kaya
87;87;0;ih dia kan paling becus makrum, paling becus ngrebut suami orang hehe????;ih dia kan paling becus makrum paling becus ngrebut suami orang hehe;['ih', 'dia', 'kan', 'paling', 'becus', 'makrum', 'paling', 'becus', 'ngrebut', 'suami', 'orang', 'hehe'];['ih', 'dia', 'kan', 'paling', 'becus', 'makrum', 'paling', 'becus', 'ngrebut', 'suami', 'orang', 'hehe'];ih dia kan paling becus makrum paling becus ngrebut suami orang hehe;ih dia kan paling becus makrum paling becus ngrebut suami orang hehe;ih kan paling becus makrum paling becus ngrebut suami orang hehe
88;88;0;Eeee si pelacur. Situ becus jd brempuan emang? Becus jadi sampah sih iya. Edeuuuuuh lonte lonte;eeee si pelacur situ becus jd brempuan emang becus jadi sampah sih iya edeuuuuuh lonte lonte;['eeee', 'si', 'pelacur', 'situ', 'becus', 'jd', 'brempuan', 'emang', 'becus', 'jadi', 'sampah', 'sih', 'iya', 'edeuuuuuh', 'lonte', 'lonte'];['eeee', 'si', 'pelacur', 'situ', 'becus', 'jd', 'brempuan', 'emang', 'becus', 'jadi', 'sampah', 'sih', 'iya', 'edeuuuuuh', 'lonte', 'lonte'];eeee si pelacur situ becus jd brempuan emang becus jadi sampah sih iya edeuuuuuh lonte lonte;eeee si pelacur situ becus jd brempuan emang becus jadi sampah sih iya edeuuuuuh lonte lonte;eeee si lacur situ becus jd brempuan emang becus jadi sampah iya edeuuuuuh lonte lonte
89;89;0;Biarin,,,puas puasin mumpung deseu masih brasa muda. Ntar klo dah tua juga nyaho! Karma itu ada.;biarin puas puasin mumpung deseu masih brasa muda ntar klo dah tua juga nyaho karma itu ada;['biarin', 'puas', 'puasin', 'mumpung', 'deseu', 'masih', 'brasa', 'muda', 'ntar', 'klo', 'dah', 'tua', 'juga', 'nyaho', 'karma', 'itu', 'ada'];['biarin', 'puas', 'puasin', 'mumpung', 'deseu', 'masih', 'brasa', 'muda', 'ntar', 'klo', 'dah', 'tua', 'juga', 'nyaho', 'karma', 'itu', 'ada'];biarin puas puasin mumpung deseu masih brasa muda ntar klo dah tua juga nyaho karma itu ada;biarin puas puasin mumpung deseu masih brasa muda ntar klo dah tua juga nyaho karma itu ada;biarin puas puasin mumpung deseu brasa muda ntar klo dah tua nyaho karma ada
90;90;0;Dia ini punya anak perempuan lho. Ibu macam apa contohin jelek ke anaknya. Jauh dari kata BECUS ini perempuan. Amit amit...;dia ini punya anak perempuan lho ibu macam apa contohin jelek ke anaknya jauh dari kata becus ini perempuan amit amit;['dia', 'ini', 'punya', 'anak', 'perempuan', 'lho', 'ibu', 'macam', 'apa', 'contohin', 'jelek', 'ke', 'anaknya', 'jauh', 'dari', 'kata', 'becus', 'ini', 'perempuan', 'amit', 'amit'];['dia', 'ini', 'punya', 'anak', 'perempuan', 'lho', 'ibu', 'macam', 'apa', 'contohin', 'jelek', 'ke', 'anaknya', 'jauh', 'dari', 'kata', 'becus', 'ini', 'perempuan', 'amit', 'amit'];dia ini punya anak perempuan lho ibu macam apa contohin jelek ke anaknya jauh dari kata becus ini perempuan amit amit;dia ini punya anak perempuan lho ibu macam apa contohin jelek ke anaknya jauh dari kata becus ini perempuan amit amit;punya anak perempuan lho ibu macam apa contohin jelek anak jauh kata becus ini perempuan amit amit
91;91;0;Kaya becus aja jd permpuan dia yng g becus jd perempuan ko sukanya sm laki orng heheh;kaya becus aja jd permpuan dia yng becus jd perempuan ko sukanya sm laki orng heheh;['kaya', 'becus', 'aja', 'jd', 'permpuan', 'dia', 'yng', 'becus', 'jd', 'perempuan', 'ko', 'sukanya', 'sm', 'laki', 'orng', 'heheh'];['kaya', 'becus', 'aja', 'jd', 'permpuan', 'dia', 'yng', 'becus', 'jd', 'perempuan', 'ko', 'sukanya', 'sm', 'laki', 'orng', 'heheh'];kaya becus aja jd permpuan dia yng becus jd perempuan ko sukanya sm laki orng heheh;kaya becus aja jd permpuan dia yng becus jd perempuan ko sukanya sm laki orng heheh;kaya becus aja jd permpuan yng becus jd perempuan ko suka sm laki orng heheh
92;92;0;Yg gk becus tuh loh jedun...hidup nya cuma bisanya ngerusak kbhgiaan org lain .mau hidup serba mewah tp g mau krja mlh morotin laki org..karma psti akn mnghampirimu????????;yg gk becus tuh loh jedun hidup nya cuma bisanya ngerusak kbhgiaan org lain mau hidup serba mewah tp mau krja mlh morotin laki org karma psti akn mnghampirimu;['yg', 'gk', 'becus', 'tuh', 'loh', 'jedun', 'hidup', 'nya', 'cuma', 'bisanya', 'ngerusak', 'kbhgiaan', 'org', 'lain', 'mau', 'hidup', 'serba', 'mewah', 'tp', 'mau', 'krja', 'mlh', 'morotin', 'laki', 'org', 'karma', 'psti', 'akn', 'mnghampirimu'];['yg', 'gk', 'becus', 'tuh', 'loh', 'jedun', 'hidup', 'nya', 'cuma', 'bisanya', 'ngerusak', 'kbhgiaan', 'org', 'lain', 'mau', 'hidup', 'serba', 'mewah', 'tp', 'mau', 'krja', 'mlh', 'morotin', 'laki', 'org', 'karma', 'psti', 'akn', 'mnghampirimu'];yg gk becus tuh loh jedun hidup nya cuma bisanya ngerusak kbhgiaan org lain mau hidup serba mewah tp mau krja mlh morotin laki org karma psti akn mnghampirimu;yg gk becus tuh loh jedun hidup nya cuma bisanya ngerusak kbhgiaan org lain mau hidup serba mewah tp mau krja mlh morotin laki org karma psti akn mnghampirimu;gk becus tuh jedun hidup cuma bisa ngerusak kbhgiaan org mau hidup serba mewah tp mau krja mlh morotin laki org karma psti akn mnghampirimu
93;93;0;Gue gak suka sm ni orang. Idupnya kebanyakan ribut.;gue gak suka sm ni orang idupnya kebanyakan ribut;['gue', 'gak', 'suka', 'sm', 'ni', 'orang', 'idupnya', 'kebanyakan', 'ribut'];['gue', 'gak', 'suka', 'sm', 'ni', 'orang', 'idupnya', 'kebanyakan', 'ribut'];gue gak suka sm ni orang idupnya kebanyakan ribut;gue gak suka sm ni orang idupnya kebanyakan ribut;gue gak suka sm ni orang idupnya banyak ribut
94;94;0;Dasar artis abal abal enggk laku di layar kaca...udh Enggk ada duit kere Miskin..Jadi maen k dukun buat minta elmu pelet perebut suami org yg kaya...;dasar artis abal abal enggk laku di layar kaca udh enggk ada duit kere miskin jadi maen dukun buat minta elmu pelet perebut suami org yg kaya;['dasar', 'artis', 'abal', 'abal', 'enggk', 'laku', 'di', 'layar', 'kaca', 'udh', 'enggk', 'ada', 'duit', 'kere', 'miskin', 'jadi', 'maen', 'dukun', 'buat', 'minta', 'elmu', 'pelet', 'perebut', 'suami', 'org', 'yg', 'kaya'];['dasar', 'artis', 'abal', 'abal', 'enggk', 'laku', 'di', 'layar', 'kaca', 'udh', 'enggk', 'ada', 'duit', 'kere', 'miskin', 'jadi', 'maen', 'dukun', 'buat', 'minta', 'elmu', 'pelet', 'perebut', 'suami', 'org', 'yg', 'kaya'];dasar artis abal abal enggk laku di layar kaca udh enggk ada duit kere miskin jadi maen dukun buat minta elmu pelet perebut suami org yg kaya;dasar artis abal abal enggk laku di layar kaca udh enggk ada duit kere miskin jadi maen dukun buat minta elmu pelet perebut suami org yg kaya;dasar artis abal abal enggk laku layar kaca udh enggk duit kere miskin jadi maen dukun buat minta elmu pelet rebut suami org kaya
95;95;0;Yg nama ny plagiat ya plagiat, walaupun laku tp tetep ajah ciptaan dri hasil plagiat..wkwkwkwk gua mah ogah dwngerin ajah udh pngen muntah;yg nama ny plagiat ya plagiat walaupun laku tp tetep ajah ciptaan dri hasil plagiat wkwkwkwk gua mah ogah dwngerin ajah udh pngen muntah;['yg', 'nama', 'ny', 'plagiat', 'ya', 'plagiat', 'walaupun', 'laku', 'tp', 'tetep', 'ajah', 'ciptaan', 'dri', 'hasil', 'plagiat', 'wkwkwkwk', 'gua', 'mah', 'ogah', 'dwngerin', 'ajah', 'udh', 'pngen', 'muntah'];['yg', 'nama', 'ny', 'plagiat', 'ya', 'plagiat', 'walaupun', 'laku', 'tp', 'tetep', 'ajah', 'ciptaan', 'dri', 'hasil', 'plagiat', 'wkwkwkwk', 'gua', 'mah', 'ogah', 'dwngerin', 'ajah', 'udh', 'pngen', 'muntah'];yg nama ny plagiat ya plagiat walaupun laku tp tetep ajah ciptaan dri hasil plagiat wkwkwkwk gua mah ogah dwngerin ajah udh pngen muntah;yg nama ny plagiat ya plagiat walaupun laku tp tetep ajah ciptaan dri hasil plagiat wkwkwkwk gua mah ogah dwngerin ajah udh pngen muntah;nama ny plagiat plagiat walaupun laku tp tetep ajah cipta dri hasil plagiat wkwkwkwk gua ogah dwngerin ajah udh pngen muntah
96;96;0;Dasar plagiat semuanya, ga bisa kreatip.memalukab bgt;dasar plagiat semuanya ga bisa kreatip memalukab bgt;['dasar', 'plagiat', 'semuanya', 'ga', 'bisa', 'kreatip', 'memalukab', 'bgt'];['dasar', 'plagiat', 'semuanya', 'ga', 'bisa', 'kreatip', 'memalukab', 'bgt'];dasar plagiat semuanya ga bisa kreatip memalukab bgt;dasar plagiat semuanya ga bisa kreatip memalukab bgt;dasar plagiat semua ga kreatip memalukab bgt
97;97;0;"Dan dengan begonya dia bilang ""apanya yang sama yaaa liriknya aja tentang percintaan gitu kok lagu saya"" bener2 tolol si ayu. Gapunya kuping apa y orang yg dipermasalahin nadanya ????????";dan dengan begonya dia bilang apanya yang sama yaaa liriknya aja tentang percintaan gitu kok lagu saya bener tolol si ayu gapunya kuping apa orang yg dipermasalahin nadanya;['dan', 'dengan', 'begonya', 'dia', 'bilang', 'apanya', 'yang', 'sama', 'yaaa', 'liriknya', 'aja', 'tentang', 'percintaan', 'gitu', 'kok', 'lagu', 'saya', 'bener', 'tolol', 'si', 'ayu', 'gapunya', 'kuping', 'apa', 'orang', 'yg', 'dipermasalahin', 'nadanya'];['dan', 'dengan', 'begonya', 'dia', 'bilang', 'apanya', 'yang', 'sama', 'yaaa', 'liriknya', 'aja', 'tentang', 'percintaan', 'gitu', 'kok', 'lagu', 'saya', 'bener', 'tolol', 'si', 'ayu', 'gapunya', 'kuping', 'apa', 'orang', 'yg', 'dipermasalahin', 'nadanya'];dan dengan begonya dia bilang apanya yang sama yaaa liriknya aja tentang percintaan gitu kok lagu saya bener tolol si ayu gapunya kuping apa orang yg dipermasalahin nadanya;dan dengan begonya dia bilang apanya yang sama yaaa liriknya aja tentang percintaan gitu kok lagu saya bener tolol si ayu gapunya kuping apa orang yg dipermasalahin nadanya;dengan bego bilang apa sama yaaa lirik aja cinta gitu kok lagu bener tolol si ayu gapunya kuping apa orang dipermasalahin nada
98;98;0;Itu pacarnya anggel pietrs kali.... dan cowok itu juga masih bocah....  <USERNAME> yaelah jes.. terxta kelakuan mu sama aja sprti ayuting2 Hidupmu penuh dengan drama MURAHAN;itu pacarnya anggel pietrs kali dan cowok itu juga masih bocah username yaelah jes ter kelakuan mu sama aja sprti ayuting hidupmu penuh dengan drama murahan;['itu', 'pacarnya', 'anggel', 'pietrs', 'kali', 'dan', 'cowok', 'itu', 'juga', 'masih', 'bocah', 'username', 'yaelah', 'jes', 'ter', 'kelakuan', 'mu', 'sama', 'aja', 'sprti', 'ayuting', 'hidupmu', 'penuh', 'dengan', 'drama', 'murahan'];['itu', 'pacarnya', 'anggel', 'pietrs', 'kali', 'dan', 'cowok', 'itu', 'juga', 'masih', 'bocah', 'username', 'yaelah', 'jes', 'ter', 'kelakuan', 'mu', 'sama', 'aja', 'sprti', 'ayuting', 'hidupmu', 'penuh', 'dengan', 'drama', 'murahan'];itu pacarnya anggel pietrs kali dan cowok itu juga masih bocah username yaelah jes ter kelakuan mu sama aja sprti ayuting hidupmu penuh dengan drama murahan;itu pacarnya anggel pietrs kali dan cowok itu juga masih bocah username yaelah jes ter kelakuan mu sama aja sprti ayuting hidupmu penuh dengan drama murahan;pacar anggel pietrs kali cowok juga bocah username yaelah jes ter laku mu sama aja sprti ayuting hidup penuh drama murah
99;99;0;"japok gateeel emang,uda jelas dia ada main sama si mamad,sampe"" si jessica dimusuhin,deddy corbuzier aja jijik sama si japok semenjak nagita diundang di hitam putih berarti nagita cerita di belakang panggung,itu aja sih menurut gue";japok gateeel emang uda jelas dia ada main sama si mamad sampe si jessica dimusuhin deddy corbuzier aja jijik sama si japok semenjak nagita diundang di hitam putih berarti nagita cerita di belakang panggung itu aja sih menurut gue;['japok', 'gateeel', 'emang', 'uda', 'jelas', 'dia', 'ada', 'main', 'sama', 'si', 'mamad', 'sampe', 'si', 'jessica', 'dimusuhin', 'deddy', 'corbuzier', 'aja', 'jijik', 'sama', 'si', 'japok', 'semenjak', 'nagita', 'diundang', 'di', 'hitam', 'putih', 'berarti', 'nagita', 'cerita', 'di', 'belakang', 'panggung', 'itu', 'aja', 'sih', 'menurut', 'gue'];['japok', 'gateeel', 'emang', 'uda', 'jelas', 'dia', 'ada', 'main', 'sama', 'si', 'mamad', 'sampe', 'si', 'jessica', 'dimusuhin', 'deddy', 'corbuzier', 'aja', 'jijik', 'sama', 'si', 'japok', 'semenjak', 'nagita', 'diundang', 'di', 'hitam', 'putih', 'berarti', 'nagita', 'cerita', 'di', 'belakang', 'panggung', 'itu', 'aja', 'sih', 'menurut', 'gue'];japok gateeel emang uda jelas dia ada main sama si mamad sampe si jessica dimusuhin deddy corbuzier aja jijik sama si japok semenjak nagita diundang di hitam putih berarti nagita cerita di belakang panggung itu aja sih menurut gue;japok gateeel emang uda jelas dia ada main sama si mamad sampe si jessica dimusuhin deddy corbuzier aja jijik sama si japok semenjak nagita diundang di hitam putih berarti nagita cerita di belakang panggung itu aja sih menurut gue;japok gateeel emang uda jelas ada main sama si mamad sampe si jessica dimusuhin deddy corbuzier aja jijik sama si japok semenjak nagita undang hitam putih arti nagita cerita belakang panggung aja turut gue
100;100;0; <USERNAME> lebih memalukan anda buk ...ngomong pelakor emang ibuk udah pernah jadi pelakor ya kok bisa tau ayu pelakor wkwkwkwkwk. ..awas ibu nanti malah justru rumah tangga ibu yg dimasukin pelakor atau anaknya nanti jadi pelakor ..;username lebih memalukan anda buk ngomong pelakor emang ibuk udah pernah jadi pelakor ya kok bisa tau ayu pelakor wkwkwkwkwk awas ibu nanti malah justru rumah tangga ibu yg dimasukin pelakor atau anaknya nanti jadi pelakor;['username', 'lebih', 'memalukan', 'anda', 'buk', 'ngomong', 'pelakor', 'emang', 'ibuk', 'udah', 'pernah', 'jadi', 'pelakor', 'ya', 'kok', 'bisa', 'tau', 'ayu', 'pelakor', 'wkwkwkwkwk', 'awas', 'ibu', 'nanti', 'malah', 'justru', 'rumah', 'tangga', 'ibu', 'yg', 'dimasukin', 'pelakor', 'atau', 'anaknya', 'nanti', 'jadi', 'pelakor'];['username', 'lebih', 'memalukan', 'anda', 'buk', 'ngomong', 'pelakor', 'emang', 'ibuk', 'udah', 'pernah', 'jadi', 'pelakor', 'ya', 'kok', 'bisa', 'tau', 'ayu', 'pelakor', 'wkwkwkwkwk', 'awas', 'ibu', 'nanti', 'malah', 'justru', 'rumah', 'tangga', 'ibu', 'yg', 'dimasukin', 'pelakor', 'atau', 'anaknya', 'nanti', 'jadi', 'pelakor'];username lebih memalukan anda buk ngomong pelakor emang ibuk udah pernah jadi pelakor ya kok bisa tau ayu pelakor wkwkwkwkwk awas ibu nanti malah justru rumah tangga ibu yg dimasukin pelakor atau anaknya nanti jadi pelakor;username lebih memalukan anda buk ngomong pelakor emang ibuk udah pernah jadi pelakor ya kok bisa tau ayu pelakor wkwkwkwkwk awas ibu nanti malah justru rumah tangga ibu yg dimasukin pelakor atau anaknya nanti jadi pelakor;username lebih malu buk ngomong pelakor emang ibuk udah pernah jadi pelakor kok tau ayu pelakor wkwkwkwkwk awas ibu malah justru rumah tangga ibu dimasukin pelakor anak jadi pelakor
101;101;0;Wah itu Kerdus mulutnya busuk...jangan jangan sampah makanannya;wah itu kerdus mulutnya busuk jangan jangan sampah makanannya;['wah', 'itu', 'kerdus', 'mulutnya', 'busuk', 'jangan', 'jangan', 'sampah', 'makanannya'];['wah', 'itu', 'kerdus', 'mulutnya', 'busuk', 'jangan', 'jangan', 'sampah', 'makanannya'];wah itu kerdus mulutnya busuk jangan jangan sampah makanannya;wah itu kerdus mulutnya busuk jangan jangan sampah makanannya;wah kerdus mulut busuk jangan jangan sampah makan
102;102;0; <USERNAME> TAI loe di gedein bagus buat pupuk jngan bacot loe goblok !!! nih cewek knpa bawa2 suku ?;username tai loe di gedein bagus buat pupuk jngan bacot loe goblok nih cewek knpa bawa suku;['username', 'tai', 'loe', 'di', 'gedein', 'bagus', 'buat', 'pupuk', 'jngan', 'bacot', 'loe', 'goblok', 'nih', 'cewek', 'knpa', 'bawa', 'suku'];['username', 'tai', 'loe', 'di', 'gedein', 'bagus', 'buat', 'pupuk', 'jngan', 'bacot', 'loe', 'goblok', 'nih', 'cewek', 'knpa', 'bawa', 'suku'];username tai loe di gedein bagus buat pupuk jngan bacot loe goblok nih cewek knpa bawa suku;username tai loe di gedein bagus buat pupuk jngan bacot loe goblok nih cewek knpa bawa suku;username tai loe gedein bagus buat pupuk jngan bacot loe goblok nih cewek knpa bawa suku
103;103;0;LAH ELO ARTIS APAAN? PAPAN BLENYEK AJA BELAGU AMAT ARTIS APAAN KGA POPULER SAMA SEKALU HAHAHA;lah elo is apaan papan blenyek aja belagu amat is apaan kga populer sama sekalu hahaha;['lah', 'elo', 'is', 'apaan', 'papan', 'blenyek', 'aja', 'belagu', 'amat', 'is', 'apaan', 'kga', 'populer', 'sama', 'sekalu', 'hahaha'];['lah', 'elo', 'is', 'apaan', 'papan', 'blenyek', 'aja', 'belagu', 'amat', 'is', 'apaan', 'kga', 'populer', 'sama', 'sekalu', 'hahaha'];lah elo is apaan papan blenyek aja belagu amat is apaan kga populer sama sekalu hahaha;lah elo is apaan papan blenyek aja belagu amat is apaan kga populer sama sekalu hahaha;elo is apa papan blenyek aja belagu is apa kga populer sama sekalu hahaha
104;104;0;ANANG MUKA NYA KAYA BABIII GITU AJA DI DEMENIN JIJIKK;anang muka nya kaya babiii gitu aja di demenin jijikk;['anang', 'muka', 'nya', 'kaya', 'babiii', 'gitu', 'aja', 'di', 'demenin', 'jijikk'];['anang', 'muka', 'nya', 'kaya', 'babiii', 'gitu', 'aja', 'di', 'demenin', 'jijikk'];anang muka nya kaya babiii gitu aja di demenin jijikk;anang muka nya kaya babiii gitu aja di demenin jijikk;anang muka kaya babiii gitu aja demenin jijikk
105;105;0;Kalau ga suka sama ayu ting ting ga usah separah itu dong ngejudge nya. Punya HATI dan OTAK kan? Dia juga manusia punya kekurangan dan juga punya kelebihan dan dia juga punya perasaan. Jadi jangan seenak nya menjudge orang seperti itu, kaya udah SEMPURNA AJA LO!  <USERNAME>;kalau ga suka sama ayu ting ting ga usah separah itu dong ngejudge nya punya hati dan otak kan dia juga manusia punya kekurangan dan juga punya kelebihan dan dia juga punya perasaan jadi jangan seenak nya menjudge orang seperti itu kaya udah sempurna aja lo username;['kalau', 'ga', 'suka', 'sama', 'ayu', 'ting', 'ting', 'ga', 'usah', 'separah', 'itu', 'dong', 'ngejudge', 'nya', 'punya', 'hati', 'dan', 'otak', 'kan', 'dia', 'juga', 'manusia', 'punya', 'kekurangan', 'dan', 'juga', 'punya', 'kelebihan', 'dan', 'dia', 'juga', 'punya', 'perasaan', 'jadi', 'jangan', 'seenak', 'nya', 'menjudge', 'orang', 'seperti', 'itu', 'kaya', 'udah', 'sempurna', 'aja', 'lo', 'username'];['kalau', 'ga', 'suka', 'sama', 'ayu', 'ting', 'ting', 'ga', 'usah', 'separah', 'itu', 'dong', 'ngejudge', 'nya', 'punya', 'hati', 'dan', 'otak', 'kan', 'dia', 'juga', 'manusia', 'punya', 'kekurangan', 'dan', 'juga', 'punya', 'kelebihan', 'dan', 'dia', 'juga', 'punya', 'perasaan', 'jadi', 'jangan', 'seenak', 'nya', 'menjudge', 'orang', 'seperti', 'itu', 'kaya', 'udah', 'sempurna', 'aja', 'lo', 'username'];kalau ga suka sama ayu ting ting ga usah separah itu dong ngejudge nya punya hati dan otak kan dia juga manusia punya kekurangan dan juga punya kelebihan dan dia juga punya perasaan jadi jangan seenak nya menjudge orang seperti itu kaya udah sempurna aja lo username;kalau ga suka sama ayu ting ting ga usah separah itu dong ngejudge nya punya hati dan otak kan dia juga manusia punya kekurangan dan juga punya kelebihan dan dia juga punya perasaan jadi jangan seenak nya menjudge orang seperti itu kaya udah sempurna aja lo username;kalau ga suka sama ayu ting ting ga usah parah dong ngejudge punya hati otak kan manusia punya kurang juga punya lebih dia juga punya asa jadi jangan enak menjudge orang itu kaya udah sempurna aja lo username
106;106;0;Ga pantes dipanggil ustad..org munafik ceramah sana sini org kelakuan sndr aja menzolimi istri sah nya dgn poligami diam2.kacian istri pertamanya,ga tw malu istri keduanya.. hadeh klo ada yg msh manggil dia bwt ceramah namanya bodo..;ga pantes dipanggil ustad org munafik ceramah sana sini org kelakuan sndr aja menzolimi istri sah nya dgn poligami diam kacian istri pertamanya ga tw malu istri keduanya hadeh klo ada yg msh manggil dia bwt ceramah namanya bodo;['ga', 'pantes', 'dipanggil', 'ustad', 'org', 'munafik', 'ceramah', 'sana', 'sini', 'org', 'kelakuan', 'sndr', 'aja', 'menzolimi', 'istri', 'sah', 'nya', 'dgn', 'poligami', 'diam', 'kacian', 'istri', 'pertamanya', 'ga', 'tw', 'malu', 'istri', 'keduanya', 'hadeh', 'klo', 'ada', 'yg', 'msh', 'manggil', 'dia', 'bwt', 'ceramah', 'namanya', 'bodo'];['ga', 'pantes', 'dipanggil', 'ustad', 'org', 'munafik', 'ceramah', 'sana', 'sini', 'org', 'kelakuan', 'sndr', 'aja', 'menzolimi', 'istri', 'sah', 'nya', 'dgn', 'poligami', 'diam', 'kacian', 'istri', 'pertamanya', 'ga', 'tw', 'malu', 'istri', 'keduanya', 'hadeh', 'klo', 'ada', 'yg', 'msh', 'manggil', 'dia', 'bwt', 'ceramah', 'namanya', 'bodo'];ga pantes dipanggil ustad org munafik ceramah sana sini org kelakuan sndr aja menzolimi istri sah nya dgn poligami diam kacian istri pertamanya ga tw malu istri keduanya hadeh klo ada yg msh manggil dia bwt ceramah namanya bodo;ga pantes dipanggil ustad org munafik ceramah sana sini org kelakuan sndr aja menzolimi istri sah nya dgn poligami diam kacian istri pertamanya ga tw malu istri keduanya hadeh klo ada yg msh manggil dia bwt ceramah namanya bodo;ga pantes panggil ustad org munafik ceramah sana sini org laku sndr aja menzolimi istri sah dgn poligami diam kaci istri pertama ga tw malu istri dua hadeh klo yg msh manggil bwt ceramah nama bodo
107;107;0;Biadab!! Klo nanti anak lo di bully.. Gue mampusin ya!!!;biadab klo nanti anak lo di bully gue mampusin ya;['biadab', 'klo', 'nanti', 'anak', 'lo', 'di', 'bully', 'gue', 'mampusin', 'ya'];['biadab', 'klo', 'nanti', 'anak', 'lo', 'di', 'bully', 'gue', 'mampusin', 'ya'];biadab klo nanti anak lo di bully gue mampusin ya;biadab klo nanti anak lo di bully gue mampusin ya;biadab klo anak lo bully gue mampusin
108;108;0;Dasar ANJING tuh cowok bukan org, berani sama cowok biasa one by one jangan sama yg lemah, dasar yah cowok2 jaman skrg, casing doank cowok, nyali nya lebih2 dari banci;dasar anjing tuh cowok bukan org berani sama cowok biasa one by one jangan sama yg lemah dasar yah cowok jaman skrg casing doank cowok nyali nya lebih dari banci;['dasar', 'anjing', 'tuh', 'cowok', 'bukan', 'org', 'berani', 'sama', 'cowok', 'biasa', 'one', 'by', 'one', 'jangan', 'sama', 'yg', 'lemah', 'dasar', 'yah', 'cowok', 'jaman', 'skrg', 'casing', 'doank', 'cowok', 'nyali', 'nya', 'lebih', 'dari', 'banci'];['dasar', 'anjing', 'tuh', 'cowok', 'bukan', 'org', 'berani', 'sama', 'cowok', 'biasa', 'one', 'by', 'one', 'jangan', 'sama', 'yg', 'lemah', 'dasar', 'yah', 'cowok', 'jaman', 'skrg', 'casing', 'doank', 'cowok', 'nyali', 'nya', 'lebih', 'dari', 'banci'];dasar anjing tuh cowok bukan org berani sama cowok biasa one by one jangan sama yg lemah dasar yah cowok jaman skrg casing doank cowok nyali nya lebih dari banci;dasar anjing tuh cowok bukan org berani sama cowok biasa one by one jangan sama yg lemah dasar yah cowok jaman skrg casing doank cowok nyali nya lebih dari banci;dasar anjing tuh cowok bukan org berani sama cowok biasa one by one jangan sama lemah dasar yah cowok jaman skrg casing doank cowok nyali lebih banci
109;109;0;" <USERNAME> iya kasian si micin?? padahal perusahan produk micin mengiklan kan kalo masak ""tambahkan micin biar tambah sedap"" netizen menyudutkan mecin seolah semua kebodohan orang yg punya gangguan jiwa ngemil micin??#justiceformicin";username iya kasian si micin padahal perusahan produk micin mengiklan kan kalo masak tambahkan micin biar tambah sedap netizen menyudutkan mecin seolah semua kebodohan orang yg punya gangguan jiwa ngemil micin;['username', 'iya', 'kasian', 'si', 'micin', 'padahal', 'perusahan', 'produk', 'micin', 'mengiklan', 'kan', 'kalo', 'masak', 'tambahkan', 'micin', 'biar', 'tambah', 'sedap', 'netizen', 'menyudutkan', 'mecin', 'seolah', 'semua', 'kebodohan', 'orang', 'yg', 'punya', 'gangguan', 'jiwa', 'ngemil', 'micin'];['username', 'iya', 'kasian', 'si', 'micin', 'padahal', 'perusahan', 'produk', 'micin', 'mengiklan', 'kan', 'kalo', 'masak', 'tambahkan', 'micin', 'biar', 'tambah', 'sedap', 'netizen', 'menyudutkan', 'mecin', 'seolah', 'semua', 'kebodohan', 'orang', 'yg', 'punya', 'gangguan', 'jiwa', 'ngemil', 'micin'];username iya kasian si micin padahal perusahan produk micin mengiklan kan kalo masak tambahkan micin biar tambah sedap netizen menyudutkan mecin seolah semua kebodohan orang yg punya gangguan jiwa ngemil micin;username iya kasian si micin padahal perusahan produk micin mengiklan kan kalo masak tambahkan micin biar tambah sedap netizen menyudutkan mecin seolah semua kebodohan orang yg punya gangguan jiwa ngemil micin;username iya kasi si micin padahal usah produk micin iklan kan kalo masak tambah micin biar tambah sedap netizen sudut mecin semua bodoh orang punya ganggu jiwa ngemil micin
110;110;0;Wahh jngn2 ini Vidio lama...kok bajunya norak bngtt seorang ayuu...terlihat murahaan;wahh jngn ini vidio lama kok bajunya norak bngtt seorang ayuu terlihat murahaan;['wahh', 'jngn', 'ini', 'vidio', 'lama', 'kok', 'bajunya', 'norak', 'bngtt', 'seorang', 'ayuu', 'terlihat', 'murahaan'];['wahh', 'jngn', 'ini', 'vidio', 'lama', 'kok', 'bajunya', 'norak', 'bngtt', 'seorang', 'ayuu', 'terlihat', 'murahaan'];wahh jngn ini vidio lama kok bajunya norak bngtt seorang ayuu terlihat murahaan;wahh jngn ini vidio lama kok bajunya norak bngtt seorang ayuu terlihat murahaan;wahh jngn vidio lama kok baju norak bngtt orang ayuu lihat murahaan
111;111;0; <USERNAME> bego lo ya;username bego lo ya;['username', 'bego', 'lo', 'ya'];['username', 'bego', 'lo', 'ya'];username bego lo ya;username bego lo ya;username bego lo
112;112;0;Editan banget itu. Ya ampun si mommy lambe kehabisan gosib ya buat si pelakor ?????????;editan banget itu ya ampun si mommy lambe kehabisan gosib ya buat si pelakor;['editan', 'banget', 'itu', 'ya', 'ampun', 'si', 'mommy', 'lambe', 'kehabisan', 'gosib', 'ya', 'buat', 'si', 'pelakor'];['editan', 'banget', 'itu', 'ya', 'ampun', 'si', 'mommy', 'lambe', 'kehabisan', 'gosib', 'ya', 'buat', 'si', 'pelakor'];editan banget itu ya ampun si mommy lambe kehabisan gosib ya buat si pelakor;editan banget itu ya ampun si mommy lambe kehabisan gosib ya buat si pelakor;edit banget ampun si mommy lambe habis gosib ya buat si pelakor
113;113;0;yah admin nya termasuk golongan pengonsumsi mecin dan pil pcc.. otak lu rusak min?;yah admin nya termasuk golongan pengonsumsi mecin dan pil pcc otak lu rusak min;['yah', 'admin', 'nya', 'termasuk', 'golongan', 'pengonsumsi', 'mecin', 'dan', 'pil', 'pcc', 'otak', 'lu', 'rusak', 'min'];['yah', 'admin', 'nya', 'termasuk', 'golongan', 'pengonsumsi', 'mecin', 'dan', 'pil', 'pcc', 'otak', 'lu', 'rusak', 'min'];yah admin nya termasuk golongan pengonsumsi mecin dan pil pcc otak lu rusak min;yah admin nya termasuk golongan pengonsumsi mecin dan pil pcc otak lu rusak min;yah admin masuk golong konsumsi mecin pil pcc otak lu rusak min
114;114;0;cuma org govlok yg prcya ayu slgkuh sma rafi.buktinya rafi sma gigi skrg baek2 aja..dan ktamu ayu itu pelakor?? SUAMI Siapa yg d rebut woyy?? skrg ayu punya suami?? fikir pke otak mkanya jgn kbanyakan micin kan jdi govlok;cuma org govlok yg prcya ayu slgkuh sma rafi buktinya rafi sma gigi skrg baek aja dan ktamu ayu itu pelakor suami siapa yg rebut woyy skrg ayu punya suami fikir pke otak mkanya jgn kbanyakan micin kan jdi govlok;['cuma', 'org', 'govlok', 'yg', 'prcya', 'ayu', 'slgkuh', 'sma', 'rafi', 'buktinya', 'rafi', 'sma', 'gigi', 'skrg', 'baek', 'aja', 'dan', 'ktamu', 'ayu', 'itu', 'pelakor', 'suami', 'siapa', 'yg', 'rebut', 'woyy', 'skrg', 'ayu', 'punya', 'suami', 'fikir', 'pke', 'otak', 'mkanya', 'jgn', 'kbanyakan', 'micin', 'kan', 'jdi', 'govlok'];['cuma', 'org', 'govlok', 'yg', 'prcya', 'ayu', 'slgkuh', 'sma', 'rafi', 'buktinya', 'rafi', 'sma', 'gigi', 'skrg', 'baek', 'aja', 'dan', 'ktamu', 'ayu', 'itu', 'pelakor', 'suami', 'siapa', 'yg', 'rebut', 'woyy', 'skrg', 'ayu', 'punya', 'suami', 'fikir', 'pke', 'otak', 'mkanya', 'jgn', 'kbanyakan', 'micin', 'kan', 'jdi', 'govlok'];cuma org govlok yg prcya ayu slgkuh sma rafi buktinya rafi sma gigi skrg baek aja dan ktamu ayu itu pelakor suami siapa yg rebut woyy skrg ayu punya suami fikir pke otak mkanya jgn kbanyakan micin kan jdi govlok;cuma org govlok yg prcya ayu slgkuh sma rafi buktinya rafi sma gigi skrg baek aja dan ktamu ayu itu pelakor suami siapa yg rebut woyy skrg ayu punya suami fikir pke otak mkanya jgn kbanyakan micin kan jdi govlok;cuma org govlok prcya ayu slgkuh sma rafi bukti rafi sma gigi skrg baek aja ktamu ayu pelakor suami siapa rebut woyy skrg ayu punya suami fikir pke otak mkanya jgn kbanyakan micin kan jdi govlok
115;115;0; <USERNAME> hoy barisan sakit hati ?? jijikk banget.. fans billy mah ALHAMDULILLAH bgt billy putus sama manusiaa buluk ituu... itu yg ditunggu lama2 akhiry putus juga.. dan sekarang kobil jg jijik sama ni orang :v;username hoy barisan sakit hati jijikk banget fans billy mah alhamdulillah bgt billy putus sama manusiaa buluk ituu itu yg ditunggu lama akhiry putus juga dan sekarang kobil jg jijik sama ni orang;['username', 'hoy', 'barisan', 'sakit', 'hati', 'jijikk', 'banget', 'fans', 'billy', 'mah', 'alhamdulillah', 'bgt', 'billy', 'putus', 'sama', 'manusiaa', 'buluk', 'ituu', 'itu', 'yg', 'ditunggu', 'lama', 'akhiry', 'putus', 'juga', 'dan', 'sekarang', 'kobil', 'jg', 'jijik', 'sama', 'ni', 'orang'];['username', 'hoy', 'barisan', 'sakit', 'hati', 'jijikk', 'banget', 'fans', 'billy', 'mah', 'alhamdulillah', 'bgt', 'billy', 'putus', 'sama', 'manusiaa', 'buluk', 'ituu', 'itu', 'yg', 'ditunggu', 'lama', 'akhiry', 'putus', 'juga', 'dan', 'sekarang', 'kobil', 'jg', 'jijik', 'sama', 'ni', 'orang'];username hoy barisan sakit hati jijikk banget fans billy mah alhamdulillah bgt billy putus sama manusiaa buluk ituu itu yg ditunggu lama akhiry putus juga dan sekarang kobil jg jijik sama ni orang;username hoy barisan sakit hati jijikk banget fans billy mah alhamdulillah bgt billy putus sama manusiaa buluk ituu itu yg ditunggu lama akhiry putus juga dan sekarang kobil jg jijik sama ni orang;username hoy baris sakit hati jijikk banget fans billy alhamdulillah bgt billy putus sama manusiaa buluk ituu yg tunggu lama akhiry putus dan sekarang kobil jg jijik sama ni orang
116;116;0;MBA  <USERNAME> KALAU KAMU GAK NGERASA CINLOK SAMA BABANG ANTHONY TERUS KALIAN AWALNYA KETEMU DIMANA SIH? DI SINET BOY KAN? ALAH NGAKU AJAAA. BERARTI KAN MBA DUMANG CINLOK, JANGAN SOK2 BILANG GAK CINLOK ITU NAMANYA PEMBODOHAN . WAJAR DONG NETIZEN BILANG RATU CINLOK KENYATAAN EMANG YA KAN? JANGAN MARAH .... RESIKO JADI ARTIS HAHAHHAA PINTER2 YA MBA KALAU MAU CARI ALASAN HAHAHAHAHA;mba username kalau kamu gak ngerasa cinlok sama babang anthony terus kalian awalnya ketemu dimana sih di sinet boy kan alah ngaku ajaaa bera kan mba dumang cinlok jangan sok bilang gak cinlok itu namanya pembodohan wajar dong netizen bilang ratu cinlok kenyataan emang ya kan jangan marah resiko jadi is hahahhaa pinter ya mba kalau mau cari alasan hahahahaha;['mba', 'username', 'kalau', 'kamu', 'gak', 'ngerasa', 'cinlok', 'sama', 'babang', 'anthony', 'terus', 'kalian', 'awalnya', 'ketemu', 'dimana', 'sih', 'di', 'sinet', 'boy', 'kan', 'alah', 'ngaku', 'ajaaa', 'bera', 'kan', 'mba', 'dumang', 'cinlok', 'jangan', 'sok', 'bilang', 'gak', 'cinlok', 'itu', 'namanya', 'pembodohan', 'wajar', 'dong', 'netizen', 'bilang', 'ratu', 'cinlok', 'kenyataan', 'emang', 'ya', 'kan', 'jangan', 'marah', 'resiko', 'jadi', 'is', 'hahahhaa', 'pinter', 'ya', 'mba', 'kalau', 'mau', 'cari', 'alasan', 'hahahahaha'];['mba', 'username', 'kalau', 'kamu', 'gak', 'ngerasa', 'cinlok', 'sama', 'babang', 'anthony', 'terus', 'kalian', 'awalnya', 'ketemu', 'dimana', 'sih', 'di', 'sinet', 'boy', 'kan', 'alah', 'ngaku', 'ajaaa', 'bera', 'kan', 'mba', 'dumang', 'cinlok', 'jangan', 'sok', 'bilang', 'gak', 'cinlok', 'itu', 'namanya', 'pembodohan', 'wajar', 'dong', 'netizen', 'bilang', 'ratu', 'cinlok', 'kenyataan', 'emang', 'ya', 'kan', 'jangan', 'marah', 'resiko', 'jadi', 'is', 'hahahhaa', 'pinter', 'ya', 'mba', 'kalau', 'mau', 'cari', 'alasan', 'hahahahaha'];mba username kalau kamu gak ngerasa cinlok sama babang anthony terus kalian awalnya ketemu dimana sih di sinet boy kan alah ngaku ajaaa bera kan mba dumang cinlok jangan sok bilang gak cinlok itu namanya pembodohan wajar dong netizen bilang ratu cinlok kenyataan emang ya kan jangan marah resiko jadi is hahahhaa pinter ya mba kalau mau cari alasan hahahahaha;mba username kalau kamu gak ngerasa cinlok sama babang anthony terus kalian awalnya ketemu dimana sih di sinet boy kan alah ngaku ajaaa bera kan mba dumang cinlok jangan sok bilang gak cinlok itu namanya pembodohan wajar dong netizen bilang ratu cinlok kenyataan emang ya kan jangan marah resiko jadi is hahahhaa pinter ya mba kalau mau cari alasan hahahahaha;mba username kalau kamu gak ngerasa cinlok sama babang anthony terus kalian awal ketemu sih set boy kan alah ngaku ajaaa bera kan mba dumang cinlok jangan sok bilang gak cinlok nama bodoh wajar dong netizen bilang ratu cinlok nyata emang kan jangan marah resiko jadi is hahahhaa pinter mba kalau mau cari alas hahahahaha
117;117;0; <USERNAME> Noh urus tu kuin lu, biar ga gatel nempel2 ama laki orng, masyarakat udh tau kali japok gundik janda gatel,udh kenyataan nya begtu KATANYA ANAK SHOLEHAH AGAMA NYA KUAT TAPI MATA KULIAH AGAMA CMA DPT 1,KATANYA AGAMA NYA KUAT TPI HAMIL DI LUAR;username noh urus tu kuin lu biar ga gatel nempel ama laki orng masyarakat udh tau kali japok gundik janda gatel udh kenyataan nya begtu katanya anak sholehah agama nya kuat tapi mata kuliah agama cma dpt   katanya agama nya kuat tpi hamil di luar;['username', 'noh', 'urus', 'tu', 'kuin', 'lu', 'biar', 'ga', 'gatel', 'nempel', 'ama', 'laki', 'orng', 'masyarakat', 'udh', 'tau', 'kali', 'japok', 'gundik', 'janda', 'gatel', 'udh', 'kenyataan', 'nya', 'begtu', 'katanya', 'anak', 'sholehah', 'agama', 'nya', 'kuat', 'tapi', 'mata', 'kuliah', 'agama', 'cma', 'dpt', 'katanya', 'agama', 'nya', 'kuat', 'tpi', 'hamil', 'di', 'luar'];['username', 'noh', 'urus', 'tu', 'kuin', 'lu', 'biar', 'ga', 'gatel', 'nempel', 'ama', 'laki', 'orng', 'masyarakat', 'udh', 'tau', 'kali', 'japok', 'gundik', 'janda', 'gatel', 'udh', 'kenyataan', 'nya', 'begtu', 'katanya', 'anak', 'sholehah', 'agama', 'nya', 'kuat', 'tapi', 'mata', 'kuliah', 'agama', 'cma', 'dpt', 'katanya', 'agama', 'nya', 'kuat', 'tpi', 'hamil', 'di', 'luar'];username noh urus tu kuin lu biar ga gatel nempel ama laki orng masyarakat udh tau kali japok gundik janda gatel udh kenyataan nya begtu katanya anak sholehah agama nya kuat tapi mata kuliah agama cma dpt katanya agama nya kuat tpi hamil di luar;username noh urus tu kuin lu biar ga gatel nempel ama laki orng masyarakat udh tau kali japok gundik janda gatel udh kenyataan nya begtu katanya anak sholehah agama nya kuat tapi mata kuliah agama cma dpt katanya agama nya kuat tpi hamil di luar;username noh urus tu kuin lu biar ga gatel nempel ama laki orng masyarakat udh tau kali japok gundik janda gatel udh nyata begtu kata anak sholehah agama kuat mata kuliah agama cma dpt kata agama kuat tpi hamil luar
118;118;0; <USERNAME> bilang tu sama kuin lu, jangan gesek grepe ama lakik orng, ga malu apa udh hamil di luar nikah, kegatelan amat jadi janda;username bilang tu sama kuin lu jangan gesek grepe ama lakik orng ga malu apa udh hamil di luar nikah kegatelan amat jadi janda;['username', 'bilang', 'tu', 'sama', 'kuin', 'lu', 'jangan', 'gesek', 'grepe', 'ama', 'lakik', 'orng', 'ga', 'malu', 'apa', 'udh', 'hamil', 'di', 'luar', 'nikah', 'kegatelan', 'amat', 'jadi', 'janda'];['username', 'bilang', 'tu', 'sama', 'kuin', 'lu', 'jangan', 'gesek', 'grepe', 'ama', 'lakik', 'orng', 'ga', 'malu', 'apa', 'udh', 'hamil', 'di', 'luar', 'nikah', 'kegatelan', 'amat', 'jadi', 'janda'];username bilang tu sama kuin lu jangan gesek grepe ama lakik orng ga malu apa udh hamil di luar nikah kegatelan amat jadi janda;username bilang tu sama kuin lu jangan gesek grepe ama lakik orng ga malu apa udh hamil di luar nikah kegatelan amat jadi janda;username bilang tu sama kuin lu jangan gesek grepe ama lakik orng ga malu apa udh hamil luar nikah kegatelan jadi janda
119;119;0;" <USERNAME> please lo jangan bela pelakor,ini semua hukuman untuk si muljem karna uda tega recut suami sahabat sendiri,dia lagi menjalani sanksi sosialnya!! kenapa valakor mesti dibenci?? karna biar ga ada valakor"" lainnya di Indonesia,biar musnah sem";username please lo jangan bela pelakor ini semua hukuman untuk si muljem karna uda tega recut suami sahabat sendiri dia lagi menjalani sanksi sosialnya kenapa valakor mesti dibenci karna biar ga ada valakor lainnya di indonesia biar musnah sem;['username', 'please', 'lo', 'jangan', 'bela', 'pelakor', 'ini', 'semua', 'hukuman', 'untuk', 'si', 'muljem', 'karna', 'uda', 'tega', 'recut', 'suami', 'sahabat', 'sendiri', 'dia', 'lagi', 'menjalani', 'sanksi', 'sosialnya', 'kenapa', 'valakor', 'mesti', 'dibenci', 'karna', 'biar', 'ga', 'ada', 'valakor', 'lainnya', 'di', 'indonesia', 'biar', 'musnah', 'sem'];['username', 'please', 'lo', 'jangan', 'bela', 'pelakor', 'ini', 'semua', 'hukuman', 'untuk', 'si', 'muljem', 'karna', 'uda', 'tega', 'recut', 'suami', 'sahabat', 'sendiri', 'dia', 'lagi', 'menjalani', 'sanksi', 'sosialnya', 'kenapa', 'valakor', 'mesti', 'dibenci', 'karna', 'biar', 'ga', 'ada', 'valakor', 'lainnya', 'di', 'indonesia', 'biar', 'musnah', 'sem'];username please lo jangan bela pelakor ini semua hukuman untuk si muljem karna uda tega recut suami sahabat sendiri dia lagi menjalani sanksi sosialnya kenapa valakor mesti dibenci karna biar ga ada valakor lainnya di indonesia biar musnah sem;username please lo jangan bela pelakor ini semua hukuman untuk si muljem karna uda tega recut suami sahabat sendiri dia lagi menjalani sanksi sosialnya kenapa valakor mesti dibenci karna biar ga ada valakor lainnya di indonesia biar musnah sem;username please lo jangan bela pelakor semua hukum si muljem karna uda tega recut suami sahabat sendiri lagi jalan sanksi sosial valakor mesti benci karna biar ga valakor lain indonesia biar musnah sem
120;120;0;NAJIS. INI BARU MUAKK, MENJIJIKAN, PELAKOR. JIJIK;najis ini baru muakk menjijikan pelakor jijik;['najis', 'ini', 'baru', 'muakk', 'menjijikan', 'pelakor', 'jijik'];['najis', 'ini', 'baru', 'muakk', 'menjijikan', 'pelakor', 'jijik'];najis ini baru muakk menjijikan pelakor jijik;najis ini baru muakk menjijikan pelakor jijik;najis baru muakk jijik pelakor jijik
121;121;0;Semoga pelakor2 kena karma dan semoga dapat karma yg meninggalkan istrinya yg bwrjuang dg dia dr nol tp setelah sukses selingkuh dan sok jd penguasa ke istri ya..;semoga pelakor kena karma dan semoga dapat karma yg meninggalkan istrinya yg bwrjuang dg dia dr nol tp setelah sukses selingkuh dan sok jd penguasa ke istri ya;['semoga', 'pelakor', 'kena', 'karma', 'dan', 'semoga', 'dapat', 'karma', 'yg', 'meninggalkan', 'istrinya', 'yg', 'bwrjuang', 'dg', 'dia', 'dr', 'nol', 'tp', 'setelah', 'sukses', 'selingkuh', 'dan', 'sok', 'jd', 'penguasa', 'ke', 'istri', 'ya'];['semoga', 'pelakor', 'kena', 'karma', 'dan', 'semoga', 'dapat', 'karma', 'yg', 'meninggalkan', 'istrinya', 'yg', 'bwrjuang', 'dg', 'dia', 'dr', 'nol', 'tp', 'setelah', 'sukses', 'selingkuh', 'dan', 'sok', 'jd', 'penguasa', 'ke', 'istri', 'ya'];semoga pelakor kena karma dan semoga dapat karma yg meninggalkan istrinya yg bwrjuang dg dia dr nol tp setelah sukses selingkuh dan sok jd penguasa ke istri ya;semoga pelakor kena karma dan semoga dapat karma yg meninggalkan istrinya yg bwrjuang dg dia dr nol tp setelah sukses selingkuh dan sok jd penguasa ke istri ya;moga pelakor kena karma moga karma tinggal istri bwrjuang dg dr nol tp sukses selingkuh sok jd kuasa istri
122;122;0;Sedih ya skrg ngamen di kawinan org .. mantan istri mahhhh naik pesawat jet .. bhay pelakor n botakbego ??????;sedih ya skrg ngamen di kawinan org mantan istri mahhhh naik pesawat jet bhay pelakor botakbego;['sedih', 'ya', 'skrg', 'ngamen', 'di', 'kawinan', 'org', 'mantan', 'istri', 'mahhhh', 'naik', 'pesawat', 'jet', 'bhay', 'pelakor', 'botakbego'];['sedih', 'ya', 'skrg', 'ngamen', 'di', 'kawinan', 'org', 'mantan', 'istri', 'mahhhh', 'naik', 'pesawat', 'jet', 'bhay', 'pelakor', 'botakbego'];sedih ya skrg ngamen di kawinan org mantan istri mahhhh naik pesawat jet bhay pelakor botakbego;sedih ya skrg ngamen di kawinan org mantan istri mahhhh naik pesawat jet bhay pelakor botakbego;sedih skrg ngamen kawin org mantan istri mahhhh naik pesawat jet bhay pelakor botakbego
123;123;0; <USERNAME> heeehh lo pelakornya yaaaakkk??? Ngapa lo jadi emosi??? Situuu kenal gw??? Kalo berani pake akun asli dong. Pantes pake akun bodong! Ngerebut laki orang juga diem2. ?????????? keceplosan yak pake aku bodong. Ngakak gueeee ?????????? lucu lo!;username heeehh lo pelakornya yaaaakkk ngapa lo jadi emosi situuu kenal gw kalo berani pake akun asli dong pantes pake akun bodong ngerebut laki orang juga diem keceplosan yak pake aku bodong ngakak gueeee lucu lo;['username', 'heeehh', 'lo', 'pelakornya', 'yaaaakkk', 'ngapa', 'lo', 'jadi', 'emosi', 'situuu', 'kenal', 'gw', 'kalo', 'berani', 'pake', 'akun', 'asli', 'dong', 'pantes', 'pake', 'akun', 'bodong', 'ngerebut', 'laki', 'orang', 'juga', 'diem', 'keceplosan', 'yak', 'pake', 'aku', 'bodong', 'ngakak', 'gueeee', 'lucu', 'lo'];['username', 'heeehh', 'lo', 'pelakornya', 'yaaaakkk', 'ngapa', 'lo', 'jadi', 'emosi', 'situuu', 'kenal', 'gw', 'kalo', 'berani', 'pake', 'akun', 'asli', 'dong', 'pantes', 'pake', 'akun', 'bodong', 'ngerebut', 'laki', 'orang', 'juga', 'diem', 'keceplosan', 'yak', 'pake', 'aku', 'bodong', 'ngakak', 'gueeee', 'lucu', 'lo'];username heeehh lo pelakornya yaaaakkk ngapa lo jadi emosi situuu kenal gw kalo berani pake akun asli dong pantes pake akun bodong ngerebut laki orang juga diem keceplosan yak pake aku bodong ngakak gueeee lucu lo;username heeehh lo pelakornya yaaaakkk ngapa lo jadi emosi situuu kenal gw kalo berani pake akun asli dong pantes pake akun bodong ngerebut laki orang juga diem keceplosan yak pake aku bodong ngakak gueeee lucu lo;username heeehh lo pelakornya yaaaakkk ngapa lo jadi emosi situuu kenal gw kalo berani pake akun asli dong pantes pake akun bodong ngerebut laki orang diem ceplos yak pake aku bodong ngakak gueeee lucu lo
124;124;0;Wkwkwkwk udh gak laku lagi jd nyanyi dhajatan si lonte pelakor;wkwkwkwk udh gak laku lagi jd nyanyi dhajatan si lonte pelakor;['wkwkwkwk', 'udh', 'gak', 'laku', 'lagi', 'jd', 'nyanyi', 'dhajatan', 'si', 'lonte', 'pelakor'];['wkwkwkwk', 'udh', 'gak', 'laku', 'lagi', 'jd', 'nyanyi', 'dhajatan', 'si', 'lonte', 'pelakor'];wkwkwkwk udh gak laku lagi jd nyanyi dhajatan si lonte pelakor;wkwkwkwk udh gak laku lagi jd nyanyi dhajatan si lonte pelakor;wkwkwkwk udh gak laku jd nyanyi dhajatan si lonte pelakor
125;125;0; <USERNAME> wakakak banyak lah cerita kyk gituu, buat pembelajaran aja.. jgn sampe ni swamik swamik lebih milih ke pelakor drpd istri pertama. Bakalan hancuuurr bookk ga bohong deh. Bakalan kere bakalan kismin bakalan nyungsep. Emang yg ngatur rezeki tu tuha;username wakakak banyak lah cerita kyk gituu buat pembelajaran aja jgn sampe ni swamik swamik lebih milih ke pelakor drpd istri pertama bakalan hancuuurr bookk ga bohong deh bakalan kere bakalan kismin bakalan nyungsep emang yg ngatur rezeki tu tuha;['username', 'wakakak', 'banyak', 'lah', 'cerita', 'kyk', 'gituu', 'buat', 'pembelajaran', 'aja', 'jgn', 'sampe', 'ni', 'swamik', 'swamik', 'lebih', 'milih', 'ke', 'pelakor', 'drpd', 'istri', 'pertama', 'bakalan', 'hancuuurr', 'bookk', 'ga', 'bohong', 'deh', 'bakalan', 'kere', 'bakalan', 'kismin', 'bakalan', 'nyungsep', 'emang', 'yg', 'ngatur', 'rezeki', 'tu', 'tuha'];['username', 'wakakak', 'banyak', 'lah', 'cerita', 'kyk', 'gituu', 'buat', 'pembelajaran', 'aja', 'jgn', 'sampe', 'ni', 'swamik', 'swamik', 'lebih', 'milih', 'ke', 'pelakor', 'drpd', 'istri', 'pertama', 'bakalan', 'hancuuurr', 'bookk', 'ga', 'bohong', 'deh', 'bakalan', 'kere', 'bakalan', 'kismin', 'bakalan', 'nyungsep', 'emang', 'yg', 'ngatur', 'rezeki', 'tu', 'tuha'];username wakakak banyak lah cerita kyk gituu buat pembelajaran aja jgn sampe ni swamik swamik lebih milih ke pelakor drpd istri pertama bakalan hancuuurr bookk ga bohong deh bakalan kere bakalan kismin bakalan nyungsep emang yg ngatur rezeki tu tuha;username wakakak banyak lah cerita kyk gituu buat pembelajaran aja jgn sampe ni swamik swamik lebih milih ke pelakor drpd istri pertama bakalan hancuuurr bookk ga bohong deh bakalan kere bakalan kismin bakalan nyungsep emang yg ngatur rezeki tu tuha;username wakakak banyak cerita kyk gituu buat ajar aja jgn sampe ni swamik swamik lebih milih pelakor drpd istri pertama bakal hancuuurr bookk ga bohong deh bakal kere bakal kismin bakal nyungsep emang ngatur rezeki tu tuha
126;126;0;Ini cwenya yg bego apa cwonya yg pinter ya ?! Emg lakinya kaya ?! Atau macho atau apa gitu plus nya ? Kayanya cuma jago gombal ?? atau maennya gesit ?! Ulala #ngakakabis;ini cwenya yg bego apa cwonya yg pinter ya emg lakinya kaya atau macho atau apa gitu plus nya kayanya cuma jago gombal atau maennya gesit ulala;['ini', 'cwenya', 'yg', 'bego', 'apa', 'cwonya', 'yg', 'pinter', 'ya', 'emg', 'lakinya', 'kaya', 'atau', 'macho', 'atau', 'apa', 'gitu', 'plus', 'nya', 'kayanya', 'cuma', 'jago', 'gombal', 'atau', 'maennya', 'gesit', 'ulala'];['ini', 'cwenya', 'yg', 'bego', 'apa', 'cwonya', 'yg', 'pinter', 'ya', 'emg', 'lakinya', 'kaya', 'atau', 'macho', 'atau', 'apa', 'gitu', 'plus', 'nya', 'kayanya', 'cuma', 'jago', 'gombal', 'atau', 'maennya', 'gesit', 'ulala'];ini cwenya yg bego apa cwonya yg pinter ya emg lakinya kaya atau macho atau apa gitu plus nya kayanya cuma jago gombal atau maennya gesit ulala;ini cwenya yg bego apa cwonya yg pinter ya emg lakinya kaya atau macho atau apa gitu plus nya kayanya cuma jago gombal atau maennya gesit ulala;cwenya bego apa cwonya pinter emg laki kaya macho apa gitu plus kaya cuma jago gombal maennya gesit ulala
127;127;0; <USERNAME> kamu itu yg bodoh! Ngapain keluarga depok komen org yg gak ada artinya lagi buat mereka??. ..cuma kalian aja yg hidupnya gak bahagia yg suka menghujat orang dan hidup artis ayu terlalu berpengaruh buat kamu!!. Emang dasar kamu benci ayu..klo;username kamu itu yg bodoh ngapain keluarga depok komen org yg gak ada artinya lagi buat mereka cuma kalian aja yg hidupnya gak bahagia yg suka menghujat orang dan hidup artis ayu terlalu berpengaruh buat kamu emang dasar kamu benci ayu klo;['username', 'kamu', 'itu', 'yg', 'bodoh', 'ngapain', 'keluarga', 'depok', 'komen', 'org', 'yg', 'gak', 'ada', 'artinya', 'lagi', 'buat', 'mereka', 'cuma', 'kalian', 'aja', 'yg', 'hidupnya', 'gak', 'bahagia', 'yg', 'suka', 'menghujat', 'orang', 'dan', 'hidup', 'artis', 'ayu', 'terlalu', 'berpengaruh', 'buat', 'kamu', 'emang', 'dasar', 'kamu', 'benci', 'ayu', 'klo'];['username', 'kamu', 'itu', 'yg', 'bodoh', 'ngapain', 'keluarga', 'depok', 'komen', 'org', 'yg', 'gak', 'ada', 'artinya', 'lagi', 'buat', 'mereka', 'cuma', 'kalian', 'aja', 'yg', 'hidupnya', 'gak', 'bahagia', 'yg', 'suka', 'menghujat', 'orang', 'dan', 'hidup', 'artis', 'ayu', 'terlalu', 'berpengaruh', 'buat', 'kamu', 'emang', 'dasar', 'kamu', 'benci', 'ayu', 'klo'];username kamu itu yg bodoh ngapain keluarga depok komen org yg gak ada artinya lagi buat mereka cuma kalian aja yg hidupnya gak bahagia yg suka menghujat orang dan hidup artis ayu terlalu berpengaruh buat kamu emang dasar kamu benci ayu klo;username kamu itu yg bodoh ngapain keluarga depok komen org yg gak ada artinya lagi buat mereka cuma kalian aja yg hidupnya gak bahagia yg suka menghujat orang dan hidup artis ayu terlalu berpengaruh buat kamu emang dasar kamu benci ayu klo;username kamu bodoh ngapain keluarga depok komen org gak arti buat cuma kalian aja hidup gak bahagia yg suka hujat orang hidup artis ayu terlalu pengaruh buat kamu emang dasar kamu benci ayu klo
128;128;0; <USERNAME> saya mah lihat yg terlihat jelas.. bukan main prasangka kayak elu.elu itu haters kayak dukun...dukun titisan dajjal .. sok Pinter tapi otak kosong?????? sorry ye.. gue bala Nabi Muhammad yg percaya klo udh ditunjukkin 4 saksi Dan bukti.. klo;username saya mah lihat yg terlihat jelas bukan main prasangka kayak elu elu itu haters kayak dukun dukun titisan dajjal sok pinter tapi otak kosong sorry ye gue bala nabi muhammad yg percaya klo udh ditunjukkin   saksi dan bukti klo;['username', 'saya', 'mah', 'lihat', 'yg', 'terlihat', 'jelas', 'bukan', 'main', 'prasangka', 'kayak', 'elu', 'elu', 'itu', 'haters', 'kayak', 'dukun', 'dukun', 'titisan', 'dajjal', 'sok', 'pinter', 'tapi', 'otak', 'kosong', 'sorry', 'ye', 'gue', 'bala', 'nabi', 'muhammad', 'yg', 'percaya', 'klo', 'udh', 'ditunjukkin', 'saksi', 'dan', 'bukti', 'klo'];['username', 'saya', 'mah', 'lihat', 'yg', 'terlihat', 'jelas', 'bukan', 'main', 'prasangka', 'kayak', 'elu', 'elu', 'itu', 'haters', 'kayak', 'dukun', 'dukun', 'titisan', 'dajjal', 'sok', 'pinter', 'tapi', 'otak', 'kosong', 'sorry', 'ye', 'gue', 'bala', 'nabi', 'muhammad', 'yg', 'percaya', 'klo', 'udh', 'ditunjukkin', 'saksi', 'dan', 'bukti', 'klo'];username saya mah lihat yg terlihat jelas bukan main prasangka kayak elu elu itu haters kayak dukun dukun titisan dajjal sok pinter tapi otak kosong sorry ye gue bala nabi muhammad yg percaya klo udh ditunjukkin saksi dan bukti klo;username saya mah lihat yg terlihat jelas bukan main prasangka kayak elu elu itu haters kayak dukun dukun titisan dajjal sok pinter tapi otak kosong sorry ye gue bala nabi muhammad yg percaya klo udh ditunjukkin saksi dan bukti klo;username mah lihat lihat jelas bukan main prasangka kayak elu elu haters kayak dukun dukun titis dajjal sok pinter otak kosong sorry ye gue bala nabi muhammad percaya klo udh ditunjukkin saksi bukti klo
129;129;0;Mata ku sepet baca koment fans ubul empang ..minggir woy bikin rusuh aja nih jaer amis jijik sumpah.soal enji sm cewek lain ttp aja bala jaer nyampah bikin ribut .;mata ku sepet baca koment fans ubul empang minggir woy bikin rusuh aja nih jaer amis jijik sumpah soal enji sm cewek lain ttp aja bala jaer nyampah bikin ribut;['mata', 'ku', 'sepet', 'baca', 'koment', 'fans', 'ubul', 'empang', 'minggir', 'woy', 'bikin', 'rusuh', 'aja', 'nih', 'jaer', 'amis', 'jijik', 'sumpah', 'soal', 'enji', 'sm', 'cewek', 'lain', 'ttp', 'aja', 'bala', 'jaer', 'nyampah', 'bikin', 'ribut'];['mata', 'ku', 'sepet', 'baca', 'koment', 'fans', 'ubul', 'empang', 'minggir', 'woy', 'bikin', 'rusuh', 'aja', 'nih', 'jaer', 'amis', 'jijik', 'sumpah', 'soal', 'enji', 'sm', 'cewek', 'lain', 'ttp', 'aja', 'bala', 'jaer', 'nyampah', 'bikin', 'ribut'];mata ku sepet baca koment fans ubul empang minggir woy bikin rusuh aja nih jaer amis jijik sumpah soal enji sm cewek lain ttp aja bala jaer nyampah bikin ribut;mata ku sepet baca koment fans ubul empang minggir woy bikin rusuh aja nih jaer amis jijik sumpah soal enji sm cewek lain ttp aja bala jaer nyampah bikin ribut;mata ku sepet baca koment fans ubul empang minggir woy bikin rusuh aja nih jaer amis jijik sumpah soal enji sm cewek ttp aja bala jaer nyampah bikin ribut
130;130;0;Ini siapa sih si enji, hartis kah ? Males banget jijik laki model beginian mah gak ada tanggung jwbnya. Ayu bunting di tinggalin anak gak di akuin, skrg anak udh nongol bilqis cantek eh sampek bini nya ngeposting yg seolah enji kangen anaknya. Najonggg jijik betoll.. Dah deh min gak usah di bahas lagi laki macam begini, hartis aja bukan gak ada panutan yg bisa di ambil  <USERNAME>;ini siapa sih si enji hartis kah males banget jijik laki model beginian mah gak ada tanggung jwbnya ayu bunting di tinggalin anak gak di akuin skrg anak udh nongol bilqis cantek eh sampek bini nya ngeposting yg seolah enji kangen anaknya najonggg jijik betoll dah deh min gak usah di bahas lagi laki macam begini hartis aja bukan gak ada panutan yg bisa di ambil username;['ini', 'siapa', 'sih', 'si', 'enji', 'hartis', 'kah', 'males', 'banget', 'jijik', 'laki', 'model', 'beginian', 'mah', 'gak', 'ada', 'tanggung', 'jwbnya', 'ayu', 'bunting', 'di', 'tinggalin', 'anak', 'gak', 'di', 'akuin', 'skrg', 'anak', 'udh', 'nongol', 'bilqis', 'cantek', 'eh', 'sampek', 'bini', 'nya', 'ngeposting', 'yg', 'seolah', 'enji', 'kangen', 'anaknya', 'najonggg', 'jijik', 'betoll', 'dah', 'deh', 'min', 'gak', 'usah', 'di', 'bahas', 'lagi', 'laki', 'macam', 'begini', 'hartis', 'aja', 'bukan', 'gak', 'ada', 'panutan', 'yg', 'bisa', 'di', 'ambil', 'username'];['ini', 'siapa', 'sih', 'si', 'enji', 'hartis', 'kah', 'males', 'banget', 'jijik', 'laki', 'model', 'beginian', 'mah', 'gak', 'ada', 'tanggung', 'jwbnya', 'ayu', 'bunting', 'di', 'tinggalin', 'anak', 'gak', 'di', 'akuin', 'skrg', 'anak', 'udh', 'nongol', 'bilqis', 'cantek', 'eh', 'sampek', 'bini', 'nya', 'ngeposting', 'yg', 'seolah', 'enji', 'kangen', 'anaknya', 'najonggg', 'jijik', 'betoll', 'dah', 'deh', 'min', 'gak', 'usah', 'di', 'bahas', 'lagi', 'laki', 'macam', 'begini', 'hartis', 'aja', 'bukan', 'gak', 'ada', 'panutan', 'yg', 'bisa', 'di', 'ambil', 'username'];ini siapa sih si enji hartis kah males banget jijik laki model beginian mah gak ada tanggung jwbnya ayu bunting di tinggalin anak gak di akuin skrg anak udh nongol bilqis cantek eh sampek bini nya ngeposting yg seolah enji kangen anaknya najonggg jijik betoll dah deh min gak usah di bahas lagi laki macam begini hartis aja bukan gak ada panutan yg bisa di ambil username;ini siapa sih si enji hartis kah males banget jijik laki model beginian mah gak ada tanggung jwbnya ayu bunting di tinggalin anak gak di akuin skrg anak udh nongol bilqis cantek eh sampek bini nya ngeposting yg seolah enji kangen anaknya najonggg jijik betoll dah deh min gak usah di bahas lagi laki macam begini hartis aja bukan gak ada panutan yg bisa di ambil username;siapa si enji hart males banget jijik laki model begini gak tanggung jwbnya ayu bunting tinggalin anak gak akuin skrg anak udh nongol bilqis cantek sampek bini ngeposting olah enji kangen anak najonggg jijik betoll dah deh min gak usah bahas laki macam begini hart aja bukan gak panutan bisa ambil username
131;131;0; <USERNAME> bego nya lagi pede amat ngomong seolah yg dia bilang paling bener, padahal bukti aja kaga ada. Mau keliatan pinter jatohnya bego??;username bego nya lagi pede amat ngomong seolah yg dia bilang paling bener padahal bukti aja kaga ada mau keliatan pinter jatohnya bego;['username', 'bego', 'nya', 'lagi', 'pede', 'amat', 'ngomong', 'seolah', 'yg', 'dia', 'bilang', 'paling', 'bener', 'padahal', 'bukti', 'aja', 'kaga', 'ada', 'mau', 'keliatan', 'pinter', 'jatohnya', 'bego'];['username', 'bego', 'nya', 'lagi', 'pede', 'amat', 'ngomong', 'seolah', 'yg', 'dia', 'bilang', 'paling', 'bener', 'padahal', 'bukti', 'aja', 'kaga', 'ada', 'mau', 'keliatan', 'pinter', 'jatohnya', 'bego'];username bego nya lagi pede amat ngomong seolah yg dia bilang paling bener padahal bukti aja kaga ada mau keliatan pinter jatohnya bego;username bego nya lagi pede amat ngomong seolah yg dia bilang paling bener padahal bukti aja kaga ada mau keliatan pinter jatohnya bego;username bego lagi pede ngomong yg bilang paling bener padahal bukti aja kaga mau liat pinter jatohnya bego
132;132;0;Yang pada bilang enji ganteng bebas slingkuh bego kali. Ganteng pala lu bau menyan. Gada ganteng ganteng nya. Kebanyakan gaya kek mantan bini depok nya.;yang pada bilang enji ganteng bebas slingkuh bego kali ganteng pala lu bau menyan gada ganteng ganteng nya kebanyakan gaya kek mantan bini depok nya;['yang', 'pada', 'bilang', 'enji', 'ganteng', 'bebas', 'slingkuh', 'bego', 'kali', 'ganteng', 'pala', 'lu', 'bau', 'menyan', 'gada', 'ganteng', 'ganteng', 'nya', 'kebanyakan', 'gaya', 'kek', 'mantan', 'bini', 'depok', 'nya'];['yang', 'pada', 'bilang', 'enji', 'ganteng', 'bebas', 'slingkuh', 'bego', 'kali', 'ganteng', 'pala', 'lu', 'bau', 'menyan', 'gada', 'ganteng', 'ganteng', 'nya', 'kebanyakan', 'gaya', 'kek', 'mantan', 'bini', 'depok', 'nya'];yang pada bilang enji ganteng bebas slingkuh bego kali ganteng pala lu bau menyan gada ganteng ganteng nya kebanyakan gaya kek mantan bini depok nya;yang pada bilang enji ganteng bebas slingkuh bego kali ganteng pala lu bau menyan gada ganteng ganteng nya kebanyakan gaya kek mantan bini depok nya;pada bilang enji ganteng bebas slingkuh bego kali ganteng pala lu bau menyan gada ganteng ganteng banyak gaya kek mantan bini depok
133;133;0;Sebenarnye cocok enji sama att, sama sama GATEEEEL hahah pantesan si tongtong dipertemukan dgn enji, udh hukum alam klw jodoh kita cerminan diri kita, nah si entong hrsnya bekaca dgn masa lalu biar sadar tp teryata otak 1 M tetep mau di pertahankan jd skrg mlh menjadi jadi guatelnye, sama aja kek enji, hah;sebenarnye cocok enji sama att sama sama gateeeel hahah pantesan si tongtong dipertemukan dgn enji udh hukum alam klw jodoh kita cerminan diri kita nah si entong hrsnya bekaca dgn masa lalu biar sadar tp teryata otak   tetep mau di pertahankan jd skrg mlh menjadi jadi guatelnye sama aja kek enji hah;['sebenarnye', 'cocok', 'enji', 'sama', 'att', 'sama', 'sama', 'gateeeel', 'hahah', 'pantesan', 'si', 'tongtong', 'dipertemukan', 'dgn', 'enji', 'udh', 'hukum', 'alam', 'klw', 'jodoh', 'kita', 'cerminan', 'diri', 'kita', 'nah', 'si', 'entong', 'hrsnya', 'bekaca', 'dgn', 'masa', 'lalu', 'biar', 'sadar', 'tp', 'teryata', 'otak', 'tetep', 'mau', 'di', 'pertahankan', 'jd', 'skrg', 'mlh', 'menjadi', 'jadi', 'guatelnye', 'sama', 'aja', 'kek', 'enji', 'hah'];['sebenarnye', 'cocok', 'enji', 'sama', 'att', 'sama', 'sama', 'gateeeel', 'hahah', 'pantesan', 'si', 'tongtong', 'dipertemukan', 'dgn', 'enji', 'udh', 'hukum', 'alam', 'klw', 'jodoh', 'kita', 'cerminan', 'diri', 'kita', 'nah', 'si', 'entong', 'hrsnya', 'bekaca', 'dgn', 'masa', 'lalu', 'biar', 'sadar', 'tp', 'teryata', 'otak', 'tetep', 'mau', 'di', 'pertahankan', 'jd', 'skrg', 'mlh', 'menjadi', 'jadi', 'guatelnye', 'sama', 'aja', 'kek', 'enji', 'hah'];sebenarnye cocok enji sama att sama sama gateeeel hahah pantesan si tongtong dipertemukan dgn enji udh hukum alam klw jodoh kita cerminan diri kita nah si entong hrsnya bekaca dgn masa lalu biar sadar tp teryata otak tetep mau di pertahankan jd skrg mlh menjadi jadi guatelnye sama aja kek enji hah;sebenarnye cocok enji sama att sama sama gateeeel hahah pantesan si tongtong dipertemukan dgn enji udh hukum alam klw jodoh kita cerminan diri kita nah si entong hrsnya bekaca dgn masa lalu biar sadar tp teryata otak tetep mau di pertahankan jd skrg mlh menjadi jadi guatelnye sama aja kek enji hah;sebenarnye cocok enji sama att sama sama gateeeel hahah pantesan si tongtong temu dgn enji udh hukum alam klw jodoh cermin diri nah si entong hrsnya bekaca dgn masa lalu biar sadar tp teryata otak tetep mau tahan jd skrg mlh jadi jadi guatelnye sama aja kek enji hah
134;134;0; <USERNAME> oalaahhh,, semakin banyak aja pelakor ?? laki nya jg kegatelan, tp namanya laki ibarat kucing di ksh ikan jaer gratis ya kga nolak wkwkkwkw;username oalaahhh semakin banyak aja pelakor laki nya jg kegatelan tp namanya laki ibarat kucing di ksh ikan jaer gratis ya kga nolak wkwkkwkw;['username', 'oalaahhh', 'semakin', 'banyak', 'aja', 'pelakor', 'laki', 'nya', 'jg', 'kegatelan', 'tp', 'namanya', 'laki', 'ibarat', 'kucing', 'di', 'ksh', 'ikan', 'jaer', 'gratis', 'ya', 'kga', 'nolak', 'wkwkkwkw'];['username', 'oalaahhh', 'semakin', 'banyak', 'aja', 'pelakor', 'laki', 'nya', 'jg', 'kegatelan', 'tp', 'namanya', 'laki', 'ibarat', 'kucing', 'di', 'ksh', 'ikan', 'jaer', 'gratis', 'ya', 'kga', 'nolak', 'wkwkkwkw'];username oalaahhh semakin banyak aja pelakor laki nya jg kegatelan tp namanya laki ibarat kucing di ksh ikan jaer gratis ya kga nolak wkwkkwkw;username oalaahhh semakin banyak aja pelakor laki nya jg kegatelan tp namanya laki ibarat kucing di ksh ikan jaer gratis ya kga nolak wkwkkwkw;username oalaahhh makin banyak aja pelakor laki jg kegatelan tp nama laki ibarat kucing ksh ikan jaer gratis kga nolak wkwkkwkw
135;135;0;Begitulah laki2 ya sis, lebih suka pecun2 murahan, daripada prempuan baik2 berjilbab ato pintar. Enji2, kok downgrade sih? Dari pedangdut naik kelas prempuan berjilbab ehh milih sama pecun lagi.. jeleknya seleramu;begitulah laki ya sis lebih suka pecun murahan daripada prempuan baik berjilbab ato pintar enji kok downgrade sih dari pedangdut naik kelas prempuan berjilbab ehh milih sama pecun lagi jeleknya seleramu;['begitulah', 'laki', 'ya', 'sis', 'lebih', 'suka', 'pecun', 'murahan', 'daripada', 'prempuan', 'baik', 'berjilbab', 'ato', 'pintar', 'enji', 'kok', 'downgrade', 'sih', 'dari', 'pedangdut', 'naik', 'kelas', 'prempuan', 'berjilbab', 'ehh', 'milih', 'sama', 'pecun', 'lagi', 'jeleknya', 'seleramu'];['begitulah', 'laki', 'ya', 'sis', 'lebih', 'suka', 'pecun', 'murahan', 'daripada', 'prempuan', 'baik', 'berjilbab', 'ato', 'pintar', 'enji', 'kok', 'downgrade', 'sih', 'dari', 'pedangdut', 'naik', 'kelas', 'prempuan', 'berjilbab', 'ehh', 'milih', 'sama', 'pecun', 'lagi', 'jeleknya', 'seleramu'];begitulah laki ya sis lebih suka pecun murahan daripada prempuan baik berjilbab ato pintar enji kok downgrade sih dari pedangdut naik kelas prempuan berjilbab ehh milih sama pecun lagi jeleknya seleramu;begitulah laki ya sis lebih suka pecun murahan daripada prempuan baik berjilbab ato pintar enji kok downgrade sih dari pedangdut naik kelas prempuan berjilbab ehh milih sama pecun lagi jeleknya seleramu;begitu laki sis lebih suka pecun murah prempuan baik jilbab ato pintar enji kok downgrade dari dangdut naik kelas prempuan jilbab milih sama pecun jelek selera
136;136;0;Motorninja aj songong amat mba org yg punya mobil lamborgini aj biasa wae kok ????????;motorninja aj songong amat mba org yg punya mobil lamborgini aj biasa wae kok;['motorninja', 'aj', 'songong', 'amat', 'mba', 'org', 'yg', 'punya', 'mobil', 'lamborgini', 'aj', 'biasa', 'wae', 'kok'];['motorninja', 'aj', 'songong', 'amat', 'mba', 'org', 'yg', 'punya', 'mobil', 'lamborgini', 'aj', 'biasa', 'wae', 'kok'];motorninja aj songong amat mba org yg punya mobil lamborgini aj biasa wae kok;motorninja aj songong amat mba org yg punya mobil lamborgini aj biasa wae kok;motorninja aj songong mba org punya mobil lamborgini aj biasa wae kok
137;137;0;GoBlOk ?????? gua nonton berkali≤ kaget juga ??;goblok gua nonton berkali kaget juga;['goblok', 'gua', 'nonton', 'berkali', 'kaget', 'juga'];['goblok', 'gua', 'nonton', 'berkali', 'kaget', 'juga'];goblok gua nonton berkali kaget juga;goblok gua nonton berkali kaget juga;goblok gua nonton kali kaget
138;138;0;Ga usa pake anjing, babi!! ?????? kalo gw bls gitu wkwk;ga usa pake anjing babi kalo gw bls gitu wkwk;['ga', 'usa', 'pake', 'anjing', 'babi', 'kalo', 'gw', 'bls', 'gitu', 'wkwk'];['ga', 'usa', 'pake', 'anjing', 'babi', 'kalo', 'gw', 'bls', 'gitu', 'wkwk'];ga usa pake anjing babi kalo gw bls gitu wkwk;ga usa pake anjing babi kalo gw bls gitu wkwk;ga usa pake anjing babi kalo gw bls gitu wkwk
139;139;0;Oh ini toh yang kemaren TIDAK MENGHARGAI KARYA ORANG DAN SEENAKNYA BILANG JELEK BANGET... Aduh itu penganten perempuan nya KEKENYANGAN yah... Ampe kembung gitu perut nya... #pepuraLuGU;oh ini toh yang kemaren tidak menghargai karya orang dan seenaknya bilang jelek banget aduh itu penganten perempuan nya kekenyangan yah ampe kembung gitu perut nya;['oh', 'ini', 'toh', 'yang', 'kemaren', 'tidak', 'menghargai', 'karya', 'orang', 'dan', 'seenaknya', 'bilang', 'jelek', 'banget', 'aduh', 'itu', 'penganten', 'perempuan', 'nya', 'kekenyangan', 'yah', 'ampe', 'kembung', 'gitu', 'perut', 'nya'];['oh', 'ini', 'toh', 'yang', 'kemaren', 'tidak', 'menghargai', 'karya', 'orang', 'dan', 'seenaknya', 'bilang', 'jelek', 'banget', 'aduh', 'itu', 'penganten', 'perempuan', 'nya', 'kekenyangan', 'yah', 'ampe', 'kembung', 'gitu', 'perut', 'nya'];oh ini toh yang kemaren tidak menghargai karya orang dan seenaknya bilang jelek banget aduh itu penganten perempuan nya kekenyangan yah ampe kembung gitu perut nya;oh ini toh yang kemaren tidak menghargai karya orang dan seenaknya bilang jelek banget aduh itu penganten perempuan nya kekenyangan yah ampe kembung gitu perut nya;ini yang kemaren harga karya orang enak bilang jelek banget aduh penganten perempuan kenyang yah ampe kembung gitu perut
140;140;0;"Dari awal percaya gimik Raffi gigi dn att...sehingga att peserta keluarga di hujad dn anak ny...di hujad ...semakin kesini penonton semakin di bodohin?? semakin publik tertuju mereka ??????yg kasihan para penghujad ....ga apa"" lah ayu ga ada di pesbukers biar dia ngeluarkn album"" baru single baru setelah para artis halan"" keluar nengri gimik"" apa lagi yoo";dari awal percaya gimik raffi gigi dn att sehingga att peserta keluarga di hujad dn anak ny di hujad semakin kesini penonton semakin di bodohin semakin publik tertuju mereka yg kasihan para penghujad ga apa lah ayu ga ada di pesbukers biar dia ngeluarkn album baru single baru setelah para artis halan keluar nengri gimik apa lagi yoo;['dari', 'awal', 'percaya', 'gimik', 'raffi', 'gigi', 'dn', 'att', 'sehingga', 'att', 'peserta', 'keluarga', 'di', 'hujad', 'dn', 'anak', 'ny', 'di', 'hujad', 'semakin', 'kesini', 'penonton', 'semakin', 'di', 'bodohin', 'semakin', 'publik', 'tertuju', 'mereka', 'yg', 'kasihan', 'para', 'penghujad', 'ga', 'apa', 'lah', 'ayu', 'ga', 'ada', 'di', 'pesbukers', 'biar', 'dia', 'ngeluarkn', 'album', 'baru', 'single', 'baru', 'setelah', 'para', 'artis', 'halan', 'keluar', 'nengri', 'gimik', 'apa', 'lagi', 'yoo'];['dari', 'awal', 'percaya', 'gimik', 'raffi', 'gigi', 'dn', 'att', 'sehingga', 'att', 'peserta', 'keluarga', 'di', 'hujad', 'dn', 'anak', 'ny', 'di', 'hujad', 'semakin', 'kesini', 'penonton', 'semakin', 'di', 'bodohin', 'semakin', 'publik', 'tertuju', 'mereka', 'yg', 'kasihan', 'para', 'penghujad', 'ga', 'apa', 'lah', 'ayu', 'ga', 'ada', 'di', 'pesbukers', 'biar', 'dia', 'ngeluarkn', 'album', 'baru', 'single', 'baru', 'setelah', 'para', 'artis', 'halan', 'keluar', 'nengri', 'gimik', 'apa', 'lagi', 'yoo'];dari awal percaya gimik raffi gigi dn att sehingga att peserta keluarga di hujad dn anak ny di hujad semakin kesini penonton semakin di bodohin semakin publik tertuju mereka yg kasihan para penghujad ga apa lah ayu ga ada di pesbukers biar dia ngeluarkn album baru single baru setelah para artis halan keluar nengri gimik apa lagi yoo;dari awal percaya gimik raffi gigi dn att sehingga att peserta keluarga di hujad dn anak ny di hujad semakin kesini penonton semakin di bodohin semakin publik tertuju mereka yg kasihan para penghujad ga apa lah ayu ga ada di pesbukers biar dia ngeluarkn album baru single baru setelah para artis halan keluar nengri gimik apa lagi yoo;awal percaya gimik raffi gigi dn att att serta keluarga hujad dn anak ny hujad makin kesini tonton makin bodohin makin publik tuju yg kasihan penghujad ga apa ayu ga di pesbukers biar ngeluarkn album baru single baru para artis hal keluar nengri gimik apa yoo
141;141;0;Kalo bener gimmick, bodoh banget si ayu cuma demi rating n popularitas berani taruhin harga dirinya buat di nilai buruk oleh mata masyarakat ????;kalo bener gimmick bodoh banget si ayu cuma demi rating popularitas berani taruhin harga dirinya buat di nilai buruk oleh mata masyarakat;['kalo', 'bener', 'gimmick', 'bodoh', 'banget', 'si', 'ayu', 'cuma', 'demi', 'rating', 'popularitas', 'berani', 'taruhin', 'harga', 'dirinya', 'buat', 'di', 'nilai', 'buruk', 'oleh', 'mata', 'masyarakat'];['kalo', 'bener', 'gimmick', 'bodoh', 'banget', 'si', 'ayu', 'cuma', 'demi', 'rating', 'popularitas', 'berani', 'taruhin', 'harga', 'dirinya', 'buat', 'di', 'nilai', 'buruk', 'oleh', 'mata', 'masyarakat'];kalo bener gimmick bodoh banget si ayu cuma demi rating popularitas berani taruhin harga dirinya buat di nilai buruk oleh mata masyarakat;kalo bener gimmick bodoh banget si ayu cuma demi rating popularitas berani taruhin harga dirinya buat di nilai buruk oleh mata masyarakat;kalo bener gimmick bodoh banget si ayu cuma rating popularitas berani taruhin harga diri buat nilai buruk mata masyarakat
142;142;0;Susah otaknya diemvang mah bikin rusuh dilapak orang;susah otaknya diemvang mah bikin rusuh dilapak orang;['susah', 'otaknya', 'diemvang', 'mah', 'bikin', 'rusuh', 'dilapak', 'orang'];['susah', 'otaknya', 'diemvang', 'mah', 'bikin', 'rusuh', 'dilapak', 'orang'];susah otaknya diemvang mah bikin rusuh dilapak orang;susah otaknya diemvang mah bikin rusuh dilapak orang;susah otak diemvang bikin rusuh lapak orang
143;143;0;najiiisss kayak si mba dese ga gitu ajaaa. hahahahaha maling teriak maling. ngaca buuuuuk;najiiisss kayak si mba dese ga gitu ajaaa hahahahaha maling teriak maling ngaca buuuuuk;['najiiisss', 'kayak', 'si', 'mba', 'dese', 'ga', 'gitu', 'ajaaa', 'hahahahaha', 'maling', 'teriak', 'maling', 'ngaca', 'buuuuuk'];['najiiisss', 'kayak', 'si', 'mba', 'dese', 'ga', 'gitu', 'ajaaa', 'hahahahaha', 'maling', 'teriak', 'maling', 'ngaca', 'buuuuuk'];najiiisss kayak si mba dese ga gitu ajaaa hahahahaha maling teriak maling ngaca buuuuuk;najiiisss kayak si mba dese ga gitu ajaaa hahahahaha maling teriak maling ngaca buuuuuk;najiiisss kayak si mba dese ga gitu ajaaa hahahahaha maling teriak maling ngaca buuuuuk
144;144;0; <USERNAME> IYAK KAA HAHAHAHAH geli bgt gasih sama att ih kampung abis:(((;username iyak kaa hahahahah geli bgt gasih sama att ih kampung abis;['username', 'iyak', 'kaa', 'hahahahah', 'geli', 'bgt', 'gasih', 'sama', 'att', 'ih', 'kampung', 'abis'];['username', 'iyak', 'kaa', 'hahahahah', 'geli', 'bgt', 'gasih', 'sama', 'att', 'ih', 'kampung', 'abis'];username iyak kaa hahahahah geli bgt gasih sama att ih kampung abis;username iyak kaa hahahahah geli bgt gasih sama att ih kampung abis;username iyak kaa hahahahah geli bgt gasih sama att ih kampung abis
145;145;0;JOGETNYA BIKIN NGAKAKKK ANJIRRRR, KAMPUNGAN BANGET??????  <USERNAME>  <USERNAME>;jogetnya bikin ngakakkk anjirrrr kampungan banget username username;['jogetnya', 'bikin', 'ngakakkk', 'anjirrrr', 'kampungan', 'banget', 'username', 'username'];['jogetnya', 'bikin', 'ngakakkk', 'anjirrrr', 'kampungan', 'banget', 'username', 'username'];jogetnya bikin ngakakkk anjirrrr kampungan banget username username;jogetnya bikin ngakakkk anjirrrr kampungan banget username username;joget bikin ngakakkk anjirrrr kampung banget username username
146;146;0;Bagus la gue berarti ada otak gak kayak lu malu maluin mak lu aja tong akun asli di pake tu yg namanya bego!  <USERNAME>;bagus la gue berarti ada otak gak kayak lu malu maluin mak lu aja tong akun asli di pake tu yg namanya bego username;['bagus', 'la', 'gue', 'berarti', 'ada', 'otak', 'gak', 'kayak', 'lu', 'malu', 'maluin', 'mak', 'lu', 'aja', 'tong', 'akun', 'asli', 'di', 'pake', 'tu', 'yg', 'namanya', 'bego', 'username'];['bagus', 'la', 'gue', 'berarti', 'ada', 'otak', 'gak', 'kayak', 'lu', 'malu', 'maluin', 'mak', 'lu', 'aja', 'tong', 'akun', 'asli', 'di', 'pake', 'tu', 'yg', 'namanya', 'bego', 'username'];bagus la gue berarti ada otak gak kayak lu malu maluin mak lu aja tong akun asli di pake tu yg namanya bego username;bagus la gue berarti ada otak gak kayak lu malu maluin mak lu aja tong akun asli di pake tu yg namanya bego username;bagus la gue arti otak gak kayak lu malu maluin mak lu aja tong akun asli pake tu nama bego username
147;147;0;Yg bego mah elu, ibu mana sih yg mau ngasih contoh buruk ke anaknya , pake mata lo, emg ada di dugem bawa anak , bego sih -_- jaman udah texas , dan gue jamin dijaman anaknya jga pasti udh lebih texas . Selagi ga ngerugiin lo yaudah . Sewot banget .;yg bego mah elu ibu mana sih yg mau ngasih contoh buruk ke anaknya pake mata lo emg ada di dugem bawa anak bego sih _ jaman udah te dan gue jamin dijaman anaknya jga pasti udh lebih te selagi ga ngerugiin lo yaudah sewot banget;['yg', 'bego', 'mah', 'elu', 'ibu', 'mana', 'sih', 'yg', 'mau', 'ngasih', 'contoh', 'buruk', 'ke', 'anaknya', 'pake', 'mata', 'lo', 'emg', 'ada', 'di', 'dugem', 'bawa', 'anak', 'bego', 'sih', '_', 'jaman', 'udah', 'te', 'dan', 'gue', 'jamin', 'dijaman', 'anaknya', 'jga', 'pasti', 'udh', 'lebih', 'te', 'selagi', 'ga', 'ngerugiin', 'lo', 'yaudah', 'sewot', 'banget'];['yg', 'bego', 'mah', 'elu', 'ibu', 'mana', 'sih', 'yg', 'mau', 'ngasih', 'contoh', 'buruk', 'ke', 'anaknya', 'pake', 'mata', 'lo', 'emg', 'ada', 'di', 'dugem', 'bawa', 'anak', 'bego', 'sih', '_', 'jaman', 'udah', 'te', 'dan', 'gue', 'jamin', 'dijaman', 'anaknya', 'jga', 'pasti', 'udh', 'lebih', 'te', 'selagi', 'ga', 'ngerugiin', 'lo', 'yaudah', 'sewot', 'banget'];yg bego mah elu ibu mana sih yg mau ngasih contoh buruk ke anaknya pake mata lo emg ada di dugem bawa anak bego sih _ jaman udah te dan gue jamin dijaman anaknya jga pasti udh lebih te selagi ga ngerugiin lo yaudah sewot banget;yg bego mah elu ibu mana sih yg mau ngasih contoh buruk ke anaknya pake mata lo emg ada di dugem bawa anak bego sih _ jaman udah te dan gue jamin dijaman anaknya jga pasti udh lebih te selagi ga ngerugiin lo yaudah sewot banget;bego elu ibu mana yg mau ngasih contoh buruk anak pake mata lo emg di dugem bawa anak bego jaman udah te gue jamin jam anak jga udh lebih te ga ngerugiin lo yaudah sewot banget
148;148;0;Si wanita jahiliyah.. Lesbi , skrg udh py pacar lg. Kasian anaknya. Kmrn di ksh bencana slnya dia tega misahin anak dr bapak nya, dia ktakutan anak nya masuk islam pdhl bp nya g prnh nuntut anaknya memeluk islam. Udh di ksh nikmat anak 3 org, msh aja begajulan.;si wanita jahiliyah lesbi skrg udh py pacar lg kasian anaknya kmrn di ksh bencana slnya dia tega misahin anak dr bapak nya dia ktakutan anak nya masuk islam pdhl bp nya prnh nuntut anaknya memeluk islam udh di ksh nikmat anak   org msh aja begajulan;['si', 'wanita', 'jahiliyah', 'lesbi', 'skrg', 'udh', 'py', 'pacar', 'lg', 'kasian', 'anaknya', 'kmrn', 'di', 'ksh', 'bencana', 'slnya', 'dia', 'tega', 'misahin', 'anak', 'dr', 'bapak', 'nya', 'dia', 'ktakutan', 'anak', 'nya', 'masuk', 'islam', 'pdhl', 'bp', 'nya', 'prnh', 'nuntut', 'anaknya', 'memeluk', 'islam', 'udh', 'di', 'ksh', 'nikmat', 'anak', 'org', 'msh', 'aja', 'begajulan'];['si', 'wanita', 'jahiliyah', 'lesbi', 'skrg', 'udh', 'py', 'pacar', 'lg', 'kasian', 'anaknya', 'kmrn', 'di', 'ksh', 'bencana', 'slnya', 'dia', 'tega', 'misahin', 'anak', 'dr', 'bapak', 'nya', 'dia', 'ktakutan', 'anak', 'nya', 'masuk', 'islam', 'pdhl', 'bp', 'nya', 'prnh', 'nuntut', 'anaknya', 'memeluk', 'islam', 'udh', 'di', 'ksh', 'nikmat', 'anak', 'org', 'msh', 'aja', 'begajulan'];si wanita jahiliyah lesbi skrg udh py pacar lg kasian anaknya kmrn di ksh bencana slnya dia tega misahin anak dr bapak nya dia ktakutan anak nya masuk islam pdhl bp nya prnh nuntut anaknya memeluk islam udh di ksh nikmat anak org msh aja begajulan;si wanita jahiliyah lesbi skrg udh py pacar lg kasian anaknya kmrn di ksh bencana slnya dia tega misahin anak dr bapak nya dia ktakutan anak nya masuk islam pdhl bp nya prnh nuntut anaknya memeluk islam udh di ksh nikmat anak org msh aja begajulan;si wanita jahiliyah lesbi skrg udh py pacar lg kasi anak kmrn ksh bencana slnya tega misahin anak dr bapak dia ktakutan anak masuk islam pdhl bp prnh nuntut anak peluk islam udh ksh nikmat anak org msh aja begajulan
149;149;0; <USERNAME> gw tanya. Emang kador artis beneran? Komen lo tolol sumpah. Masa harus kenal dia buat nilai dia artis atau bukan. Hahaha semua org indo jg pasti setuju kalo kador bukan artis tp cuma celebgram dr kampung. Lo tau kan bedanya artis dg selebgra;username gw tanya emang kador artis beneran komen lo tolol sumpah masa harus kenal dia buat nilai dia artis atau bukan hahaha semua org indo jg pasti setuju kalo kador bukan artis tp cuma celebgram dr kampung lo tau kan bedanya artis dg selebgra;['username', 'gw', 'tanya', 'emang', 'kador', 'artis', 'beneran', 'komen', 'lo', 'tolol', 'sumpah', 'masa', 'harus', 'kenal', 'dia', 'buat', 'nilai', 'dia', 'artis', 'atau', 'bukan', 'hahaha', 'semua', 'org', 'indo', 'jg', 'pasti', 'setuju', 'kalo', 'kador', 'bukan', 'artis', 'tp', 'cuma', 'celebgram', 'dr', 'kampung', 'lo', 'tau', 'kan', 'bedanya', 'artis', 'dg', 'selebgra'];['username', 'gw', 'tanya', 'emang', 'kador', 'artis', 'beneran', 'komen', 'lo', 'tolol', 'sumpah', 'masa', 'harus', 'kenal', 'dia', 'buat', 'nilai', 'dia', 'artis', 'atau', 'bukan', 'hahaha', 'semua', 'org', 'indo', 'jg', 'pasti', 'setuju', 'kalo', 'kador', 'bukan', 'artis', 'tp', 'cuma', 'celebgram', 'dr', 'kampung', 'lo', 'tau', 'kan', 'bedanya', 'artis', 'dg', 'selebgra'];username gw tanya emang kador artis beneran komen lo tolol sumpah masa harus kenal dia buat nilai dia artis atau bukan hahaha semua org indo jg pasti setuju kalo kador bukan artis tp cuma celebgram dr kampung lo tau kan bedanya artis dg selebgra;username gw tanya emang kador artis beneran komen lo tolol sumpah masa harus kenal dia buat nilai dia artis atau bukan hahaha semua org indo jg pasti setuju kalo kador bukan artis tp cuma celebgram dr kampung lo tau kan bedanya artis dg selebgra;username gw tanya emang kador artis beneran komen lo tolol sumpah masa kenal buat nilai artis bukan hahaha semua org indo jg tuju kalo kador bukan artis tp cuma celebgram dr kampung lo tau kan beda artis dg selebgra
150;150;0; <USERNAME> hahahaaaa trs gue tanya. Lo tolol? PAke nanya kador bencong atau ngga padahal blm kenal wkwkwkwkw. Eh semua org jg bisa nilai si kador bencong beneran dr gerak gerik melambay suara ngondek dan pake baju cewek begitu nyaman. Mana ada cowok tu;username hahahaaaa trs gue tanya lo tolol pake nanya kador bencong atau ngga padahal blm kenal wkwkwkwkw eh semua org jg bisa nilai si kador bencong beneran dr gerak gerik melambay suara ngondek dan pake baju cewek begitu nyaman mana ada cowok tu;['username', 'hahahaaaa', 'trs', 'gue', 'tanya', 'lo', 'tolol', 'pake', 'nanya', 'kador', 'bencong', 'atau', 'ngga', 'padahal', 'blm', 'kenal', 'wkwkwkwkw', 'eh', 'semua', 'org', 'jg', 'bisa', 'nilai', 'si', 'kador', 'bencong', 'beneran', 'dr', 'gerak', 'gerik', 'melambay', 'suara', 'ngondek', 'dan', 'pake', 'baju', 'cewek', 'begitu', 'nyaman', 'mana', 'ada', 'cowok', 'tu'];['username', 'hahahaaaa', 'trs', 'gue', 'tanya', 'lo', 'tolol', 'pake', 'nanya', 'kador', 'bencong', 'atau', 'ngga', 'padahal', 'blm', 'kenal', 'wkwkwkwkw', 'eh', 'semua', 'org', 'jg', 'bisa', 'nilai', 'si', 'kador', 'bencong', 'beneran', 'dr', 'gerak', 'gerik', 'melambay', 'suara', 'ngondek', 'dan', 'pake', 'baju', 'cewek', 'begitu', 'nyaman', 'mana', 'ada', 'cowok', 'tu'];username hahahaaaa trs gue tanya lo tolol pake nanya kador bencong atau ngga padahal blm kenal wkwkwkwkw eh semua org jg bisa nilai si kador bencong beneran dr gerak gerik melambay suara ngondek dan pake baju cewek begitu nyaman mana ada cowok tu;username hahahaaaa trs gue tanya lo tolol pake nanya kador bencong atau ngga padahal blm kenal wkwkwkwkw eh semua org jg bisa nilai si kador bencong beneran dr gerak gerik melambay suara ngondek dan pake baju cewek begitu nyaman mana ada cowok tu;username hahahaaaa trs gue tanya lo tolol pake nanya kador bencong ngga padahal blm kenal wkwkwkwkw semua org jg nilai si kador bencong beneran dr gerak gerik melambay suara ngondek pake baju cewek nyaman mana cowok tu
151;151;0; <USERNAME> maklumin shaaay... Fans gatis keras itu otaknya bebel, realita seperti apa jg ga bakalan dia terima... Seperti halnya nagita itu artis uda dr jaman dia kecil eh di bilang numpang tenar ke rapi mamad,pdhl kan yg jadiin si mamad gede y PH n;username maklumin shaaay fans gatis keras itu otaknya bebel realita seperti apa jg ga bakalan dia terima seperti halnya nagita itu artis uda dr jaman dia kecil eh di bilang numpang tenar ke rapi mamad pdhl kan yg jadiin si mamad gede ph;['username', 'maklumin', 'shaaay', 'fans', 'gatis', 'keras', 'itu', 'otaknya', 'bebel', 'realita', 'seperti', 'apa', 'jg', 'ga', 'bakalan', 'dia', 'terima', 'seperti', 'halnya', 'nagita', 'itu', 'artis', 'uda', 'dr', 'jaman', 'dia', 'kecil', 'eh', 'di', 'bilang', 'numpang', 'tenar', 'ke', 'rapi', 'mamad', 'pdhl', 'kan', 'yg', 'jadiin', 'si', 'mamad', 'gede', 'ph'];['username', 'maklumin', 'shaaay', 'fans', 'gatis', 'keras', 'itu', 'otaknya', 'bebel', 'realita', 'seperti', 'apa', 'jg', 'ga', 'bakalan', 'dia', 'terima', 'seperti', 'halnya', 'nagita', 'itu', 'artis', 'uda', 'dr', 'jaman', 'dia', 'kecil', 'eh', 'di', 'bilang', 'numpang', 'tenar', 'ke', 'rapi', 'mamad', 'pdhl', 'kan', 'yg', 'jadiin', 'si', 'mamad', 'gede', 'ph'];username maklumin shaaay fans gatis keras itu otaknya bebel realita seperti apa jg ga bakalan dia terima seperti halnya nagita itu artis uda dr jaman dia kecil eh di bilang numpang tenar ke rapi mamad pdhl kan yg jadiin si mamad gede ph;username maklumin shaaay fans gatis keras itu otaknya bebel realita seperti apa jg ga bakalan dia terima seperti halnya nagita itu artis uda dr jaman dia kecil eh di bilang numpang tenar ke rapi mamad pdhl kan yg jadiin si mamad gede ph;username maklumin shaaay fans gatis keras otak bebel realita apa jg ga bakal terima hal nagita artis uda dr jaman kecil di bilang numpang tenar rapi mamad pdhl kan jadiin si mamad gede ph
152;152;0; <USERNAME>.bee idih najong lu tag2 org! Nimbrung aja kek mujaer lo! Dia ga bakal terkenal klo ga bawa2 nama ayu ting ting sm nagita! Duh bego dipiara! Kesian;username bee idih najong lu tag org nimbrung aja kek mujaer lo dia ga bakal terkenal klo ga bawa nama ayu ting ting sm nagita duh bego dipiara kesian;['username', 'bee', 'idih', 'najong', 'lu', 'tag', 'org', 'nimbrung', 'aja', 'kek', 'mujaer', 'lo', 'dia', 'ga', 'bakal', 'terkenal', 'klo', 'ga', 'bawa', 'nama', 'ayu', 'ting', 'ting', 'sm', 'nagita', 'duh', 'bego', 'dipiara', 'kesian'];['username', 'bee', 'idih', 'najong', 'lu', 'tag', 'org', 'nimbrung', 'aja', 'kek', 'mujaer', 'lo', 'dia', 'ga', 'bakal', 'terkenal', 'klo', 'ga', 'bawa', 'nama', 'ayu', 'ting', 'ting', 'sm', 'nagita', 'duh', 'bego', 'dipiara', 'kesian'];username bee idih najong lu tag org nimbrung aja kek mujaer lo dia ga bakal terkenal klo ga bawa nama ayu ting ting sm nagita duh bego dipiara kesian;username bee idih najong lu tag org nimbrung aja kek mujaer lo dia ga bakal terkenal klo ga bawa nama ayu ting ting sm nagita duh bego dipiara kesian;username bee idih najong lu tag org nimbrung aja kek mujaer lo ga bakal kenal klo ga bawa nama ayu ting ting sm nagita duh bego piara kesi
153;153;0;langsung saja bilang siapa yg di maksud, klu gini namanya MUNAFIK!;langsung saja bilang siapa yg di maksud klu gini namanya munafik;['langsung', 'saja', 'bilang', 'siapa', 'yg', 'di', 'maksud', 'klu', 'gini', 'namanya', 'munafik'];['langsung', 'saja', 'bilang', 'siapa', 'yg', 'di', 'maksud', 'klu', 'gini', 'namanya', 'munafik'];langsung saja bilang siapa yg di maksud klu gini namanya munafik;langsung saja bilang siapa yg di maksud klu gini namanya munafik;langsung bilang siapa di maksud klu gin nama munafik
154;154;0;Jedar emg muka 2 kali, didepan baik, dibelakang busuk, mulutnya kek banci cucoklah 2 banci tu;jedar emg muka   kali didepan baik dibelakang busuk mulutnya kek banci cucoklah   banci tu;['jedar', 'emg', 'muka', 'kali', 'didepan', 'baik', 'dibelakang', 'busuk', 'mulutnya', 'kek', 'banci', 'cucoklah', 'banci', 'tu'];['jedar', 'emg', 'muka', 'kali', 'didepan', 'baik', 'dibelakang', 'busuk', 'mulutnya', 'kek', 'banci', 'cucoklah', 'banci', 'tu'];jedar emg muka kali didepan baik dibelakang busuk mulutnya kek banci cucoklah banci tu;jedar emg muka kali didepan baik dibelakang busuk mulutnya kek banci cucoklah banci tu;jedar emg muka kali depan baik belakang busuk mulut kek banci cucoklah banci tu
155;155;0;AMIT AMIT DEH ORANG JAHAT... PENJILAT PEMBOHONG PELAKOR JIJIK BANGET;amit amit deh orang jahat penjilat pembohong pelakor jijik banget;['amit', 'amit', 'deh', 'orang', 'jahat', 'penjilat', 'pembohong', 'pelakor', 'jijik', 'banget'];['amit', 'amit', 'deh', 'orang', 'jahat', 'penjilat', 'pembohong', 'pelakor', 'jijik', 'banget'];amit amit deh orang jahat penjilat pembohong pelakor jijik banget;amit amit deh orang jahat penjilat pembohong pelakor jijik banget;amit amit deh orang jahat jilat bohong pelakor jijik banget
156;156;0;Wkwkwkwk... Ya Allah ya Tuhan ku knp lah org2 munafik ni tp sok suci, mulan jamela kan ayu ting2 ngikuti jejak a bukan? Wkwkwk  <USERNAME>;wkwkwkwk ya allah ya tuhan ku knp lah org munafik ni tp sok suci mulan jamela kan ayu ting ngikuti jejak bukan wkwkwk username;['wkwkwkwk', 'ya', 'allah', 'ya', 'tuhan', 'ku', 'knp', 'lah', 'org', 'munafik', 'ni', 'tp', 'sok', 'suci', 'mulan', 'jamela', 'kan', 'ayu', 'ting', 'ngikuti', 'jejak', 'bukan', 'wkwkwk', 'username'];['wkwkwkwk', 'ya', 'allah', 'ya', 'tuhan', 'ku', 'knp', 'lah', 'org', 'munafik', 'ni', 'tp', 'sok', 'suci', 'mulan', 'jamela', 'kan', 'ayu', 'ting', 'ngikuti', 'jejak', 'bukan', 'wkwkwk', 'username'];wkwkwkwk ya allah ya tuhan ku knp lah org munafik ni tp sok suci mulan jamela kan ayu ting ngikuti jejak bukan wkwkwk username;wkwkwkwk ya allah ya tuhan ku knp lah org munafik ni tp sok suci mulan jamela kan ayu ting ngikuti jejak bukan wkwkwk username;wkwkwkwk allah tuhan ku knp org munafik ni tp sok suci mulan jamela kan ayu ting ngikuti jejak bukan wkwkwk username
157;157;0;Dlu si pelakor ini yg sombong krn brhasil dapetin si botak smpe mnceraikan bunda maya,skrg hdp ny mkin anjlok malah bunda maya yg sring jelong2 kluarnegri..??????;dlu si pelakor ini yg sombong krn brhasil dapetin si botak smpe mnceraikan bunda maya skrg hdp ny mkin anjlok malah bunda maya yg sring jelong kluarnegri;['dlu', 'si', 'pelakor', 'ini', 'yg', 'sombong', 'krn', 'brhasil', 'dapetin', 'si', 'botak', 'smpe', 'mnceraikan', 'bunda', 'maya', 'skrg', 'hdp', 'ny', 'mkin', 'anjlok', 'malah', 'bunda', 'maya', 'yg', 'sring', 'jelong', 'kluarnegri'];['dlu', 'si', 'pelakor', 'ini', 'yg', 'sombong', 'krn', 'brhasil', 'dapetin', 'si', 'botak', 'smpe', 'mnceraikan', 'bunda', 'maya', 'skrg', 'hdp', 'ny', 'mkin', 'anjlok', 'malah', 'bunda', 'maya', 'yg', 'sring', 'jelong', 'kluarnegri'];dlu si pelakor ini yg sombong krn brhasil dapetin si botak smpe mnceraikan bunda maya skrg hdp ny mkin anjlok malah bunda maya yg sring jelong kluarnegri;dlu si pelakor ini yg sombong krn brhasil dapetin si botak smpe mnceraikan bunda maya skrg hdp ny mkin anjlok malah bunda maya yg sring jelong kluarnegri;dlu si pelakor sombong krn brhasil dapetin si botak smpe mnceraikan bunda maya skrg hdp ny mkin anjlok malah bunda maya yg sring jelong kluarnegri
158;158;0;Hahhahaha dan sesungguhnya allah swt melaknat wanita perebut dan pezina dengan suami sah oranglain ????????;hahhahaha dan sesungguhnya allah swt melaknat wanita perebut dan pezina dengan suami sah oranglain;['hahhahaha', 'dan', 'sesungguhnya', 'allah', 'swt', 'melaknat', 'wanita', 'perebut', 'dan', 'pezina', 'dengan', 'suami', 'sah', 'oranglain'];['hahhahaha', 'dan', 'sesungguhnya', 'allah', 'swt', 'melaknat', 'wanita', 'perebut', 'dan', 'pezina', 'dengan', 'suami', 'sah', 'oranglain'];hahhahaha dan sesungguhnya allah swt melaknat wanita perebut dan pezina dengan suami sah oranglain;hahhahaha dan sesungguhnya allah swt melaknat wanita perebut dan pezina dengan suami sah oranglain;hahhahaha sungguh allah swt laknat wanita rebut zina suami sah oranglain
159;159;0;@w.lina2706 hemmmm capekmiskin sist, skrg blik kere lg jd artis jg g laku, dah lah karma tu pasti ada...  <USERNAME> dr pada sirik nyinyirin nyonya, tuh bantuin jualan cireng nya tuh, cilok nya tuh untunnya buat liburan monaco, jangan bromo trus;lina hemmmm capekmiskin sist skrg blik kere lg jd artis jg laku dah lah karma tu pasti ada username dr pada sirik nyinyirin nyonya tuh bantuin jualan cireng nya tuh cilok nya tuh untunnya buat liburan monaco jangan bromo trus;['lina', 'hemmmm', 'capekmiskin', 'sist', 'skrg', 'blik', 'kere', 'lg', 'jd', 'artis', 'jg', 'laku', 'dah', 'lah', 'karma', 'tu', 'pasti', 'ada', 'username', 'dr', 'pada', 'sirik', 'nyinyirin', 'nyonya', 'tuh', 'bantuin', 'jualan', 'cireng', 'nya', 'tuh', 'cilok', 'nya', 'tuh', 'untunnya', 'buat', 'liburan', 'monaco', 'jangan', 'bromo', 'trus'];['lina', 'hemmmm', 'capekmiskin', 'sist', 'skrg', 'blik', 'kere', 'lg', 'jd', 'artis', 'jg', 'laku', 'dah', 'lah', 'karma', 'tu', 'pasti', 'ada', 'username', 'dr', 'pada', 'sirik', 'nyinyirin', 'nyonya', 'tuh', 'bantuin', 'jualan', 'cireng', 'nya', 'tuh', 'cilok', 'nya', 'tuh', 'untunnya', 'buat', 'liburan', 'monaco', 'jangan', 'bromo', 'trus'];lina hemmmm capekmiskin sist skrg blik kere lg jd artis jg laku dah lah karma tu pasti ada username dr pada sirik nyinyirin nyonya tuh bantuin jualan cireng nya tuh cilok nya tuh untunnya buat liburan monaco jangan bromo trus;lina hemmmm capekmiskin sist skrg blik kere lg jd artis jg laku dah lah karma tu pasti ada username dr pada sirik nyinyirin nyonya tuh bantuin jualan cireng nya tuh cilok nya tuh untunnya buat liburan monaco jangan bromo trus;lina hemmmm capekmiskin sist skrg blik kere lg jd artis jg laku dah karma tu ada username dr sirik nyinyirin nyonya tuh bantuin jual cireng tuh cilok tuh untun buat libur monaco jangan bromo trus
160;160;0;Kepo juga sm nyonyiah lu jongos  <USERNAME> emng tetehlu pas hamil peak udeh dinikahin ?? Brojol anak br di sirih EMNG LONTEEEEE kelas akun jamahliur dan junjungan hehe ??????;kepo juga sm nyonyiah lu jongos username emng tetehlu pas hamil peak udeh dinikahin brojol anak br di sirih emng lonteeeee kelas akun jamahliur dan junjungan hehe;['kepo', 'juga', 'sm', 'nyonyiah', 'lu', 'jongos', 'username', 'emng', 'tetehlu', 'pas', 'hamil', 'peak', 'udeh', 'dinikahin', 'brojol', 'anak', 'br', 'di', 'sirih', 'emng', 'lonteeeee', 'kelas', 'akun', 'jamahliur', 'dan', 'junjungan', 'hehe'];['kepo', 'juga', 'sm', 'nyonyiah', 'lu', 'jongos', 'username', 'emng', 'tetehlu', 'pas', 'hamil', 'peak', 'udeh', 'dinikahin', 'brojol', 'anak', 'br', 'di', 'sirih', 'emng', 'lonteeeee', 'kelas', 'akun', 'jamahliur', 'dan', 'junjungan', 'hehe'];kepo juga sm nyonyiah lu jongos username emng tetehlu pas hamil peak udeh dinikahin brojol anak br di sirih emng lonteeeee kelas akun jamahliur dan junjungan hehe;kepo juga sm nyonyiah lu jongos username emng tetehlu pas hamil peak udeh dinikahin brojol anak br di sirih emng lonteeeee kelas akun jamahliur dan junjungan hehe;kepo sm nyonyiah lu jongos username emng tetehlu pas hamil peak udeh dinikahin brojol anak br sirih emng lonteeeee kelas akun jamahliur junjung hehe
161;161;0;"Eh jongos cba gue duluan yg nanya sm lu .. emng nyonyiah ada gembar gembor udah nikah.. adakah nyonyiah ngaku udeh nikah ???? Dr pada tetehlu yg lonte perek itu tiba"" brojol dan ngaku nikah siri sm laki nyonyiah dan hamidun sapeak anak ilegal dibilng FITNA KEJI haha lonte menolak lupa xixix ??????  <USERNAME>";eh jongos cba gue duluan yg nanya sm lu emng nyonyiah ada gembar gembor udah nikah adakah nyonyiah ngaku udeh nikah dr pada tetehlu yg lonte perek itu tiba brojol dan ngaku nikah siri sm laki nyonyiah dan hamidun sapeak anak ilegal dibilng fitna keji haha lonte menolak lupa username;['eh', 'jongos', 'cba', 'gue', 'duluan', 'yg', 'nanya', 'sm', 'lu', 'emng', 'nyonyiah', 'ada', 'gembar', 'gembor', 'udah', 'nikah', 'adakah', 'nyonyiah', 'ngaku', 'udeh', 'nikah', 'dr', 'pada', 'tetehlu', 'yg', 'lonte', 'perek', 'itu', 'tiba', 'brojol', 'dan', 'ngaku', 'nikah', 'siri', 'sm', 'laki', 'nyonyiah', 'dan', 'hamidun', 'sapeak', 'anak', 'ilegal', 'dibilng', 'fitna', 'keji', 'haha', 'lonte', 'menolak', 'lupa', 'username'];['eh', 'jongos', 'cba', 'gue', 'duluan', 'yg', 'nanya', 'sm', 'lu', 'emng', 'nyonyiah', 'ada', 'gembar', 'gembor', 'udah', 'nikah', 'adakah', 'nyonyiah', 'ngaku', 'udeh', 'nikah', 'dr', 'pada', 'tetehlu', 'yg', 'lonte', 'perek', 'itu', 'tiba', 'brojol', 'dan', 'ngaku', 'nikah', 'siri', 'sm', 'laki', 'nyonyiah', 'dan', 'hamidun', 'sapeak', 'anak', 'ilegal', 'dibilng', 'fitna', 'keji', 'haha', 'lonte', 'menolak', 'lupa', 'username'];eh jongos cba gue duluan yg nanya sm lu emng nyonyiah ada gembar gembor udah nikah adakah nyonyiah ngaku udeh nikah dr pada tetehlu yg lonte perek itu tiba brojol dan ngaku nikah siri sm laki nyonyiah dan hamidun sapeak anak ilegal dibilng fitna keji haha lonte menolak lupa username;eh jongos cba gue duluan yg nanya sm lu emng nyonyiah ada gembar gembor udah nikah adakah nyonyiah ngaku udeh nikah dr pada tetehlu yg lonte perek itu tiba brojol dan ngaku nikah siri sm laki nyonyiah dan hamidun sapeak anak ilegal dibilng fitna keji haha lonte menolak lupa username;jongos cba gue duluan nanya sm lu emng nyonyiah gembar gembor udah nikah ada nyonyiah ngaku udeh nikah dr tetehlu lonte perek tiba brojol ngaku nikah siri sm laki nyonyiah hamidun sapeak anak ilegal dibilng fitna keji haha lonte tolak lupa username
162;162;0; <USERNAME> sini gua jawab currr ya bunmai sdh pernah nikah Tp sekarang janda dia janda karena suami nya di rampas Mulan jameela,menjijikkan banget ya Mulan jameela sblm rmh tangga bunmai hancur sdh berani bilang Dani suami bersama aduha udh wanita be;username sini gua jawab currr ya bunmai sdh pernah nikah tp sekarang janda dia janda karena suami nya di rampas mulan jameela menjijikkan banget ya mulan jameela sblm rmh tangga bunmai hancur sdh berani bilang dani suami bersama aduha udh wanita be;['username', 'sini', 'gua', 'jawab', 'currr', 'ya', 'bunmai', 'sdh', 'pernah', 'nikah', 'tp', 'sekarang', 'janda', 'dia', 'janda', 'karena', 'suami', 'nya', 'di', 'rampas', 'mulan', 'jameela', 'menjijikkan', 'banget', 'ya', 'mulan', 'jameela', 'sblm', 'rmh', 'tangga', 'bunmai', 'hancur', 'sdh', 'berani', 'bilang', 'dani', 'suami', 'bersama', 'aduha', 'udh', 'wanita', 'be'];['username', 'sini', 'gua', 'jawab', 'currr', 'ya', 'bunmai', 'sdh', 'pernah', 'nikah', 'tp', 'sekarang', 'janda', 'dia', 'janda', 'karena', 'suami', 'nya', 'di', 'rampas', 'mulan', 'jameela', 'menjijikkan', 'banget', 'ya', 'mulan', 'jameela', 'sblm', 'rmh', 'tangga', 'bunmai', 'hancur', 'sdh', 'berani', 'bilang', 'dani', 'suami', 'bersama', 'aduha', 'udh', 'wanita', 'be'];username sini gua jawab currr ya bunmai sdh pernah nikah tp sekarang janda dia janda karena suami nya di rampas mulan jameela menjijikkan banget ya mulan jameela sblm rmh tangga bunmai hancur sdh berani bilang dani suami bersama aduha udh wanita be;username sini gua jawab currr ya bunmai sdh pernah nikah tp sekarang janda dia janda karena suami nya di rampas mulan jameela menjijikkan banget ya mulan jameela sblm rmh tangga bunmai hancur sdh berani bilang dani suami bersama aduha udh wanita be;username sini gua jawab currr bunmai sdh pernah nikah tp sekarang janda janda suami di rampas mulan jameela jijik banget mulan jameela sblm rmh tangga bunmai hancur sdh berani bilang dan suami sama aduha udh wanita be
163;163;0;@w.lina2706  <USERNAME> lucu aja ya sist, lonte di bela2 mati2an... Guoblok di pelihara, di bayar berapa gt sama muljamban, sampe bikin account  <USERNAME> mau maia nikah atau blm nikah apa urusan situ, kelihatan nyinyirnya sirik nya. Sekarang balik;lina username lucu aja ya sist lonte di bela matian guoblok di pelihara di bayar berapa gt sama muljamban sampe bikin account username mau maia nikah atau blm nikah apa urusan situ kelihatan nyinyirnya sirik nya sekarang balik;['lina', 'username', 'lucu', 'aja', 'ya', 'sist', 'lonte', 'di', 'bela', 'matian', 'guoblok', 'di', 'pelihara', 'di', 'bayar', 'berapa', 'gt', 'sama', 'muljamban', 'sampe', 'bikin', 'account', 'username', 'mau', 'maia', 'nikah', 'atau', 'blm', 'nikah', 'apa', 'urusan', 'situ', 'kelihatan', 'nyinyirnya', 'sirik', 'nya', 'sekarang', 'balik'];['lina', 'username', 'lucu', 'aja', 'ya', 'sist', 'lonte', 'di', 'bela', 'matian', 'guoblok', 'di', 'pelihara', 'di', 'bayar', 'berapa', 'gt', 'sama', 'muljamban', 'sampe', 'bikin', 'account', 'username', 'mau', 'maia', 'nikah', 'atau', 'blm', 'nikah', 'apa', 'urusan', 'situ', 'kelihatan', 'nyinyirnya', 'sirik', 'nya', 'sekarang', 'balik'];lina username lucu aja ya sist lonte di bela matian guoblok di pelihara di bayar berapa gt sama muljamban sampe bikin account username mau maia nikah atau blm nikah apa urusan situ kelihatan nyinyirnya sirik nya sekarang balik;lina username lucu aja ya sist lonte di bela matian guoblok di pelihara di bayar berapa gt sama muljamban sampe bikin account username mau maia nikah atau blm nikah apa urusan situ kelihatan nyinyirnya sirik nya sekarang balik;lina username lucu aja sist lonte bela mati guoblok pelihara bayar berapa gt sama muljamban sampe bikin account username mau maia nikah blm nikah apa urus situ lihat nyinyir sirik sekarang balik
164;164;0;Yaela muljem kyak stu bner aja. Gag inget apa udh ngrusak kbhagian klwrga org. Bego d prtahanin y gini ini,;yaela muljem kyak stu bner aja gag inget apa udh ngrusak kbhagian klwrga org bego prtahanin gini ini;['yaela', 'muljem', 'kyak', 'stu', 'bner', 'aja', 'gag', 'inget', 'apa', 'udh', 'ngrusak', 'kbhagian', 'klwrga', 'org', 'bego', 'prtahanin', 'gini', 'ini'];['yaela', 'muljem', 'kyak', 'stu', 'bner', 'aja', 'gag', 'inget', 'apa', 'udh', 'ngrusak', 'kbhagian', 'klwrga', 'org', 'bego', 'prtahanin', 'gini', 'ini'];yaela muljem kyak stu bner aja gag inget apa udh ngrusak kbhagian klwrga org bego prtahanin gini ini;yaela muljem kyak stu bner aja gag inget apa udh ngrusak kbhagian klwrga org bego prtahanin gini ini;yaela muljem kyak stu bner aja gag inget apa udh ngrusak kbhagian klwrga org bego prtahanin gin
165;165;0;Banyak lakik doyan banci! Jadi banci & kawinin banci.... jijik!;banyak lakik doyan banci jadi banci kawinin banci jijik;['banyak', 'lakik', 'doyan', 'banci', 'jadi', 'banci', 'kawinin', 'banci', 'jijik'];['banyak', 'lakik', 'doyan', 'banci', 'jadi', 'banci', 'kawinin', 'banci', 'jijik'];banyak lakik doyan banci jadi banci kawinin banci jijik;banyak lakik doyan banci jadi banci kawinin banci jijik;banyak lakik doyan banci jadi banci kawinin banci jijik
166;166;0; <USERNAME> itu comment yg tidak anda lihat, ada brp banyak. Jangan jadi pengguna medsos yg bodoh jangan asal bunyi. Situ sehat pakai hijab masi nyinyir aja??;username itu comment yg tidak anda lihat ada brp banyak jangan jadi pengguna medsos yg bodoh jangan asal bunyi situ sehat pakai hijab masi nyinyir aja;['username', 'itu', 'comment', 'yg', 'tidak', 'anda', 'lihat', 'ada', 'brp', 'banyak', 'jangan', 'jadi', 'pengguna', 'medsos', 'yg', 'bodoh', 'jangan', 'asal', 'bunyi', 'situ', 'sehat', 'pakai', 'hijab', 'masi', 'nyinyir', 'aja'];['username', 'itu', 'comment', 'yg', 'tidak', 'anda', 'lihat', 'ada', 'brp', 'banyak', 'jangan', 'jadi', 'pengguna', 'medsos', 'yg', 'bodoh', 'jangan', 'asal', 'bunyi', 'situ', 'sehat', 'pakai', 'hijab', 'masi', 'nyinyir', 'aja'];username itu comment yg tidak anda lihat ada brp banyak jangan jadi pengguna medsos yg bodoh jangan asal bunyi situ sehat pakai hijab masi nyinyir aja;username itu comment yg tidak anda lihat ada brp banyak jangan jadi pengguna medsos yg bodoh jangan asal bunyi situ sehat pakai hijab masi nyinyir aja;username comment tidak lihat brp banyak jangan jadi guna medsos bodoh jangan asal bunyi situ sehat pakai hijab mas nyinyir aja
167;167;0; <USERNAME> malu tuh sama kerudung kamu sayang, sama ibadah nya. Sholat aja drpd nyinyirin org dandanan udh sok suci mulut nya kaya sampah??;username malu tuh sama kerudung kamu sayang sama ibadah nya sholat aja drpd nyinyirin org dandanan udh sok suci mulut nya kaya sampah;['username', 'malu', 'tuh', 'sama', 'kerudung', 'kamu', 'sayang', 'sama', 'ibadah', 'nya', 'sholat', 'aja', 'drpd', 'nyinyirin', 'org', 'dandanan', 'udh', 'sok', 'suci', 'mulut', 'nya', 'kaya', 'sampah'];['username', 'malu', 'tuh', 'sama', 'kerudung', 'kamu', 'sayang', 'sama', 'ibadah', 'nya', 'sholat', 'aja', 'drpd', 'nyinyirin', 'org', 'dandanan', 'udh', 'sok', 'suci', 'mulut', 'nya', 'kaya', 'sampah'];username malu tuh sama kerudung kamu sayang sama ibadah nya sholat aja drpd nyinyirin org dandanan udh sok suci mulut nya kaya sampah;username malu tuh sama kerudung kamu sayang sama ibadah nya sholat aja drpd nyinyirin org dandanan udh sok suci mulut nya kaya sampah;username malu tuh sama kerudung kamu sayang sama ibadah sholat aja drpd nyinyirin org dandan udh sok suci mulut kaya sampah
168;168;0; <USERNAME> tolong di baca arti dr comment saya, udah kerdus+bodoh lg bilangin org tua nya besok kalo masak jangan pakai mecin, jd udah kerdungab ga sesuai mulut. Besok makan salmon kalo g mampu besok aku tak deliv ke rumahmu .;username tolong di baca arti dr comment saya udah kerdusbodoh lg bilangin org tua nya besok kalo masak jangan pakai mecin jd udah kerdungab ga sesuai mulut besok makan salmon kalo mampu besok aku tak deliv ke rumahmu;['username', 'tolong', 'di', 'baca', 'arti', 'dr', 'comment', 'saya', 'udah', 'kerdusbodoh', 'lg', 'bilangin', 'org', 'tua', 'nya', 'besok', 'kalo', 'masak', 'jangan', 'pakai', 'mecin', 'jd', 'udah', 'kerdungab', 'ga', 'sesuai', 'mulut', 'besok', 'makan', 'salmon', 'kalo', 'mampu', 'besok', 'aku', 'tak', 'deliv', 'ke', 'rumahmu'];['username', 'tolong', 'di', 'baca', 'arti', 'dr', 'comment', 'saya', 'udah', 'kerdusbodoh', 'lg', 'bilangin', 'org', 'tua', 'nya', 'besok', 'kalo', 'masak', 'jangan', 'pakai', 'mecin', 'jd', 'udah', 'kerdungab', 'ga', 'sesuai', 'mulut', 'besok', 'makan', 'salmon', 'kalo', 'mampu', 'besok', 'aku', 'tak', 'deliv', 'ke', 'rumahmu'];username tolong di baca arti dr comment saya udah kerdusbodoh lg bilangin org tua nya besok kalo masak jangan pakai mecin jd udah kerdungab ga sesuai mulut besok makan salmon kalo mampu besok aku tak deliv ke rumahmu;username tolong di baca arti dr comment saya udah kerdusbodoh lg bilangin org tua nya besok kalo masak jangan pakai mecin jd udah kerdungab ga sesuai mulut besok makan salmon kalo mampu besok aku tak deliv ke rumahmu;username di baca arti dr comment udah kerdusbodoh lg bilangin org tua besok kalo masak jangan pakai mecin jd udah kerdungab ga sesuai mulut besok makan salmon kalo mampu besok aku tak deliv rumah
169;169;0;Maaf mukanya jelek terus attitude nya buruk,,spesialis plagiat,,dan ketauan pula ,,,;maaf mukanya jelek terus attitude nya buruk spesialis plagiat dan ketauan pula;['maaf', 'mukanya', 'jelek', 'terus', 'attitude', 'nya', 'buruk', 'spesialis', 'plagiat', 'dan', 'ketauan', 'pula'];['maaf', 'mukanya', 'jelek', 'terus', 'attitude', 'nya', 'buruk', 'spesialis', 'plagiat', 'dan', 'ketauan', 'pula'];maaf mukanya jelek terus attitude nya buruk spesialis plagiat dan ketauan pula;maaf mukanya jelek terus attitude nya buruk spesialis plagiat dan ketauan pula;maaf muka jelek terus attitude buruk spesialis plagiat tau
170;170;0;ini orang otaknya ga pernah di sekolahin ya? itu resiko ketika udah upload sesuatu di sosmed, ya pasti bakal dapet perbincangan dari netizen. public figure kok ga ada otaknya.;ini orang otaknya ga pernah di sekolahin ya itu resiko ketika udah upload sesuatu di sosmed ya pasti bakal dapet perbincangan dari netizen public figure kok ga ada otaknya;['ini', 'orang', 'otaknya', 'ga', 'pernah', 'di', 'sekolahin', 'ya', 'itu', 'resiko', 'ketika', 'udah', 'upload', 'sesuatu', 'di', 'sosmed', 'ya', 'pasti', 'bakal', 'dapet', 'perbincangan', 'dari', 'netizen', 'public', 'figure', 'kok', 'ga', 'ada', 'otaknya'];['ini', 'orang', 'otaknya', 'ga', 'pernah', 'di', 'sekolahin', 'ya', 'itu', 'resiko', 'ketika', 'udah', 'upload', 'sesuatu', 'di', 'sosmed', 'ya', 'pasti', 'bakal', 'dapet', 'perbincangan', 'dari', 'netizen', 'public', 'figure', 'kok', 'ga', 'ada', 'otaknya'];ini orang otaknya ga pernah di sekolahin ya itu resiko ketika udah upload sesuatu di sosmed ya pasti bakal dapet perbincangan dari netizen public figure kok ga ada otaknya;ini orang otaknya ga pernah di sekolahin ya itu resiko ketika udah upload sesuatu di sosmed ya pasti bakal dapet perbincangan dari netizen public figure kok ga ada otaknya;orang otak ga pernah sekolahin itu resiko udah upload di sosmed pasti bakal dapet bincang netizen public figure kok ga otak
171;171;0;Artis kampungan wkwk;artis kampungan wkwk;['artis', 'kampungan', 'wkwk'];['artis', 'kampungan', 'wkwk'];artis kampungan wkwk;artis kampungan wkwk;artis kampung wkwk
172;172;0;Iyaaa gue pernah pacaran? Udah nikah malah, tapi gak seNORAK eloo.. Gak risih emang? Jgn asal aplod, Perhatiin followers lu yg lumayan banyak itu, tar kebawa norak.;iyaaa gue pernah pacaran udah nikah malah tapi gak senorak eloo gak risih emang jgn asal aplod perhatiin followers lu yg lumayan banyak itu tar kebawa norak;['iyaaa', 'gue', 'pernah', 'pacaran', 'udah', 'nikah', 'malah', 'tapi', 'gak', 'senorak', 'eloo', 'gak', 'risih', 'emang', 'jgn', 'asal', 'aplod', 'perhatiin', 'followers', 'lu', 'yg', 'lumayan', 'banyak', 'itu', 'tar', 'kebawa', 'norak'];['iyaaa', 'gue', 'pernah', 'pacaran', 'udah', 'nikah', 'malah', 'tapi', 'gak', 'senorak', 'eloo', 'gak', 'risih', 'emang', 'jgn', 'asal', 'aplod', 'perhatiin', 'followers', 'lu', 'yg', 'lumayan', 'banyak', 'itu', 'tar', 'kebawa', 'norak'];iyaaa gue pernah pacaran udah nikah malah tapi gak senorak eloo gak risih emang jgn asal aplod perhatiin followers lu yg lumayan banyak itu tar kebawa norak;iyaaa gue pernah pacaran udah nikah malah tapi gak senorak eloo gak risih emang jgn asal aplod perhatiin followers lu yg lumayan banyak itu tar kebawa norak;iyaaa gue pernah pacar udah nikah malah gak norak eloo gak risih emang jgn asal aplod perhatiin followers lu lumayan banyak tar bawa norak
173;173;0;y ampun pnyanyi dangdut kurang tenar songong bangt BACOTNYA ??pngn nyari sensasi tapi kmpungan bangt deh amit amit bool ko d instastory;ampun pnyanyi dangdut kurang tenar songong bangt bacotnya pngn nyari sensasi tapi kmpungan bangt deh amit amit bool ko instastory;['ampun', 'pnyanyi', 'dangdut', 'kurang', 'tenar', 'songong', 'bangt', 'bacotnya', 'pngn', 'nyari', 'sensasi', 'tapi', 'kmpungan', 'bangt', 'deh', 'amit', 'amit', 'bool', 'ko', 'instastory'];['ampun', 'pnyanyi', 'dangdut', 'kurang', 'tenar', 'songong', 'bangt', 'bacotnya', 'pngn', 'nyari', 'sensasi', 'tapi', 'kmpungan', 'bangt', 'deh', 'amit', 'amit', 'bool', 'ko', 'instastory'];ampun pnyanyi dangdut kurang tenar songong bangt bacotnya pngn nyari sensasi tapi kmpungan bangt deh amit amit bool ko instastory;ampun pnyanyi dangdut kurang tenar songong bangt bacotnya pngn nyari sensasi tapi kmpungan bangt deh amit amit bool ko instastory;ampun pnyanyi dangdut kurang tenar songong bangt bacot pngn nyari sensasi kmpungan bangt deh amit amit bool ko instastory
174;174;0;Waaaaoooo..sopan sekali.. bahasami menunjukkan kelasmu !!! Heeeehh.. yg repot ama hidup lu siapahh ?? Elu live nampilin hal2 gak penting..yg nggilanikk.. menjijikkan..diliat org banyak.. ya pantes lah dikomen..klo gak mw dikomen videoin pribadi aja.. nonton sendiri lu ama kluarga lu di rmh.. nambah lagi niy ertong yg gak pny attutude!! Kampungan!!;waaaaoooo sopan sekali bahasami menunjukkan kelasmu heeeehh yg repot ama hidup lu siapahh elu live nampilin hal gak penting yg nggilanikk menjijikkan diliat org banyak ya pantes lah dikomen klo gak mw dikomen videoin pribadi aja nonton sendiri lu ama kluarga lu di rmh nambah lagi niy ertong yg gak pny attutude kampungan;['waaaaoooo', 'sopan', 'sekali', 'bahasami', 'menunjukkan', 'kelasmu', 'heeeehh', 'yg', 'repot', 'ama', 'hidup', 'lu', 'siapahh', 'elu', 'live', 'nampilin', 'hal', 'gak', 'penting', 'yg', 'nggilanikk', 'menjijikkan', 'diliat', 'org', 'banyak', 'ya', 'pantes', 'lah', 'dikomen', 'klo', 'gak', 'mw', 'dikomen', 'videoin', 'pribadi', 'aja', 'nonton', 'sendiri', 'lu', 'ama', 'kluarga', 'lu', 'di', 'rmh', 'nambah', 'lagi', 'niy', 'ertong', 'yg', 'gak', 'pny', 'attutude', 'kampungan'];['waaaaoooo', 'sopan', 'sekali', 'bahasami', 'menunjukkan', 'kelasmu', 'heeeehh', 'yg', 'repot', 'ama', 'hidup', 'lu', 'siapahh', 'elu', 'live', 'nampilin', 'hal', 'gak', 'penting', 'yg', 'nggilanikk', 'menjijikkan', 'diliat', 'org', 'banyak', 'ya', 'pantes', 'lah', 'dikomen', 'klo', 'gak', 'mw', 'dikomen', 'videoin', 'pribadi', 'aja', 'nonton', 'sendiri', 'lu', 'ama', 'kluarga', 'lu', 'di', 'rmh', 'nambah', 'lagi', 'niy', 'ertong', 'yg', 'gak', 'pny', 'attutude', 'kampungan'];waaaaoooo sopan sekali bahasami menunjukkan kelasmu heeeehh yg repot ama hidup lu siapahh elu live nampilin hal gak penting yg nggilanikk menjijikkan diliat org banyak ya pantes lah dikomen klo gak mw dikomen videoin pribadi aja nonton sendiri lu ama kluarga lu di rmh nambah lagi niy ertong yg gak pny attutude kampungan;waaaaoooo sopan sekali bahasami menunjukkan kelasmu heeeehh yg repot ama hidup lu siapahh elu live nampilin hal gak penting yg nggilanikk menjijikkan diliat org banyak ya pantes lah dikomen klo gak mw dikomen videoin pribadi aja nonton sendiri lu ama kluarga lu di rmh nambah lagi niy ertong yg gak pny attutude kampungan;waaaaoooo sopan sekali bahasami tunjuk kelas heeeehh repot ama hidup lu siapahh elu live nampilin gak penting nggilanikk jijik liat org banyak pantes dikomen klo gak mw dikomen videoin pribadi aja nonton sendiri lu ama kluarga lu rmh nambah niy ertong gak pny attutude kampung
175;175;0;Norak sih,kayak ga ada malunya.kl dia bilang terserah dia,ya udah,simpan fotonya.gak perlu dibagi kesemua orang.lah ini dipamer kemana,resikolah dinyinyiri orang.Insecure banget,kudu ya pamer2 gitu biar semua orang ngerti kl si mbaknya udh py pacar yg bisa dipamer2 pantatnya?Kampung bgt;norak sih kayak ga ada malunya kl dia bilang terserah dia ya udah simpan fotonya gak perlu dibagi kesemua orang lah ini dipamer kemana resikolah dinyinyiri orang insecure banget kudu ya pamer gitu biar semua orang ngerti kl si mbaknya udh py pacar yg bisa dipamer pantatnya kampung bgt;['norak', 'sih', 'kayak', 'ga', 'ada', 'malunya', 'kl', 'dia', 'bilang', 'terserah', 'dia', 'ya', 'udah', 'simpan', 'fotonya', 'gak', 'perlu', 'dibagi', 'kesemua', 'orang', 'lah', 'ini', 'dipamer', 'kemana', 'resikolah', 'dinyinyiri', 'orang', 'insecure', 'banget', 'kudu', 'ya', 'pamer', 'gitu', 'biar', 'semua', 'orang', 'ngerti', 'kl', 'si', 'mbaknya', 'udh', 'py', 'pacar', 'yg', 'bisa', 'dipamer', 'pantatnya', 'kampung', 'bgt'];['norak', 'sih', 'kayak', 'ga', 'ada', 'malunya', 'kl', 'dia', 'bilang', 'terserah', 'dia', 'ya', 'udah', 'simpan', 'fotonya', 'gak', 'perlu', 'dibagi', 'kesemua', 'orang', 'lah', 'ini', 'dipamer', 'kemana', 'resikolah', 'dinyinyiri', 'orang', 'insecure', 'banget', 'kudu', 'ya', 'pamer', 'gitu', 'biar', 'semua', 'orang', 'ngerti', 'kl', 'si', 'mbaknya', 'udh', 'py', 'pacar', 'yg', 'bisa', 'dipamer', 'pantatnya', 'kampung', 'bgt'];norak sih kayak ga ada malunya kl dia bilang terserah dia ya udah simpan fotonya gak perlu dibagi kesemua orang lah ini dipamer kemana resikolah dinyinyiri orang insecure banget kudu ya pamer gitu biar semua orang ngerti kl si mbaknya udh py pacar yg bisa dipamer pantatnya kampung bgt;norak sih kayak ga ada malunya kl dia bilang terserah dia ya udah simpan fotonya gak perlu dibagi kesemua orang lah ini dipamer kemana resikolah dinyinyiri orang insecure banget kudu ya pamer gitu biar semua orang ngerti kl si mbaknya udh py pacar yg bisa dipamer pantatnya kampung bgt;norak kayak ga malu kl bilang serah udah simpan foto gak perlu bagi semua orang ini pamer resiko nyinyir orang insecure banget kudu ya pamer gitu biar semua orang ngerti kl si mbak udh py pacar bisa pamer pantat kampung bgt
176;176;0;Koq marah sehhh???dasar wanita kampungan...??;koq marah sehhh dasar wanita kampungan;['koq', 'marah', 'sehhh', 'dasar', 'wanita', 'kampungan'];['koq', 'marah', 'sehhh', 'dasar', 'wanita', 'kampungan'];koq marah sehhh dasar wanita kampungan;koq marah sehhh dasar wanita kampungan;koq marah sehhh dasar wanita kampung
177;177;0;Kampungan.... Artis yg numpang tenar gara2 mukanya mirip Katy Perry doangÖ;kampungan artis yg numpang tenar gara mukanya mirip katy perry doang;['kampungan', 'artis', 'yg', 'numpang', 'tenar', 'gara', 'mukanya', 'mirip', 'katy', 'perry', 'doang'];['kampungan', 'artis', 'yg', 'numpang', 'tenar', 'gara', 'mukanya', 'mirip', 'katy', 'perry', 'doang'];kampungan artis yg numpang tenar gara mukanya mirip katy perry doang;kampungan artis yg numpang tenar gara mukanya mirip katy perry doang;kampung artis numpang tenar gara muka mirip katy perry doang
178;178;0;Susah kalo artis kampung;susah kalo artis kampung;['susah', 'kalo', 'artis', 'kampung'];['susah', 'kalo', 'artis', 'kampung'];susah kalo artis kampung;susah kalo artis kampung;susah kalo artis kampung
179;179;0;Ah min, gue lama2 gak suka sama akun ini nih! Berita nya basi! Lo liat dong min.. itu si kellen sama amora lagi dateng.. pake ikut jingkrak2 kok!! Lo saring dulu dong min.. biar berita nya gak blunder.. lo posting juga tu KD udah posting videon kellen ma amora lagi joget2 ma si arsya arsyi!!;ah min gue lama gak suka sama akun ini nih berita nya basi lo liat dong min itu si kellen sama amora lagi dateng pake ikut jingkrak kok lo saring dulu dong min biar berita nya gak blunder lo posting juga tu kd udah posting videon kellen ma amora lagi joget ma si arsya arsyi;['ah', 'min', 'gue', 'lama', 'gak', 'suka', 'sama', 'akun', 'ini', 'nih', 'berita', 'nya', 'basi', 'lo', 'liat', 'dong', 'min', 'itu', 'si', 'kellen', 'sama', 'amora', 'lagi', 'dateng', 'pake', 'ikut', 'jingkrak', 'kok', 'lo', 'saring', 'dulu', 'dong', 'min', 'biar', 'berita', 'nya', 'gak', 'blunder', 'lo', 'posting', 'juga', 'tu', 'kd', 'udah', 'posting', 'videon', 'kellen', 'ma', 'amora', 'lagi', 'joget', 'ma', 'si', 'arsya', 'arsyi'];['ah', 'min', 'gue', 'lama', 'gak', 'suka', 'sama', 'akun', 'ini', 'nih', 'berita', 'nya', 'basi', 'lo', 'liat', 'dong', 'min', 'itu', 'si', 'kellen', 'sama', 'amora', 'lagi', 'dateng', 'pake', 'ikut', 'jingkrak', 'kok', 'lo', 'saring', 'dulu', 'dong', 'min', 'biar', 'berita', 'nya', 'gak', 'blunder', 'lo', 'posting', 'juga', 'tu', 'kd', 'udah', 'posting', 'videon', 'kellen', 'ma', 'amora', 'lagi', 'joget', 'ma', 'si', 'arsya', 'arsyi'];ah min gue lama gak suka sama akun ini nih berita nya basi lo liat dong min itu si kellen sama amora lagi dateng pake ikut jingkrak kok lo saring dulu dong min biar berita nya gak blunder lo posting juga tu kd udah posting videon kellen ma amora lagi joget ma si arsya arsyi;ah min gue lama gak suka sama akun ini nih berita nya basi lo liat dong min itu si kellen sama amora lagi dateng pake ikut jingkrak kok lo saring dulu dong min biar berita nya gak blunder lo posting juga tu kd udah posting videon kellen ma amora lagi joget ma si arsya arsyi;min gue lama gak suka sama akun nih berita basi lo liat dong min si kellen sama amora dateng pake ikut jingkrak kok lo saring dulu dong min biar berita gak blunder lo posting tu kd udah posting videon kellen ma amora joget ma si arsya arsyi
180;180;0;" <USERNAME> iya""km bening, kelewat bening jadi buluk kan ya mbak ?? mbaknya baru nelen apasih komen kaya gini? Apa baru kesurupan ?";username iyakm bening kelewat bening jadi buluk kan ya mbak mbaknya baru nelen apasih komen kaya gini apa baru kesurupan;['username', 'iyakm', 'bening', 'kelewat', 'bening', 'jadi', 'buluk', 'kan', 'ya', 'mbak', 'mbaknya', 'baru', 'nelen', 'apasih', 'komen', 'kaya', 'gini', 'apa', 'baru', 'kesurupan'];['username', 'iyakm', 'bening', 'kelewat', 'bening', 'jadi', 'buluk', 'kan', 'ya', 'mbak', 'mbaknya', 'baru', 'nelen', 'apasih', 'komen', 'kaya', 'gini', 'apa', 'baru', 'kesurupan'];username iyakm bening kelewat bening jadi buluk kan ya mbak mbaknya baru nelen apasih komen kaya gini apa baru kesurupan;username iyakm bening kelewat bening jadi buluk kan ya mbak mbaknya baru nelen apasih komen kaya gini apa baru kesurupan;username iyakm bening lewat bening jadi buluk kan mbak mbak baru nelen apasih komen kaya gin apa baru surup
181;181;0;kita sekeluarga sangat ngefans dan kagum lihat  <USERNAME> semua nya deh.tapi lihat anak nya yg jelek,buluk kan.  <USERNAME>.hermansyah  <USERNAME> kutuk kan apa yg menimpa bunda KD untung Allah swt sudah menggantikan amora dan adik nya.gemezzzzzzz lihat nya cocok banget jadi Anak artis se class bunda KD ??????;kita sekeluarga sangat ngefans dan kagum lihat username semua nya deh tapi lihat anak nya yg jelek buluk kan username hermansyah username kutuk kan apa yg menimpa bunda kd untung allah swt sudah menggantikan amora dan adik nya gemezzzzzzz lihat nya cocok banget jadi anak artis se class bunda kd;['kita', 'sekeluarga', 'sangat', 'ngefans', 'dan', 'kagum', 'lihat', 'username', 'semua', 'nya', 'deh', 'tapi', 'lihat', 'anak', 'nya', 'yg', 'jelek', 'buluk', 'kan', 'username', 'hermansyah', 'username', 'kutuk', 'kan', 'apa', 'yg', 'menimpa', 'bunda', 'kd', 'untung', 'allah', 'swt', 'sudah', 'menggantikan', 'amora', 'dan', 'adik', 'nya', 'gemezzzzzzz', 'lihat', 'nya', 'cocok', 'banget', 'jadi', 'anak', 'artis', 'se', 'class', 'bunda', 'kd'];['kita', 'sekeluarga', 'sangat', 'ngefans', 'dan', 'kagum', 'lihat', 'username', 'semua', 'nya', 'deh', 'tapi', 'lihat', 'anak', 'nya', 'yg', 'jelek', 'buluk', 'kan', 'username', 'hermansyah', 'username', 'kutuk', 'kan', 'apa', 'yg', 'menimpa', 'bunda', 'kd', 'untung', 'allah', 'swt', 'sudah', 'menggantikan', 'amora', 'dan', 'adik', 'nya', 'gemezzzzzzz', 'lihat', 'nya', 'cocok', 'banget', 'jadi', 'anak', 'artis', 'se', 'class', 'bunda', 'kd'];kita sekeluarga sangat ngefans dan kagum lihat username semua nya deh tapi lihat anak nya yg jelek buluk kan username hermansyah username kutuk kan apa yg menimpa bunda kd untung allah swt sudah menggantikan amora dan adik nya gemezzzzzzz lihat nya cocok banget jadi anak artis se class bunda kd;kita sekeluarga sangat ngefans dan kagum lihat username semua nya deh tapi lihat anak nya yg jelek buluk kan username hermansyah username kutuk kan apa yg menimpa bunda kd untung allah swt sudah menggantikan amora dan adik nya gemezzzzzzz lihat nya cocok banget jadi anak artis se class bunda kd;keluarga sangat ngefans kagum lihat username semua deh lihat anak jelek buluk kan username hermansyah username kutuk kan apa yg timpa bunda kd untung allah swt ganti amora adik gemezzzzzzz lihat cocok banget jadi anak artis se class bunda kd
182;182;0;Emang dasar si anak nya aja yg lebay....urusan pribadi di umbar..biar di blow up... hadehh..gunanya whatsapp sms or telp buat apa..suka aneh....;emang dasar si anak nya aja yg lebay urusan pribadi di umbar biar di blow up hadehh gunanya whatsapp sms or telp buat apa suka aneh;['emang', 'dasar', 'si', 'anak', 'nya', 'aja', 'yg', 'lebay', 'urusan', 'pribadi', 'di', 'umbar', 'biar', 'di', 'blow', 'up', 'hadehh', 'gunanya', 'whatsapp', 'sms', 'or', 'telp', 'buat', 'apa', 'suka', 'aneh'];['emang', 'dasar', 'si', 'anak', 'nya', 'aja', 'yg', 'lebay', 'urusan', 'pribadi', 'di', 'umbar', 'biar', 'di', 'blow', 'up', 'hadehh', 'gunanya', 'whatsapp', 'sms', 'or', 'telp', 'buat', 'apa', 'suka', 'aneh'];emang dasar si anak nya aja yg lebay urusan pribadi di umbar biar di blow up hadehh gunanya whatsapp sms or telp buat apa suka aneh;emang dasar si anak nya aja yg lebay urusan pribadi di umbar biar di blow up hadehh gunanya whatsapp sms or telp buat apa suka aneh;emang dasar si anak aja lebay urus pribadi umbar biar blow up hadehh guna whatsapp sms or telp buat apa suka aneh
183;183;0;Coba liat bibir mu sayang, seperti pantat ayam. Wajah mu bulukan seperti kentut?? perfectoooo?;coba liat bibir mu sayang seperti pantat ayam wajah mu bulukan seperti kentut perfectoooo;['coba', 'liat', 'bibir', 'mu', 'sayang', 'seperti', 'pantat', 'ayam', 'wajah', 'mu', 'bulukan', 'seperti', 'kentut', 'perfectoooo'];['coba', 'liat', 'bibir', 'mu', 'sayang', 'seperti', 'pantat', 'ayam', 'wajah', 'mu', 'bulukan', 'seperti', 'kentut', 'perfectoooo'];coba liat bibir mu sayang seperti pantat ayam wajah mu bulukan seperti kentut perfectoooo;coba liat bibir mu sayang seperti pantat ayam wajah mu bulukan seperti kentut perfectoooo;coba liat bibir mu sayang pantat ayam wajah mu bulu kentut perfectoooo
184;184;0;Gagal fokus dengar suaranya.. koq jengkel ya dengernya... sorry cuman manusia biasa kalo jengkel????;gagal fokus dengar suaranya koq jengkel ya dengernya sorry cuman manusia biasa kalo jengkel;['gagal', 'fokus', 'dengar', 'suaranya', 'koq', 'jengkel', 'ya', 'dengernya', 'sorry', 'cuman', 'manusia', 'biasa', 'kalo', 'jengkel'];['gagal', 'fokus', 'dengar', 'suaranya', 'koq', 'jengkel', 'ya', 'dengernya', 'sorry', 'cuman', 'manusia', 'biasa', 'kalo', 'jengkel'];gagal fokus dengar suaranya koq jengkel ya dengernya sorry cuman manusia biasa kalo jengkel;gagal fokus dengar suaranya koq jengkel ya dengernya sorry cuman manusia biasa kalo jengkel;gagal fokus dengar suara koq jengkel dengernya sorry cuman manusia biasa kalo jengkel
185;185;0;Muljem ngomong gak jelas blepotan, gak nyadar mau idup enak aja pake rebut laki orang dulu;muljem ngomong gak jelas blepotan gak nyadar mau idup enak aja pake rebut laki orang dulu;['muljem', 'ngomong', 'gak', 'jelas', 'blepotan', 'gak', 'nyadar', 'mau', 'idup', 'enak', 'aja', 'pake', 'rebut', 'laki', 'orang', 'dulu'];['muljem', 'ngomong', 'gak', 'jelas', 'blepotan', 'gak', 'nyadar', 'mau', 'idup', 'enak', 'aja', 'pake', 'rebut', 'laki', 'orang', 'dulu'];muljem ngomong gak jelas blepotan gak nyadar mau idup enak aja pake rebut laki orang dulu;muljem ngomong gak jelas blepotan gak nyadar mau idup enak aja pake rebut laki orang dulu;muljem ngomong gak jelas blepot gak nyadar mau idup enak aja pake rebut laki orang dulu
186;186;0;??lucu ya si yg bikin kata2.bawa2 Tuhan.kalau dah kepepet. Masa dia ga tau ibarat apa org yg merusak rumah tangga org.ibarat merobohkan bangunan masjid mbak nya.bayangin aja seberapa besar nya dosa mu.nasi dah jdi bubur mba nya moga bisa bahagia di dunia.??;lucu ya si yg bikin kata bawa tuhan kalau dah kepepet masa dia ga tau ibarat apa org yg merusak rumah tangga org ibarat merobohkan bangunan masjid mbak nya bayangin aja seberapa besar nya dosa mu nasi dah jdi bubur mba nya moga bisa bahagia di dunia;['lucu', 'ya', 'si', 'yg', 'bikin', 'kata', 'bawa', 'tuhan', 'kalau', 'dah', 'kepepet', 'masa', 'dia', 'ga', 'tau', 'ibarat', 'apa', 'org', 'yg', 'merusak', 'rumah', 'tangga', 'org', 'ibarat', 'merobohkan', 'bangunan', 'masjid', 'mbak', 'nya', 'bayangin', 'aja', 'seberapa', 'besar', 'nya', 'dosa', 'mu', 'nasi', 'dah', 'jdi', 'bubur', 'mba', 'nya', 'moga', 'bisa', 'bahagia', 'di', 'dunia'];['lucu', 'ya', 'si', 'yg', 'bikin', 'kata', 'bawa', 'tuhan', 'kalau', 'dah', 'kepepet', 'masa', 'dia', 'ga', 'tau', 'ibarat', 'apa', 'org', 'yg', 'merusak', 'rumah', 'tangga', 'org', 'ibarat', 'merobohkan', 'bangunan', 'masjid', 'mbak', 'nya', 'bayangin', 'aja', 'seberapa', 'besar', 'nya', 'dosa', 'mu', 'nasi', 'dah', 'jdi', 'bubur', 'mba', 'nya', 'moga', 'bisa', 'bahagia', 'di', 'dunia'];lucu ya si yg bikin kata bawa tuhan kalau dah kepepet masa dia ga tau ibarat apa org yg merusak rumah tangga org ibarat merobohkan bangunan masjid mbak nya bayangin aja seberapa besar nya dosa mu nasi dah jdi bubur mba nya moga bisa bahagia di dunia;lucu ya si yg bikin kata bawa tuhan kalau dah kepepet masa dia ga tau ibarat apa org yg merusak rumah tangga org ibarat merobohkan bangunan masjid mbak nya bayangin aja seberapa besar nya dosa mu nasi dah jdi bubur mba nya moga bisa bahagia di dunia;lucu si bikin kata bawa tuhan kalau dah pepet masa ga tau ibarat apa org rusak rumah tangga org ibarat roboh bangun masjid mbak bayangin aja berapa besar dosa mu nasi dah jdi bubur mba moga bahagia dunia
187;187;0;Iyah bener. Tidak Akan merubah pandangan Tuhan terhadap Kita. Terutama elu Setan!! Makanya mikirrrr.. suami majikan kok diembat!!;iyah bener tidak akan merubah pandangan tuhan terhadap kita terutama elu setan makanya mikirrrr suami majikan kok diembat;['iyah', 'bener', 'tidak', 'akan', 'merubah', 'pandangan', 'tuhan', 'terhadap', 'kita', 'terutama', 'elu', 'setan', 'makanya', 'mikirrrr', 'suami', 'majikan', 'kok', 'diembat'];['iyah', 'bener', 'tidak', 'akan', 'merubah', 'pandangan', 'tuhan', 'terhadap', 'kita', 'terutama', 'elu', 'setan', 'makanya', 'mikirrrr', 'suami', 'majikan', 'kok', 'diembat'];iyah bener tidak akan merubah pandangan tuhan terhadap kita terutama elu setan makanya mikirrrr suami majikan kok diembat;iyah bener tidak akan merubah pandangan tuhan terhadap kita terutama elu setan makanya mikirrrr suami majikan kok diembat;iyah bener akan rubah pandang tuhan kita utama elu setan makanya mikirrrr suami majikan kok embat
188;188;0;Gilingan mulan jalang lg kasih ceramah. Hahahaha . dasar cireng gak tau diri gak pernah ngaca. Si cireng lg ceramah sok2 kyk pahlawan kesiangan biar bisa berteman ama sekuter kyk selpii ini.;gilingan mulan jalang lg kasih ceramah hahahaha dasar cireng gak tau diri gak pernah ngaca si cireng lg ceramah sok kyk pahlawan kesiangan biar bisa berteman ama sekuter kyk selpii ini;['gilingan', 'mulan', 'jalang', 'lg', 'kasih', 'ceramah', 'hahahaha', 'dasar', 'cireng', 'gak', 'tau', 'diri', 'gak', 'pernah', 'ngaca', 'si', 'cireng', 'lg', 'ceramah', 'sok', 'kyk', 'pahlawan', 'kesiangan', 'biar', 'bisa', 'berteman', 'ama', 'sekuter', 'kyk', 'selpii', 'ini'];['gilingan', 'mulan', 'jalang', 'lg', 'kasih', 'ceramah', 'hahahaha', 'dasar', 'cireng', 'gak', 'tau', 'diri', 'gak', 'pernah', 'ngaca', 'si', 'cireng', 'lg', 'ceramah', 'sok', 'kyk', 'pahlawan', 'kesiangan', 'biar', 'bisa', 'berteman', 'ama', 'sekuter', 'kyk', 'selpii', 'ini'];gilingan mulan jalang lg kasih ceramah hahahaha dasar cireng gak tau diri gak pernah ngaca si cireng lg ceramah sok kyk pahlawan kesiangan biar bisa berteman ama sekuter kyk selpii ini;gilingan mulan jalang lg kasih ceramah hahahaha dasar cireng gak tau diri gak pernah ngaca si cireng lg ceramah sok kyk pahlawan kesiangan biar bisa berteman ama sekuter kyk selpii ini;giling mulan jalang lg kasih ceramah hahahaha dasar cireng gak tau diri gak pernah ngaca si cireng lg ceramah sok kyk pahlawan siang biar teman ama ter kyk selpii
189;189;0;Ya pandangan Tuhan terhadap lo juga jelek sih gue rasa, dikira perebut suami orang tuh mulia apa dimata Tuhan?????????;ya pandangan tuhan terhadap lo juga jelek sih gue rasa dikira perebut suami orang tuh mulia apa dimata tuhan;['ya', 'pandangan', 'tuhan', 'terhadap', 'lo', 'juga', 'jelek', 'sih', 'gue', 'rasa', 'dikira', 'perebut', 'suami', 'orang', 'tuh', 'mulia', 'apa', 'dimata', 'tuhan'];['ya', 'pandangan', 'tuhan', 'terhadap', 'lo', 'juga', 'jelek', 'sih', 'gue', 'rasa', 'dikira', 'perebut', 'suami', 'orang', 'tuh', 'mulia', 'apa', 'dimata', 'tuhan'];ya pandangan tuhan terhadap lo juga jelek sih gue rasa dikira perebut suami orang tuh mulia apa dimata tuhan;ya pandangan tuhan terhadap lo juga jelek sih gue rasa dikira perebut suami orang tuh mulia apa dimata tuhan;pandang tuhan lo jelek gue rasa kira rebut suami orang tuh mulia apa mata tuhan
190;190;0;Karna sejatinya kau adalah setan berwujud manusia ,,karna pekerjaan setan ya menggoda manusia ????;karna sejatinya kau adalah setan berwujud manusia karna pekerjaan setan ya menggoda manusia;['karna', 'sejatinya', 'kau', 'adalah', 'setan', 'berwujud', 'manusia', 'karna', 'pekerjaan', 'setan', 'ya', 'menggoda', 'manusia'];['karna', 'sejatinya', 'kau', 'adalah', 'setan', 'berwujud', 'manusia', 'karna', 'pekerjaan', 'setan', 'ya', 'menggoda', 'manusia'];karna sejatinya kau adalah setan berwujud manusia karna pekerjaan setan ya menggoda manusia;karna sejatinya kau adalah setan berwujud manusia karna pekerjaan setan ya menggoda manusia;karna sejati kau setan wujud manusia karna kerja setan goda manusia
191;191;0;Pernah ngga mba  <USERNAME> baca ada netizen yg nyesel ga bs nimpuk telor ke si mulan..gw aja ketawa bacanya krn terwakili. Ya ngapain buang2 wktu ketemu orang gak mutu dng si mulan...msh untung nyempet2in bs nuli? disini biar nyadar tuh pelakor ga punya harga diri. Mending ketemu org baik2 spt bunmai...ketularan aura positifnya.;pernah ngga mba username baca ada netizen yg nyesel ga bs nimpuk telor ke si mulan gw aja ketawa bacanya krn terwakili ya ngapain buang wktu ketemu orang gak mutu dng si mulan msh untung nyempetin bs nuli disini biar nyadar tuh pelakor ga punya harga diri mending ketemu org baik spt bunmai ketularan aura positifnya;['pernah', 'ngga', 'mba', 'username', 'baca', 'ada', 'netizen', 'yg', 'nyesel', 'ga', 'bs', 'nimpuk', 'telor', 'ke', 'si', 'mulan', 'gw', 'aja', 'ketawa', 'bacanya', 'krn', 'terwakili', 'ya', 'ngapain', 'buang', 'wktu', 'ketemu', 'orang', 'gak', 'mutu', 'dng', 'si', 'mulan', 'msh', 'untung', 'nyempetin', 'bs', 'nuli', 'disini', 'biar', 'nyadar', 'tuh', 'pelakor', 'ga', 'punya', 'harga', 'diri', 'mending', 'ketemu', 'org', 'baik', 'spt', 'bunmai', 'ketularan', 'aura', 'positifnya'];['pernah', 'ngga', 'mba', 'username', 'baca', 'ada', 'netizen', 'yg', 'nyesel', 'ga', 'bs', 'nimpuk', 'telor', 'ke', 'si', 'mulan', 'gw', 'aja', 'ketawa', 'bacanya', 'krn', 'terwakili', 'ya', 'ngapain', 'buang', 'wktu', 'ketemu', 'orang', 'gak', 'mutu', 'dng', 'si', 'mulan', 'msh', 'untung', 'nyempetin', 'bs', 'nuli', 'disini', 'biar', 'nyadar', 'tuh', 'pelakor', 'ga', 'punya', 'harga', 'diri', 'mending', 'ketemu', 'org', 'baik', 'spt', 'bunmai', 'ketularan', 'aura', 'positifnya'];pernah ngga mba username baca ada netizen yg nyesel ga bs nimpuk telor ke si mulan gw aja ketawa bacanya krn terwakili ya ngapain buang wktu ketemu orang gak mutu dng si mulan msh untung nyempetin bs nuli disini biar nyadar tuh pelakor ga punya harga diri mending ketemu org baik spt bunmai ketularan aura positifnya;pernah ngga mba username baca ada netizen yg nyesel ga bs nimpuk telor ke si mulan gw aja ketawa bacanya krn terwakili ya ngapain buang wktu ketemu orang gak mutu dng si mulan msh untung nyempetin bs nuli disini biar nyadar tuh pelakor ga punya harga diri mending ketemu org baik spt bunmai ketularan aura positifnya;pernah ngga mba username baca netizen nyesel ga bs nimpuk telor si mulan gw aja ketawa baca krn wakil ngapain buang wktu ketemu orang gak mutu dng si mulan msh untung nyempetin bs nuli sini biar nyadar tuh pelakor ga punya harga diri mending ketemu org baik spt bunmai tular aura positif
192;192;0;Editanx paraaaahh...oplas aj laaah nyai drpd ngedit2 gn hahaa kn maluuu;editanx paraaaahh oplas aj laaah nyai drpd ngedit gn hahaa kn maluuu;['editanx', 'paraaaahh', 'oplas', 'aj', 'laaah', 'nyai', 'drpd', 'ngedit', 'gn', 'hahaa', 'kn', 'maluuu'];['editanx', 'paraaaahh', 'oplas', 'aj', 'laaah', 'nyai', 'drpd', 'ngedit', 'gn', 'hahaa', 'kn', 'maluuu'];editanx paraaaahh oplas aj laaah nyai drpd ngedit gn hahaa kn maluuu;editanx paraaaahh oplas aj laaah nyai drpd ngedit gn hahaa kn maluuu;editanx paraaaahh oplas aj laaah nyai drpd ngedit gn hahaa kn maluuu
193;193;0;jelek,lecek,bantet ??????;jelek lecek bantet;['jelek', 'lecek', 'bantet'];['jelek', 'lecek', 'bantet'];jelek lecek bantet;jelek lecek bantet;jelek lecek bantet
194;194;0;Gini amat pengen tenar ya ampuuun...malu kalo jadi anaknya yah kasian;gini amat pengen tenar ya ampuuun malu kalo jadi anaknya yah kasian;['gini', 'amat', 'pengen', 'tenar', 'ya', 'ampuuun', 'malu', 'kalo', 'jadi', 'anaknya', 'yah', 'kasian'];['gini', 'amat', 'pengen', 'tenar', 'ya', 'ampuuun', 'malu', 'kalo', 'jadi', 'anaknya', 'yah', 'kasian'];gini amat pengen tenar ya ampuuun malu kalo jadi anaknya yah kasian;gini amat pengen tenar ya ampuuun malu kalo jadi anaknya yah kasian;gin ken tenar ampuuun malu kalo jadi anak yah kasi
195;195;0;Heran gw mak  <USERNAME> knp dia masih aja di pake ma AN*V di pesbu**r. Kasus ny bederet, skandal bertubi2.... Gk ada malu ny ?? muka tembok ?? sangat gak ada faedah ny nonton acara yg ada si manusia kardus ini ??;heran gw mak username knp dia masih aja di pake ma an di pesbu kasus ny bederet skandal bertubi gk ada malu ny muka tembok sangat gak ada faedah ny nonton acara yg ada si manusia kardus ini;['heran', 'gw', 'mak', 'username', 'knp', 'dia', 'masih', 'aja', 'di', 'pake', 'ma', 'an', 'di', 'pesbu', 'kasus', 'ny', 'bederet', 'skandal', 'bertubi', 'gk', 'ada', 'malu', 'ny', 'muka', 'tembok', 'sangat', 'gak', 'ada', 'faedah', 'ny', 'nonton', 'acara', 'yg', 'ada', 'si', 'manusia', 'kardus', 'ini'];['heran', 'gw', 'mak', 'username', 'knp', 'dia', 'masih', 'aja', 'di', 'pake', 'ma', 'an', 'di', 'pesbu', 'kasus', 'ny', 'bederet', 'skandal', 'bertubi', 'gk', 'ada', 'malu', 'ny', 'muka', 'tembok', 'sangat', 'gak', 'ada', 'faedah', 'ny', 'nonton', 'acara', 'yg', 'ada', 'si', 'manusia', 'kardus', 'ini'];heran gw mak username knp dia masih aja di pake ma an di pesbu kasus ny bederet skandal bertubi gk ada malu ny muka tembok sangat gak ada faedah ny nonton acara yg ada si manusia kardus ini;heran gw mak username knp dia masih aja di pake ma an di pesbu kasus ny bederet skandal bertubi gk ada malu ny muka tembok sangat gak ada faedah ny nonton acara yg ada si manusia kardus ini;heran gw mak username knp masih aja pake ma an pesbu kasus ny bederet skandal tubi gk malu ny muka tembok sangat gak faedah ny nonton acara ada si manusia kardus
196;196;0;wey org goblok juga bisa bedain vape, shisha sm rokok. jelas jelas lo ngerokok pake acara ga ngaku segala;wey org goblok juga bisa bedain vape shisha sm rokok jelas jelas lo ngerokok pake acara ga ngaku segala;['wey', 'org', 'goblok', 'juga', 'bisa', 'bedain', 'vape', 'shisha', 'sm', 'rokok', 'jelas', 'jelas', 'lo', 'ngerokok', 'pake', 'acara', 'ga', 'ngaku', 'segala'];['wey', 'org', 'goblok', 'juga', 'bisa', 'bedain', 'vape', 'shisha', 'sm', 'rokok', 'jelas', 'jelas', 'lo', 'ngerokok', 'pake', 'acara', 'ga', 'ngaku', 'segala'];wey org goblok juga bisa bedain vape shisha sm rokok jelas jelas lo ngerokok pake acara ga ngaku segala;wey org goblok juga bisa bedain vape shisha sm rokok jelas jelas lo ngerokok pake acara ga ngaku segala;wey org goblok bisa bedain vape shisha sm rokok jelas jelas lo ngerokok pake acara ga ngaku segala
197;197;0;Jijik saya liatnya...kaya ulet bulu kluget2 gitu...hihihi..ampe sgitunya pengen terkenal...!!;jijik saya liatnya kaya ulet bulu kluget gitu hihihi ampe sgitunya pengen terkenal;['jijik', 'saya', 'liatnya', 'kaya', 'ulet', 'bulu', 'kluget', 'gitu', 'hihihi', 'ampe', 'sgitunya', 'pengen', 'terkenal'];['jijik', 'saya', 'liatnya', 'kaya', 'ulet', 'bulu', 'kluget', 'gitu', 'hihihi', 'ampe', 'sgitunya', 'pengen', 'terkenal'];jijik saya liatnya kaya ulet bulu kluget gitu hihihi ampe sgitunya pengen terkenal;jijik saya liatnya kaya ulet bulu kluget gitu hihihi ampe sgitunya pengen terkenal;jijik liat kaya ulet bulu kluget gitu hihihi ampe sgitunya ken kenal
198;198;0;Jablay anjir mukanya... Murahan bangetttt najisss;jablay anjir mukanya murahan bangetttt najisss;['jablay', 'anjir', 'mukanya', 'murahan', 'bangetttt', 'najisss'];['jablay', 'anjir', 'mukanya', 'murahan', 'bangetttt', 'najisss'];jablay anjir mukanya murahan bangetttt najisss;jablay anjir mukanya murahan bangetttt najisss;jablay anjir muka murah bangetttt najisss
199;199;0; <USERNAME>.alycia iya sist jijik banget gw liatnya sok suci ngatain orang kalo gw sih malulah artis papan atas tapi otak gak di fikir kalo ngomong ,ketauan bngt gada wibawanya kalo emang dia nyadar dia siapa seharusnya dia tau cara berkomentar manusia gada yg ;username alycia iya sist jijik banget gw liatnya sok suci ngatain orang kalo gw sih malulah artis papan atas tapi otak gak di fikir kalo ngomong ketauan bngt gada wibawanya kalo emang dia nyadar dia siapa seharusnya dia tau cara berkomentar manusia gada yg;['username', 'alycia', 'iya', 'sist', 'jijik', 'banget', 'gw', 'liatnya', 'sok', 'suci', 'ngatain', 'orang', 'kalo', 'gw', 'sih', 'malulah', 'artis', 'papan', 'atas', 'tapi', 'otak', 'gak', 'di', 'fikir', 'kalo', 'ngomong', 'ketauan', 'bngt', 'gada', 'wibawanya', 'kalo', 'emang', 'dia', 'nyadar', 'dia', 'siapa', 'seharusnya', 'dia', 'tau', 'cara', 'berkomentar', 'manusia', 'gada', 'yg'];['username', 'alycia', 'iya', 'sist', 'jijik', 'banget', 'gw', 'liatnya', 'sok', 'suci', 'ngatain', 'orang', 'kalo', 'gw', 'sih', 'malulah', 'artis', 'papan', 'atas', 'tapi', 'otak', 'gak', 'di', 'fikir', 'kalo', 'ngomong', 'ketauan', 'bngt', 'gada', 'wibawanya', 'kalo', 'emang', 'dia', 'nyadar', 'dia', 'siapa', 'seharusnya', 'dia', 'tau', 'cara', 'berkomentar', 'manusia', 'gada', 'yg'];username alycia iya sist jijik banget gw liatnya sok suci ngatain orang kalo gw sih malulah artis papan atas tapi otak gak di fikir kalo ngomong ketauan bngt gada wibawanya kalo emang dia nyadar dia siapa seharusnya dia tau cara berkomentar manusia gada yg;username alycia iya sist jijik banget gw liatnya sok suci ngatain orang kalo gw sih malulah artis papan atas tapi otak gak di fikir kalo ngomong ketauan bngt gada wibawanya kalo emang dia nyadar dia siapa seharusnya dia tau cara berkomentar manusia gada yg;username alycia iya sist jijik banget gw liat sok suci ngatain orang kalo gw malu artis papan atas otak gak fikir kalo ngomong tau bngt gada wibawa kalo emang nyadar siapa dia tau cara komentar manusia gada
200;200;1;yang sabar yaa.. insya Allah menjadi pembuka pintu syurga dan penghalang api neraka bagi kedua orang tuanya;yang sabar yaa insya allah menjadi pembuka pintu syurga dan penghalang api neraka bagi kedua orang tuanya;['yang', 'sabar', 'yaa', 'insya', 'allah', 'menjadi', 'pembuka', 'pintu', 'syurga', 'dan', 'penghalang', 'api', 'neraka', 'bagi', 'kedua', 'orang', 'tuanya'];['yang', 'sabar', 'yaa', 'insya', 'allah', 'menjadi', 'pembuka', 'pintu', 'syurga', 'dan', 'penghalang', 'api', 'neraka', 'bagi', 'kedua', 'orang', 'tuanya'];yang sabar yaa insya allah menjadi pembuka pintu syurga dan penghalang api neraka bagi kedua orang tuanya;yang sabar yaa insya allah menjadi pembuka pintu syurga dan penghalang api neraka bagi kedua orang tuanya;sabar yaa insya allah jadi buka pintu syurga halang api neraka dua orang tua
201;201;1;Lagu barunya mbak tata kan kisah nyatanya rumah tangga mbak tata.... jadi rasanya mbak tata bener2 sayang get sama suaminya... syukur kalau baikan.... semoga awet...;lagu barunya mbak tata kan kisah nyatanya rumah tangga mbak tata jadi rasanya mbak tata bener sayang get sama suaminya syukur kalau baikan semoga awet;['lagu', 'barunya', 'mbak', 'tata', 'kan', 'kisah', 'nyatanya', 'rumah', 'tangga', 'mbak', 'tata', 'jadi', 'rasanya', 'mbak', 'tata', 'bener', 'sayang', 'get', 'sama', 'suaminya', 'syukur', 'kalau', 'baikan', 'semoga', 'awet'];['lagu', 'barunya', 'mbak', 'tata', 'kan', 'kisah', 'nyatanya', 'rumah', 'tangga', 'mbak', 'tata', 'jadi', 'rasanya', 'mbak', 'tata', 'bener', 'sayang', 'get', 'sama', 'suaminya', 'syukur', 'kalau', 'baikan', 'semoga', 'awet'];lagu barunya mbak tata kan kisah nyatanya rumah tangga mbak tata jadi rasanya mbak tata bener sayang get sama suaminya syukur kalau baikan semoga awet;lagu barunya mbak tata kan kisah nyatanya rumah tangga mbak tata jadi rasanya mbak tata bener sayang get sama suaminya syukur kalau baikan semoga awet;lagu baru mbak tata kan kisah nyata rumah tangga mbak tata jadi rasa mbak tata bener sayang get sama suami syukur kalau baik moga awet
202;202;1;Yg komen kenapa si mbak ini ga sedih malah ketawa2.. ya iyalah klo kita dah disakiti sm pasangan smpe berlarut2 ngapain juga sih kita sedih ampe depresi segala.. serahin sm Allah aja..bawa happy aja mski sakit.. lagian si mba senyum2 di wajahnya tp hatinya mana tau kan... senyumannya bs jd buat menetralisir kondisi hatinya yg lg terpuruk... ada pepatah bilang ,, klo bahagia jgn trllu bahagia, klo sedih juga jgn trllu sedih... diimbangi aja biar ga gila ??????;yg komen kenapa si mbak ini ga sedih malah ketawa ya iyalah klo kita dah disakiti sm pasangan smpe berlarut ngapain juga sih kita sedih ampe depresi segala serahin sm allah aja bawa happy aja mski sakit lagian si mba senyum di wajahnya tp hatinya mana tau kan senyumannya bs jd buat menetralisir kondisi hatinya yg lg terpuruk ada pepatah bilang klo bahagia jgn trllu bahagia klo sedih juga jgn trllu sedih diimbangi aja biar ga gila;['yg', 'komen', 'kenapa', 'si', 'mbak', 'ini', 'ga', 'sedih', 'malah', 'ketawa', 'ya', 'iyalah', 'klo', 'kita', 'dah', 'disakiti', 'sm', 'pasangan', 'smpe', 'berlarut', 'ngapain', 'juga', 'sih', 'kita', 'sedih', 'ampe', 'depresi', 'segala', 'serahin', 'sm', 'allah', 'aja', 'bawa', 'happy', 'aja', 'mski', 'sakit', 'lagian', 'si', 'mba', 'senyum', 'di', 'wajahnya', 'tp', 'hatinya', 'mana', 'tau', 'kan', 'senyumannya', 'bs', 'jd', 'buat', 'menetralisir', 'kondisi', 'hatinya', 'yg', 'lg', 'terpuruk', 'ada', 'pepatah', 'bilang', 'klo', 'bahagia', 'jgn', 'trllu', 'bahagia', 'klo', 'sedih', 'juga', 'jgn', 'trllu', 'sedih', 'diimbangi', 'aja', 'biar', 'ga', 'gila'];['yg', 'komen', 'kenapa', 'si', 'mbak', 'ini', 'ga', 'sedih', 'malah', 'ketawa', 'ya', 'iyalah', 'klo', 'kita', 'dah', 'disakiti', 'sm', 'pasangan', 'smpe', 'berlarut', 'ngapain', 'juga', 'sih', 'kita', 'sedih', 'ampe', 'depresi', 'segala', 'serahin', 'sm', 'allah', 'aja', 'bawa', 'happy', 'aja', 'mski', 'sakit', 'lagian', 'si', 'mba', 'senyum', 'di', 'wajahnya', 'tp', 'hatinya', 'mana', 'tau', 'kan', 'senyumannya', 'bs', 'jd', 'buat', 'menetralisir', 'kondisi', 'hatinya', 'yg', 'lg', 'terpuruk', 'ada', 'pepatah', 'bilang', 'klo', 'bahagia', 'jgn', 'trllu', 'bahagia', 'klo', 'sedih', 'juga', 'jgn', 'trllu', 'sedih', 'diimbangi', 'aja', 'biar', 'ga', 'gila'];yg komen kenapa si mbak ini ga sedih malah ketawa ya iyalah klo kita dah disakiti sm pasangan smpe berlarut ngapain juga sih kita sedih ampe depresi segala serahin sm allah aja bawa happy aja mski sakit lagian si mba senyum di wajahnya tp hatinya mana tau kan senyumannya bs jd buat menetralisir kondisi hatinya yg lg terpuruk ada pepatah bilang klo bahagia jgn trllu bahagia klo sedih juga jgn trllu sedih diimbangi aja biar ga gila;yg komen kenapa si mbak ini ga sedih malah ketawa ya iyalah klo kita dah disakiti sm pasangan smpe berlarut ngapain juga sih kita sedih ampe depresi segala serahin sm allah aja bawa happy aja mski sakit lagian si mba senyum di wajahnya tp hatinya mana tau kan senyumannya bs jd buat menetralisir kondisi hatinya yg lg terpuruk ada pepatah bilang klo bahagia jgn trllu bahagia klo sedih juga jgn trllu sedih diimbangi aja biar ga gila;komen si mbak ga sedih malah ketawa iya klo dah sakit sm pasang smpe larut ngapain sih sedih ampe depresi segala serahin sm allah aja bawa happy aja mski sakit lagi si mba senyum wajah tp hati mana tau kan senyum bs jd buat menetralisir kondisi hati lg puruk pepatah bilang klo bahagia jgn trllu bahagia klo sedih jgn trllu sedih imbang aja biar ga gila
203;203;1;Suka banget sama pasangan satu ini. Semoga gigi dan raffi menjadi keluarga sakinnah, mawaddah, warrahmah. Semoga tidak ada pihak2 yang ingin memisahkan mereka. Jodoh sampai maut memisahkan. Amiin;suka banget sama pasangan satu ini semoga gigi dan raffi menjadi keluarga sakinnah mawaddah warrahmah semoga tidak ada pihak yang ingin memisahkan mereka jodoh sampai maut memisahkan amiin;['suka', 'banget', 'sama', 'pasangan', 'satu', 'ini', 'semoga', 'gigi', 'dan', 'raffi', 'menjadi', 'keluarga', 'sakinnah', 'mawaddah', 'warrahmah', 'semoga', 'tidak', 'ada', 'pihak', 'yang', 'ingin', 'memisahkan', 'mereka', 'jodoh', 'sampai', 'maut', 'memisahkan', 'amiin'];['suka', 'banget', 'sama', 'pasangan', 'satu', 'ini', 'semoga', 'gigi', 'dan', 'raffi', 'menjadi', 'keluarga', 'sakinnah', 'mawaddah', 'warrahmah', 'semoga', 'tidak', 'ada', 'pihak', 'yang', 'ingin', 'memisahkan', 'mereka', 'jodoh', 'sampai', 'maut', 'memisahkan', 'amiin'];suka banget sama pasangan satu ini semoga gigi dan raffi menjadi keluarga sakinnah mawaddah warrahmah semoga tidak ada pihak yang ingin memisahkan mereka jodoh sampai maut memisahkan amiin;suka banget sama pasangan satu ini semoga gigi dan raffi menjadi keluarga sakinnah mawaddah warrahmah semoga tidak ada pihak yang ingin memisahkan mereka jodoh sampai maut memisahkan amiin;suka banget sama pasang satu moga gigi raffi jadi keluarga sakinnah mawaddah warrahmah moga ada pihak ingin pisah jodoh maut pisah amiin
204;204;1;Jemima kan anak angkat celine, eleeya anak hubungan celine dan dirly. Dan saya terharu saya tau kalau jemima adalah anak panti asuhan yang dia rawat. Dan wajar kalau stefen lebih pilih celine karna hatinya baik;jemima kan anak angkat celine eleeya anak hubungan celine dan dirly dan saya terharu saya tau kalau jemima adalah anak panti asuhan yang dia rawat dan wajar kalau stefen lebih pilih celine karna hatinya baik;['jemima', 'kan', 'anak', 'angkat', 'celine', 'eleeya', 'anak', 'hubungan', 'celine', 'dan', 'dirly', 'dan', 'saya', 'terharu', 'saya', 'tau', 'kalau', 'jemima', 'adalah', 'anak', 'panti', 'asuhan', 'yang', 'dia', 'rawat', 'dan', 'wajar', 'kalau', 'stefen', 'lebih', 'pilih', 'celine', 'karna', 'hatinya', 'baik'];['jemima', 'kan', 'anak', 'angkat', 'celine', 'eleeya', 'anak', 'hubungan', 'celine', 'dan', 'dirly', 'dan', 'saya', 'terharu', 'saya', 'tau', 'kalau', 'jemima', 'adalah', 'anak', 'panti', 'asuhan', 'yang', 'dia', 'rawat', 'dan', 'wajar', 'kalau', 'stefen', 'lebih', 'pilih', 'celine', 'karna', 'hatinya', 'baik'];jemima kan anak angkat celine eleeya anak hubungan celine dan dirly dan saya terharu saya tau kalau jemima adalah anak panti asuhan yang dia rawat dan wajar kalau stefen lebih pilih celine karna hatinya baik;jemima kan anak angkat celine eleeya anak hubungan celine dan dirly dan saya terharu saya tau kalau jemima adalah anak panti asuhan yang dia rawat dan wajar kalau stefen lebih pilih celine karna hatinya baik;jemima kan anak angkat celine eleeya anak hubung celine dirly haru saya tau kalau jemima anak panti asuh dia rawat wajar kalau stefen lebih pilih celine karna hati baik
205;205;1;Lucu yg blg stefan menghabiskn masa muda wkwk.umurnya mah gak muda mukanya aja yg baby face. Bersyukur.bonus buat celinenya?? lah dlu mantannya begimane. Dibawah umur ude pacran mcam laki bini. Hiks. Selepas tu yakin deh susah mengambil keputusan kaya stefan. Tipical cowo yg tnggung jwabnya tinggi;lucu yg blg stefan menghabiskn masa muda wkwk umurnya mah gak muda mukanya aja yg baby face bersyukur bonus buat celinenya lah dlu mantannya begimane dibawah umur ude pacran mcam laki bini hiks selepas tu yakin deh susah mengambil keputusan kaya stefan tipical cowo yg tnggung jwabnya tinggi;['lucu', 'yg', 'blg', 'stefan', 'menghabiskn', 'masa', 'muda', 'wkwk', 'umurnya', 'mah', 'gak', 'muda', 'mukanya', 'aja', 'yg', 'baby', 'face', 'bersyukur', 'bonus', 'buat', 'celinenya', 'lah', 'dlu', 'mantannya', 'begimane', 'dibawah', 'umur', 'ude', 'pacran', 'mcam', 'laki', 'bini', 'hiks', 'selepas', 'tu', 'yakin', 'deh', 'susah', 'mengambil', 'keputusan', 'kaya', 'stefan', 'tipical', 'cowo', 'yg', 'tnggung', 'jwabnya', 'tinggi'];['lucu', 'yg', 'blg', 'stefan', 'menghabiskn', 'masa', 'muda', 'wkwk', 'umurnya', 'mah', 'gak', 'muda', 'mukanya', 'aja', 'yg', 'baby', 'face', 'bersyukur', 'bonus', 'buat', 'celinenya', 'lah', 'dlu', 'mantannya', 'begimane', 'dibawah', 'umur', 'ude', 'pacran', 'mcam', 'laki', 'bini', 'hiks', 'selepas', 'tu', 'yakin', 'deh', 'susah', 'mengambil', 'keputusan', 'kaya', 'stefan', 'tipical', 'cowo', 'yg', 'tnggung', 'jwabnya', 'tinggi'];lucu yg blg stefan menghabiskn masa muda wkwk umurnya mah gak muda mukanya aja yg baby face bersyukur bonus buat celinenya lah dlu mantannya begimane dibawah umur ude pacran mcam laki bini hiks selepas tu yakin deh susah mengambil keputusan kaya stefan tipical cowo yg tnggung jwabnya tinggi;lucu yg blg stefan menghabiskn masa muda wkwk umurnya mah gak muda mukanya aja yg baby face bersyukur bonus buat celinenya lah dlu mantannya begimane dibawah umur ude pacran mcam laki bini hiks selepas tu yakin deh susah mengambil keputusan kaya stefan tipical cowo yg tnggung jwabnya tinggi;lucu blg stefan menghabiskn masa muda wkwk umur gak muda muka aja baby face syukur bonus buat celinenya dlu mantan begimane bawah umur ude pacran mcam laki bini hiks lepas tu yakin deh susah ambil putus kaya stefan tipical cowo tnggung jwabnya tinggi
206;206;1;Dan lagi ada yg masih bawa2 keenan ????. raisa udah paling berbahagia ngedapetin suami yang super ngemong dan mature kaya hamish. Raisa itu cukup dewasa di banding wanita seumurannya yang masih mikirin dirinya sendiri. Jd menurut gue raisa dan hamish sama2 beruntung bisa menjadi sepasang suami istri. Ga ada tuh gagal move on ???????? so congratz raisa dan hamish. Semoga pernikahannya sakinah mawadah dan warahmah;dan lagi ada yg masih bawa keenan raisa udah paling berbahagia ngedapetin suami yang super ngemong dan mature kaya hamish raisa itu cukup dewasa di banding wanita seumurannya yang masih mikirin dirinya sendiri jd menurut gue raisa dan hamish sama beruntung bisa menjadi sepasang suami istri ga ada tuh gagal move on so congratz raisa dan hamish semoga pernikahannya sakinah mawadah dan warahmah;['dan', 'lagi', 'ada', 'yg', 'masih', 'bawa', 'keenan', 'raisa', 'udah', 'paling', 'berbahagia', 'ngedapetin', 'suami', 'yang', 'super', 'ngemong', 'dan', 'mature', 'kaya', 'hamish', 'raisa', 'itu', 'cukup', 'dewasa', 'di', 'banding', 'wanita', 'seumurannya', 'yang', 'masih', 'mikirin', 'dirinya', 'sendiri', 'jd', 'menurut', 'gue', 'raisa', 'dan', 'hamish', 'sama', 'beruntung', 'bisa', 'menjadi', 'sepasang', 'suami', 'istri', 'ga', 'ada', 'tuh', 'gagal', 'move', 'on', 'so', 'congratz', 'raisa', 'dan', 'hamish', 'semoga', 'pernikahannya', 'sakinah', 'mawadah', 'dan', 'warahmah'];['dan', 'lagi', 'ada', 'yg', 'masih', 'bawa', 'keenan', 'raisa', 'udah', 'paling', 'berbahagia', 'ngedapetin', 'suami', 'yang', 'super', 'ngemong', 'dan', 'mature', 'kaya', 'hamish', 'raisa', 'itu', 'cukup', 'dewasa', 'di', 'banding', 'wanita', 'seumurannya', 'yang', 'masih', 'mikirin', 'dirinya', 'sendiri', 'jd', 'menurut', 'gue', 'raisa', 'dan', 'hamish', 'sama', 'beruntung', 'bisa', 'menjadi', 'sepasang', 'suami', 'istri', 'ga', 'ada', 'tuh', 'gagal', 'move', 'on', 'so', 'congratz', 'raisa', 'dan', 'hamish', 'semoga', 'pernikahannya', 'sakinah', 'mawadah', 'dan', 'warahmah'];dan lagi ada yg masih bawa keenan raisa udah paling berbahagia ngedapetin suami yang super ngemong dan mature kaya hamish raisa itu cukup dewasa di banding wanita seumurannya yang masih mikirin dirinya sendiri jd menurut gue raisa dan hamish sama beruntung bisa menjadi sepasang suami istri ga ada tuh gagal move on so congratz raisa dan hamish semoga pernikahannya sakinah mawadah dan warahmah;dan lagi ada yg masih bawa keenan raisa udah paling berbahagia ngedapetin suami yang super ngemong dan mature kaya hamish raisa itu cukup dewasa di banding wanita seumurannya yang masih mikirin dirinya sendiri jd menurut gue raisa dan hamish sama beruntung bisa menjadi sepasang suami istri ga ada tuh gagal move on so congratz raisa dan hamish semoga pernikahannya sakinah mawadah dan warahmah;lagi yg bawa keenan raisa udah paling bahagia ngedapetin suami super ngemong mature kaya hamish raisa cukup dewasa banding wanita umur masih mikirin diri sendiri jd gue raisa hamish sama untung jadi pasang suami istri ga tuh gagal move on so congratz raisa hamish moga nikah sakinah mawadah warahmah
207;207;1;Raisa cantik yaaa, meskipun artis tapi ga menonjolkan kalo nikah tuh harus mewah, udah cantik, sederhana, sempurna bgt,;raisa cantik yaaa meskipun artis tapi ga menonjolkan kalo nikah tuh harus mewah udah cantik sederhana sempurna bgt;['raisa', 'cantik', 'yaaa', 'meskipun', 'artis', 'tapi', 'ga', 'menonjolkan', 'kalo', 'nikah', 'tuh', 'harus', 'mewah', 'udah', 'cantik', 'sederhana', 'sempurna', 'bgt'];['raisa', 'cantik', 'yaaa', 'meskipun', 'artis', 'tapi', 'ga', 'menonjolkan', 'kalo', 'nikah', 'tuh', 'harus', 'mewah', 'udah', 'cantik', 'sederhana', 'sempurna', 'bgt'];raisa cantik yaaa meskipun artis tapi ga menonjolkan kalo nikah tuh harus mewah udah cantik sederhana sempurna bgt;raisa cantik yaaa meskipun artis tapi ga menonjolkan kalo nikah tuh harus mewah udah cantik sederhana sempurna bgt;raisa cantik yaaa meski artis ga tonjol kalo nikah tuh mewah udah cantik sederhana sempurna bgt
208;208;1;Karna orang yang syudah cantik, ga perlu dandan heboh utk membuatnya terlihat cantik.. dengan makeup yang simple gitu aja sudah mempesona?????? bikin hamish klepek2;karna orang yang syudah cantik ga perlu dandan heboh utk membuatnya terlihat cantik dengan makeup yang simple gitu aja sudah mempesona bikin hamish klepek;['karna', 'orang', 'yang', 'syudah', 'cantik', 'ga', 'perlu', 'dandan', 'heboh', 'utk', 'membuatnya', 'terlihat', 'cantik', 'dengan', 'makeup', 'yang', 'simple', 'gitu', 'aja', 'sudah', 'mempesona', 'bikin', 'hamish', 'klepek'];['karna', 'orang', 'yang', 'syudah', 'cantik', 'ga', 'perlu', 'dandan', 'heboh', 'utk', 'membuatnya', 'terlihat', 'cantik', 'dengan', 'makeup', 'yang', 'simple', 'gitu', 'aja', 'sudah', 'mempesona', 'bikin', 'hamish', 'klepek'];karna orang yang syudah cantik ga perlu dandan heboh utk membuatnya terlihat cantik dengan makeup yang simple gitu aja sudah mempesona bikin hamish klepek;karna orang yang syudah cantik ga perlu dandan heboh utk membuatnya terlihat cantik dengan makeup yang simple gitu aja sudah mempesona bikin hamish klepek;karna orang syudah cantik ga perlu dandan heboh utk buat lihat cantik makeup simple gitu aja pesona bikin hamish klepek
209;209;1;Bagus dong.. mencari ilmu kapanpun dimanapun.. itu karena suaminya orang berpendidikan ????????????;bagus dong mencari ilmu kapanpun dimanapun itu karena suaminya orang berpendidikan;['bagus', 'dong', 'mencari', 'ilmu', 'kapanpun', 'dimanapun', 'itu', 'karena', 'suaminya', 'orang', 'berpendidikan'];['bagus', 'dong', 'mencari', 'ilmu', 'kapanpun', 'dimanapun', 'itu', 'karena', 'suaminya', 'orang', 'berpendidikan'];bagus dong mencari ilmu kapanpun dimanapun itu karena suaminya orang berpendidikan;bagus dong mencari ilmu kapanpun dimanapun itu karena suaminya orang berpendidikan;bagus dong cari ilmu kapan mana karena suami orang didik
210;210;1;Sukak cewe cantik dan kmauan blajarnya tinggi ???;sukak cewe cantik dan kmauan blajarnya tinggi;['sukak', 'cewe', 'cantik', 'dan', 'kmauan', 'blajarnya', 'tinggi'];['sukak', 'cewe', 'cantik', 'dan', 'kmauan', 'blajarnya', 'tinggi'];sukak cewe cantik dan kmauan blajarnya tinggi;sukak cewe cantik dan kmauan blajarnya tinggi;sukak cewe cantik kmauan blajarnya tinggi
211;211;1;Yaampun ini artis bener bener good attitude yang layak jadi panutan. Dia kan bisa aja kuliah di luar negri. Tp karna baktinya sama suami , dia pilih kuliah di wilayah dekat suaminya . Salut banget;yaampun ini artis bener bener good attitude yang layak jadi panutan dia kan bisa aja kuliah di luar negri tp karna baktinya sama suami dia pilih kuliah di wilayah dekat suaminya salut banget;['yaampun', 'ini', 'artis', 'bener', 'bener', 'good', 'attitude', 'yang', 'layak', 'jadi', 'panutan', 'dia', 'kan', 'bisa', 'aja', 'kuliah', 'di', 'luar', 'negri', 'tp', 'karna', 'baktinya', 'sama', 'suami', 'dia', 'pilih', 'kuliah', 'di', 'wilayah', 'dekat', 'suaminya', 'salut', 'banget'];['yaampun', 'ini', 'artis', 'bener', 'bener', 'good', 'attitude', 'yang', 'layak', 'jadi', 'panutan', 'dia', 'kan', 'bisa', 'aja', 'kuliah', 'di', 'luar', 'negri', 'tp', 'karna', 'baktinya', 'sama', 'suami', 'dia', 'pilih', 'kuliah', 'di', 'wilayah', 'dekat', 'suaminya', 'salut', 'banget'];yaampun ini artis bener bener good attitude yang layak jadi panutan dia kan bisa aja kuliah di luar negri tp karna baktinya sama suami dia pilih kuliah di wilayah dekat suaminya salut banget;yaampun ini artis bener bener good attitude yang layak jadi panutan dia kan bisa aja kuliah di luar negri tp karna baktinya sama suami dia pilih kuliah di wilayah dekat suaminya salut banget;yaampun artis bener bener good attitude layak jadi panutan kan aja kuliah luar negri tp karna bakti sama suami pilih kuliah wilayah dekat suami salut banget
212;212;1;Semangat batman  <USERNAME> kita VA selalu support kamu karna setiap manusia pasti pernah punya kesalahan ???????? ,, dan buat yang lain tolong jangan di bahas lagi pliis karna itu udah 2 tahun yang lalu ????;semangat batman username kita va selalu support kamu karna setiap manusia pasti pernah punya kesalahan dan buat yang lain tolong jangan di bahas lagi pliis karna itu udah   tahun yang lalu;['semangat', 'batman', 'username', 'kita', 'va', 'selalu', 'support', 'kamu', 'karna', 'setiap', 'manusia', 'pasti', 'pernah', 'punya', 'kesalahan', 'dan', 'buat', 'yang', 'lain', 'tolong', 'jangan', 'di', 'bahas', 'lagi', 'pliis', 'karna', 'itu', 'udah', 'tahun', 'yang', 'lalu'];['semangat', 'batman', 'username', 'kita', 'va', 'selalu', 'support', 'kamu', 'karna', 'setiap', 'manusia', 'pasti', 'pernah', 'punya', 'kesalahan', 'dan', 'buat', 'yang', 'lain', 'tolong', 'jangan', 'di', 'bahas', 'lagi', 'pliis', 'karna', 'itu', 'udah', 'tahun', 'yang', 'lalu'];semangat batman username kita va selalu support kamu karna setiap manusia pasti pernah punya kesalahan dan buat yang lain tolong jangan di bahas lagi pliis karna itu udah tahun yang lalu;semangat batman username kita va selalu support kamu karna setiap manusia pasti pernah punya kesalahan dan buat yang lain tolong jangan di bahas lagi pliis karna itu udah tahun yang lalu;semangat batman username va selalu support kamu karna manusia pernah punya salah buat lain jangan bahas pliis karna udah tahun lalu
213;213;1; <USERNAME> y udh .salam knl y mbk seneng bisa knl sm mbk. Sbagai manusia kita saling ingetin.y sbagai manusia kita hrs tau diri jgn sombong yg digedein mentang2 dah jd artis haha..y udh mbk kita cabut ja y dri komen d foto ni nnt kita jd korban dy sel;username udh salam knl mbk seneng bisa knl sm mbk sbagai manusia kita saling ingetin sbagai manusia kita hrs tau diri jgn sombong yg digedein mentang dah jd artis haha udh mbk kita cabut ja dri komen foto ni nnt kita jd korban dy sel;['username', 'udh', 'salam', 'knl', 'mbk', 'seneng', 'bisa', 'knl', 'sm', 'mbk', 'sbagai', 'manusia', 'kita', 'saling', 'ingetin', 'sbagai', 'manusia', 'kita', 'hrs', 'tau', 'diri', 'jgn', 'sombong', 'yg', 'digedein', 'mentang', 'dah', 'jd', 'artis', 'haha', 'udh', 'mbk', 'kita', 'cabut', 'ja', 'dri', 'komen', 'foto', 'ni', 'nnt', 'kita', 'jd', 'korban', 'dy', 'sel'];['username', 'udh', 'salam', 'knl', 'mbk', 'seneng', 'bisa', 'knl', 'sm', 'mbk', 'sbagai', 'manusia', 'kita', 'saling', 'ingetin', 'sbagai', 'manusia', 'kita', 'hrs', 'tau', 'diri', 'jgn', 'sombong', 'yg', 'digedein', 'mentang', 'dah', 'jd', 'artis', 'haha', 'udh', 'mbk', 'kita', 'cabut', 'ja', 'dri', 'komen', 'foto', 'ni', 'nnt', 'kita', 'jd', 'korban', 'dy', 'sel'];username udh salam knl mbk seneng bisa knl sm mbk sbagai manusia kita saling ingetin sbagai manusia kita hrs tau diri jgn sombong yg digedein mentang dah jd artis haha udh mbk kita cabut ja dri komen foto ni nnt kita jd korban dy sel;username udh salam knl mbk seneng bisa knl sm mbk sbagai manusia kita saling ingetin sbagai manusia kita hrs tau diri jgn sombong yg digedein mentang dah jd artis haha udh mbk kita cabut ja dri komen foto ni nnt kita jd korban dy sel;username udh salam knl mbk neng knl sm mbk sbagai manusia saling ingetin sbagai manusia hrs tau diri jgn sombong digedein mentang dah jd artis haha udh mbk cabut ja dri komen foto ni nnt jd korban dy sel
214;214;1;keren yaaa, kesederhanaannya terpancar jelas. sukak sm keluarga presiden ini??;keren yaaa kesederhanaannya terpancar jelas sukak sm keluarga presiden ini;['keren', 'yaaa', 'kesederhanaannya', 'terpancar', 'jelas', 'sukak', 'sm', 'keluarga', 'presiden', 'ini'];['keren', 'yaaa', 'kesederhanaannya', 'terpancar', 'jelas', 'sukak', 'sm', 'keluarga', 'presiden', 'ini'];keren yaaa kesederhanaannya terpancar jelas sukak sm keluarga presiden ini;keren yaaa kesederhanaannya terpancar jelas sukak sm keluarga presiden ini;keren yaaa sederhana pancar jelas sukak sm keluarga presiden
215;215;1;"Seorang presiden tanpa embel"" gelar .. bangga sekali";seorang presiden tanpa embel gelar bangga sekali;['seorang', 'presiden', 'tanpa', 'embel', 'gelar', 'bangga', 'sekali'];['seorang', 'presiden', 'tanpa', 'embel', 'gelar', 'bangga', 'sekali'];seorang presiden tanpa embel gelar bangga sekali;seorang presiden tanpa embel gelar bangga sekali;orang presiden embel gelar bangga sekali
216;216;1;Proud of you Indonesia. God bless Indonesia;proud of you indonesia god bless indonesia;['proud', 'of', 'you', 'indonesia', 'god', 'bless', 'indonesia'];['proud', 'of', 'you', 'indonesia', 'god', 'bless', 'indonesia'];proud of you indonesia god bless indonesia;proud of you indonesia god bless indonesia;proud of you indonesia god bless indonesia
217;217;1;Amazing bngt Miss National Costume. Kereenn!! Bangga ama budaya indonesia ????;amazing bngt miss national costume kereenn bangga ama budaya indonesia;['amazing', 'bngt', 'miss', 'national', 'costume', 'kereenn', 'bangga', 'ama', 'budaya', 'indonesia'];['amazing', 'bngt', 'miss', 'national', 'costume', 'kereenn', 'bangga', 'ama', 'budaya', 'indonesia'];amazing bngt miss national costume kereenn bangga ama budaya indonesia;amazing bngt miss national costume kereenn bangga ama budaya indonesia;amazing bngt miss national costume kereenn bangga ama budaya indonesia
218;218;1;Ikut bangga pastinya ??;ikut bangga pastinya;['ikut', 'bangga', 'pastinya'];['ikut', 'bangga', 'pastinya'];ikut bangga pastinya;ikut bangga pastinya;ikut bangga pasti
219;219;1;PROUD OF YOU KAK DEA. Sangat patut dibanggakan??;proud of you kak dea sangat patut dibanggakan;['proud', 'of', 'you', 'kak', 'dea', 'sangat', 'patut', 'dibanggakan'];['proud', 'of', 'you', 'kak', 'dea', 'sangat', 'patut', 'dibanggakan'];proud of you kak dea sangat patut dibanggakan;proud of you kak dea sangat patut dibanggakan;proud of you kak dea sangat patut bangga
220;220;1;Suka bgt sm pidatox dy cara pembawaanx bgtu elegan n brwibawah pntas mmg dy mdptkan.salut;suka bgt sm pidatox dy cara pembawaanx bgtu elegan brwibawah pntas mmg dy mdptkan salut;['suka', 'bgt', 'sm', 'pidatox', 'dy', 'cara', 'pembawaanx', 'bgtu', 'elegan', 'brwibawah', 'pntas', 'mmg', 'dy', 'mdptkan', 'salut'];['suka', 'bgt', 'sm', 'pidatox', 'dy', 'cara', 'pembawaanx', 'bgtu', 'elegan', 'brwibawah', 'pntas', 'mmg', 'dy', 'mdptkan', 'salut'];suka bgt sm pidatox dy cara pembawaanx bgtu elegan brwibawah pntas mmg dy mdptkan salut;suka bgt sm pidatox dy cara pembawaanx bgtu elegan brwibawah pntas mmg dy mdptkan salut;suka bgt sm pidatox dy cara pembawaanx bgtu elegan brwibawah pntas mmg dy mdptkan salut
221;221;1;aku percaya kak niki orangnya jujur semangat kak niki???? hebat;aku percaya kak niki orangnya jujur semangat kak niki hebat;['aku', 'percaya', 'kak', 'niki', 'orangnya', 'jujur', 'semangat', 'kak', 'niki', 'hebat'];['aku', 'percaya', 'kak', 'niki', 'orangnya', 'jujur', 'semangat', 'kak', 'niki', 'hebat'];aku percaya kak niki orangnya jujur semangat kak niki hebat;aku percaya kak niki orangnya jujur semangat kak niki hebat;aku percaya kak nik orang jujur semangat kak nik hebat
222;222;1; <USERNAME>.m sama Mba! Gua jg ga bisa benci Nikmir. Salut malah ama dia ga muna! Artis lain maaf image aja di dpan, sok baik, sok teraniaya n jual air mata. Nikita ini real.. sygnya msyarakat kita cendrung yg dilihat apa yg ada di superfisial;username sama mba gua jg ga bisa benci nikmir salut malah ama dia ga muna artis lain maaf image aja di dpan sok baik sok teraniaya jual air mata nikita ini real sygnya msyarakat kita cendrung yg dilihat apa yg ada di superfisial;['username', 'sama', 'mba', 'gua', 'jg', 'ga', 'bisa', 'benci', 'nikmir', 'salut', 'malah', 'ama', 'dia', 'ga', 'muna', 'artis', 'lain', 'maaf', 'image', 'aja', 'di', 'dpan', 'sok', 'baik', 'sok', 'teraniaya', 'jual', 'air', 'mata', 'nikita', 'ini', 'real', 'sygnya', 'msyarakat', 'kita', 'cendrung', 'yg', 'dilihat', 'apa', 'yg', 'ada', 'di', 'superfisial'];['username', 'sama', 'mba', 'gua', 'jg', 'ga', 'bisa', 'benci', 'nikmir', 'salut', 'malah', 'ama', 'dia', 'ga', 'muna', 'artis', 'lain', 'maaf', 'image', 'aja', 'di', 'dpan', 'sok', 'baik', 'sok', 'teraniaya', 'jual', 'air', 'mata', 'nikita', 'ini', 'real', 'sygnya', 'msyarakat', 'kita', 'cendrung', 'yg', 'dilihat', 'apa', 'yg', 'ada', 'di', 'superfisial'];username sama mba gua jg ga bisa benci nikmir salut malah ama dia ga muna artis lain maaf image aja di dpan sok baik sok teraniaya jual air mata nikita ini real sygnya msyarakat kita cendrung yg dilihat apa yg ada di superfisial;username sama mba gua jg ga bisa benci nikmir salut malah ama dia ga muna artis lain maaf image aja di dpan sok baik sok teraniaya jual air mata nikita ini real sygnya msyarakat kita cendrung yg dilihat apa yg ada di superfisial;username sama mba gua jg ga benci nikmir salut malah ama ga muna artis maaf image aja dpan sok baik sok aniaya jual air mata nikita real sygnya msyarakat cendrung lihat apa ada superfisial
223;223;1;cantik alami tanpa perlu bedak tebel dan gaya bak tante2;cantik alami tanpa perlu bedak tebel dan gaya bak tante;['cantik', 'alami', 'tanpa', 'perlu', 'bedak', 'tebel', 'dan', 'gaya', 'bak', 'tante'];['cantik', 'alami', 'tanpa', 'perlu', 'bedak', 'tebel', 'dan', 'gaya', 'bak', 'tante'];cantik alami tanpa perlu bedak tebel dan gaya bak tante;cantik alami tanpa perlu bedak tebel dan gaya bak tante;cantik alami perlu bedak tebel gaya bak tante
224;224;1;Cantik dan gagah mudahan lancar dampe hari h;cantik dan gagah mudahan lancar dampe hari;['cantik', 'dan', 'gagah', 'mudahan', 'lancar', 'dampe', 'hari'];['cantik', 'dan', 'gagah', 'mudahan', 'lancar', 'dampe', 'hari'];cantik dan gagah mudahan lancar dampe hari;cantik dan gagah mudahan lancar dampe hari;cantik gagah mudah lancar dampe hari
225;225;1;Cantik yang ini dong,penampilannya dewasa yang sesuai. Mukanya cantik Indonesia,classy. Ayu ayu gimana gitu.;cantik yang ini dong penampilannya dewasa yang sesuai mukanya cantik indonesia classy ayu ayu gimana gitu;['cantik', 'yang', 'ini', 'dong', 'penampilannya', 'dewasa', 'yang', 'sesuai', 'mukanya', 'cantik', 'indonesia', 'classy', 'ayu', 'ayu', 'gimana', 'gitu'];['cantik', 'yang', 'ini', 'dong', 'penampilannya', 'dewasa', 'yang', 'sesuai', 'mukanya', 'cantik', 'indonesia', 'classy', 'ayu', 'ayu', 'gimana', 'gitu'];cantik yang ini dong penampilannya dewasa yang sesuai mukanya cantik indonesia classy ayu ayu gimana gitu;cantik yang ini dong penampilannya dewasa yang sesuai mukanya cantik indonesia classy ayu ayu gimana gitu;cantik ini dong tampil dewasa sesuai muka cantik indonesia classy ayu ayu gimana gitu
226;226;1;Lcb cantikk sangat??, lcb beruntung dapet duren dan duren pun beuntung dpt neng lcb. Sakina mawaddah warahmah Amin;lcb cantikk sangat lcb beruntung dapet duren dan duren pun beuntung dpt neng lcb sakina mawaddah warahmah amin;['lcb', 'cantikk', 'sangat', 'lcb', 'beruntung', 'dapet', 'duren', 'dan', 'duren', 'pun', 'beuntung', 'dpt', 'neng', 'lcb', 'sakina', 'mawaddah', 'warahmah', 'amin'];['lcb', 'cantikk', 'sangat', 'lcb', 'beruntung', 'dapet', 'duren', 'dan', 'duren', 'pun', 'beuntung', 'dpt', 'neng', 'lcb', 'sakina', 'mawaddah', 'warahmah', 'amin'];lcb cantikk sangat lcb beruntung dapet duren dan duren pun beuntung dpt neng lcb sakina mawaddah warahmah amin;lcb cantikk sangat lcb beruntung dapet duren dan duren pun beuntung dpt neng lcb sakina mawaddah warahmah amin;lcb cantikk sangat lcb untung dapet duren duren beuntung dpt neng lcb sakina mawaddah warahmah amin
227;227;1;dia ganteng tidak hanya saat berseragam, tapi ganteng saat menjadi panutan keluarganya.. semoga anak saya memiliki fisik yang elok macam mahluk Allah ni;dia ganteng tidak hanya saat berseragam tapi ganteng saat menjadi panutan keluarganya semoga anak saya memiliki fisik yang elok macam mahluk allah ni;['dia', 'ganteng', 'tidak', 'hanya', 'saat', 'berseragam', 'tapi', 'ganteng', 'saat', 'menjadi', 'panutan', 'keluarganya', 'semoga', 'anak', 'saya', 'memiliki', 'fisik', 'yang', 'elok', 'macam', 'mahluk', 'allah', 'ni'];['dia', 'ganteng', 'tidak', 'hanya', 'saat', 'berseragam', 'tapi', 'ganteng', 'saat', 'menjadi', 'panutan', 'keluarganya', 'semoga', 'anak', 'saya', 'memiliki', 'fisik', 'yang', 'elok', 'macam', 'mahluk', 'allah', 'ni'];dia ganteng tidak hanya saat berseragam tapi ganteng saat menjadi panutan keluarganya semoga anak saya memiliki fisik yang elok macam mahluk allah ni;dia ganteng tidak hanya saat berseragam tapi ganteng saat menjadi panutan keluarganya semoga anak saya memiliki fisik yang elok macam mahluk allah ni;ganteng hanya seragam ganteng jadi panutan keluarga moga anak milik fisik elok macam mahluk allah ni
228;228;1;Beruntung banget deh mba  <USERNAME> dapet mas  <USERNAME>. Ganteng,baik,sholeh,sayang keluarga.ini suami idaman banget.semoga selalu menjadi keluarga yang SAMAWA;beruntung banget deh mba username dapet mas username ganteng baik sholeh sayang keluarga ini suami idaman banget semoga selalu menjadi keluarga yang samawa;['beruntung', 'banget', 'deh', 'mba', 'username', 'dapet', 'mas', 'username', 'ganteng', 'baik', 'sholeh', 'sayang', 'keluarga', 'ini', 'suami', 'idaman', 'banget', 'semoga', 'selalu', 'menjadi', 'keluarga', 'yang', 'samawa'];['beruntung', 'banget', 'deh', 'mba', 'username', 'dapet', 'mas', 'username', 'ganteng', 'baik', 'sholeh', 'sayang', 'keluarga', 'ini', 'suami', 'idaman', 'banget', 'semoga', 'selalu', 'menjadi', 'keluarga', 'yang', 'samawa'];beruntung banget deh mba username dapet mas username ganteng baik sholeh sayang keluarga ini suami idaman banget semoga selalu menjadi keluarga yang samawa;beruntung banget deh mba username dapet mas username ganteng baik sholeh sayang keluarga ini suami idaman banget semoga selalu menjadi keluarga yang samawa;untung banget deh mba username dapet mas username ganteng baik sholeh sayang keluarga suami idam banget moga selalu jadi keluarga samawa
229;229;1;Smoga mas Agus menjadi pemimpin di masa akan datang.salah satu pemimpin yg sukses adalah dia sukses dlm memimpin dlm rumah tangga;smoga mas agus menjadi pemimpin di masa akan datang salah satu pemimpin yg sukses adalah dia sukses dlm memimpin dlm rumah tangga;['smoga', 'mas', 'agus', 'menjadi', 'pemimpin', 'di', 'masa', 'akan', 'datang', 'salah', 'satu', 'pemimpin', 'yg', 'sukses', 'adalah', 'dia', 'sukses', 'dlm', 'memimpin', 'dlm', 'rumah', 'tangga'];['smoga', 'mas', 'agus', 'menjadi', 'pemimpin', 'di', 'masa', 'akan', 'datang', 'salah', 'satu', 'pemimpin', 'yg', 'sukses', 'adalah', 'dia', 'sukses', 'dlm', 'memimpin', 'dlm', 'rumah', 'tangga'];smoga mas agus menjadi pemimpin di masa akan datang salah satu pemimpin yg sukses adalah dia sukses dlm memimpin dlm rumah tangga;smoga mas agus menjadi pemimpin di masa akan datang salah satu pemimpin yg sukses adalah dia sukses dlm memimpin dlm rumah tangga;smoga mas agus jadi pimpin masa datang salah satu pimpin sukses dia sukses dlm pimpin dlm rumah tangga
230;230;1;Dear...Bpk  <USERNAME> cra berpakain bpk sangat lah mencerminkan kepribadian bpk yg sngt lembut tpi tetap gagah semoga bpk  <USERNAME>&kel selalu dlm lindungan allah swt, salam hormat dri saya yg selalu mengagumi bpk :-);dear bpk username cra berpakain bpk sangat lah mencerminkan kepribadian bpk yg sngt lembut tpi tetap gagah semoga bpk usernamekel selalu dlm lindungan allah swt salam hormat dri saya yg selalu mengagumi bpk;['dear', 'bpk', 'username', 'cra', 'berpakain', 'bpk', 'sangat', 'lah', 'mencerminkan', 'kepribadian', 'bpk', 'yg', 'sngt', 'lembut', 'tpi', 'tetap', 'gagah', 'semoga', 'bpk', 'usernamekel', 'selalu', 'dlm', 'lindungan', 'allah', 'swt', 'salam', 'hormat', 'dri', 'saya', 'yg', 'selalu', 'mengagumi', 'bpk'];['dear', 'bpk', 'username', 'cra', 'berpakain', 'bpk', 'sangat', 'lah', 'mencerminkan', 'kepribadian', 'bpk', 'yg', 'sngt', 'lembut', 'tpi', 'tetap', 'gagah', 'semoga', 'bpk', 'usernamekel', 'selalu', 'dlm', 'lindungan', 'allah', 'swt', 'salam', 'hormat', 'dri', 'saya', 'yg', 'selalu', 'mengagumi', 'bpk'];dear bpk username cra berpakain bpk sangat lah mencerminkan kepribadian bpk yg sngt lembut tpi tetap gagah semoga bpk usernamekel selalu dlm lindungan allah swt salam hormat dri saya yg selalu mengagumi bpk;dear bpk username cra berpakain bpk sangat lah mencerminkan kepribadian bpk yg sngt lembut tpi tetap gagah semoga bpk usernamekel selalu dlm lindungan allah swt salam hormat dri saya yg selalu mengagumi bpk;dear bpk username cra berpakain bpk sangat cermin pribadi bpk sngt lembut tpi tetap gagah moga bpk usernamekel selalu dlm lindung allah swt salam hormat dri yg selalu kagum bpk
231;231;1;Sukses terus kak ayu dan semoga selalu senantiasa dalam naungan Allah SWT, dan sehat selalu amin...;sukses terus kak ayu dan semoga selalu senantiasa dalam naungan allah swt dan sehat selalu amin;['sukses', 'terus', 'kak', 'ayu', 'dan', 'semoga', 'selalu', 'senantiasa', 'dalam', 'naungan', 'allah', 'swt', 'dan', 'sehat', 'selalu', 'amin'];['sukses', 'terus', 'kak', 'ayu', 'dan', 'semoga', 'selalu', 'senantiasa', 'dalam', 'naungan', 'allah', 'swt', 'dan', 'sehat', 'selalu', 'amin'];sukses terus kak ayu dan semoga selalu senantiasa dalam naungan allah swt dan sehat selalu amin;sukses terus kak ayu dan semoga selalu senantiasa dalam naungan allah swt dan sehat selalu amin;sukses terus kak ayu moga selalu senantiasa naung allah swt sehat selalu amin
232;232;1;Smg selalu di berikan kesehatan dan panjang umur yah nek ,muda banget cantik dan MashaAllahhh;smg selalu di berikan kesehatan dan panjang umur yah nek muda banget cantik dan mashaallahhh;['smg', 'selalu', 'di', 'berikan', 'kesehatan', 'dan', 'panjang', 'umur', 'yah', 'nek', 'muda', 'banget', 'cantik', 'dan', 'mashaallahhh'];['smg', 'selalu', 'di', 'berikan', 'kesehatan', 'dan', 'panjang', 'umur', 'yah', 'nek', 'muda', 'banget', 'cantik', 'dan', 'mashaallahhh'];smg selalu di berikan kesehatan dan panjang umur yah nek muda banget cantik dan mashaallahhh;smg selalu di berikan kesehatan dan panjang umur yah nek muda banget cantik dan mashaallahhh;smg selalu ikan sehat panjang umur yah nek muda banget cantik mashaallahhh
233;233;1;Terimakasih Ibu  <USERNAME> serta seluruh keluarga telah memilih Plataran Darmawangsa sebagai tempat acara keluarga Besar. Saya selaku bagian staff di Plataran darmawangsa sangat terkesan dan sangat menunggu kedatangan Ibu dan keluarga di lain waktu. Sehat selalu Ibu dan keluarga. Amin amin ya rabbi;terimakasih ibu username serta seluruh keluarga telah memilih plataran darmawangsa sebagai tempat acara keluarga besar saya selaku bagian staff di plataran darmawangsa sangat terkesan dan sangat menunggu kedatangan ibu dan keluarga di lain waktu sehat selalu ibu dan keluarga amin amin ya rabbi;['terimakasih', 'ibu', 'username', 'serta', 'seluruh', 'keluarga', 'telah', 'memilih', 'plataran', 'darmawangsa', 'sebagai', 'tempat', 'acara', 'keluarga', 'besar', 'saya', 'selaku', 'bagian', 'staff', 'di', 'plataran', 'darmawangsa', 'sangat', 'terkesan', 'dan', 'sangat', 'menunggu', 'kedatangan', 'ibu', 'dan', 'keluarga', 'di', 'lain', 'waktu', 'sehat', 'selalu', 'ibu', 'dan', 'keluarga', 'amin', 'amin', 'ya', 'rabbi'];['terimakasih', 'ibu', 'username', 'serta', 'seluruh', 'keluarga', 'telah', 'memilih', 'plataran', 'darmawangsa', 'sebagai', 'tempat', 'acara', 'keluarga', 'besar', 'saya', 'selaku', 'bagian', 'staff', 'di', 'plataran', 'darmawangsa', 'sangat', 'terkesan', 'dan', 'sangat', 'menunggu', 'kedatangan', 'ibu', 'dan', 'keluarga', 'di', 'lain', 'waktu', 'sehat', 'selalu', 'ibu', 'dan', 'keluarga', 'amin', 'amin', 'ya', 'rabbi'];terimakasih ibu username serta seluruh keluarga telah memilih plataran darmawangsa sebagai tempat acara keluarga besar saya selaku bagian staff di plataran darmawangsa sangat terkesan dan sangat menunggu kedatangan ibu dan keluarga di lain waktu sehat selalu ibu dan keluarga amin amin ya rabbi;terimakasih ibu username serta seluruh keluarga telah memilih plataran darmawangsa sebagai tempat acara keluarga besar saya selaku bagian staff di plataran darmawangsa sangat terkesan dan sangat menunggu kedatangan ibu dan keluarga di lain waktu sehat selalu ibu dan keluarga amin amin ya rabbi;terimakasih ibu username seluruh keluarga pilih plataran darmawangsa tempat acara keluarga besar selaku bagi staff plataran darmawangsa sangat kes sangat tunggu datang ibu keluarga lain waktu sehat selalu ibu keluarga amin amin rabbi
234;234;1;Salam Dirgantara! Terima kasih telah mendukung dan menyebarkan awareness terkait program pesawat R80. Semoga momen emas ini menjadi titik awal kebangkitan industri pesawat terbang Indonesia agar kembali berjaya. Bersama Eyang Habibie, yuk kita satukan langkah terbangkan pesawat R80. Caranya? Langsung klik link di bio kami yaaa ????;salam dirgantara terima kasih telah mendukung dan menyebarkan awareness terkait program pesawat r semoga momen emas ini menjadi titik awal kebangkitan industri pesawat terbang indonesia agar kembali berjaya bersama eyang habibie yuk kita satukan langkah terbangkan pesawat r caranya langsung klik link di bio kami yaaa;['salam', 'dirgantara', 'terima', 'kasih', 'telah', 'mendukung', 'dan', 'menyebarkan', 'awareness', 'terkait', 'program', 'pesawat', 'r', 'semoga', 'momen', 'emas', 'ini', 'menjadi', 'titik', 'awal', 'kebangkitan', 'industri', 'pesawat', 'terbang', 'indonesia', 'agar', 'kembali', 'berjaya', 'bersama', 'eyang', 'habibie', 'yuk', 'kita', 'satukan', 'langkah', 'terbangkan', 'pesawat', 'r', 'caranya', 'langsung', 'klik', 'link', 'di', 'bio', 'kami', 'yaaa'];['salam', 'dirgantara', 'terima', 'kasih', 'telah', 'mendukung', 'dan', 'menyebarkan', 'awareness', 'terkait', 'program', 'pesawat', 'r', 'semoga', 'momen', 'emas', 'ini', 'menjadi', 'titik', 'awal', 'kebangkitan', 'industri', 'pesawat', 'terbang', 'indonesia', 'agar', 'kembali', 'berjaya', 'bersama', 'eyang', 'habibie', 'yuk', 'kita', 'satukan', 'langkah', 'terbangkan', 'pesawat', 'r', 'caranya', 'langsung', 'klik', 'link', 'di', 'bio', 'kami', 'yaaa'];salam dirgantara terima kasih telah mendukung dan menyebarkan awareness terkait program pesawat r semoga momen emas ini menjadi titik awal kebangkitan industri pesawat terbang indonesia agar kembali berjaya bersama eyang habibie yuk kita satukan langkah terbangkan pesawat r caranya langsung klik link di bio kami yaaa;salam dirgantara terima kasih telah mendukung dan menyebarkan awareness terkait program pesawat r semoga momen emas ini menjadi titik awal kebangkitan industri pesawat terbang indonesia agar kembali berjaya bersama eyang habibie yuk kita satukan langkah terbangkan pesawat r caranya langsung klik link di bio kami yaaa;salam dirgantara terima kasih dukung sebar awareness kait program pesawat r moga momen emas jadi titik awal bangkit industri pesawat terbang indonesia kembali jaya sama eyang habibie yuk satu langkah terbang pesawat r cara langsung klik link bio yaaa
235;235;1;Semangat ya eyang habibie, sehat selalu, selalu dlm lindungan Allah, ambisinya selalu kuat dlm melakukan segala hal. Kereeeennnnn. Semoga bnyk penurus2 bangsa sprti eyang Habibie ????????????????????????;semangat ya eyang habibie sehat selalu selalu dlm lindungan allah ambisinya selalu kuat dlm melakukan segala hal kereeeennnnn semoga bnyk penurus bangsa sprti eyang habibie;['semangat', 'ya', 'eyang', 'habibie', 'sehat', 'selalu', 'selalu', 'dlm', 'lindungan', 'allah', 'ambisinya', 'selalu', 'kuat', 'dlm', 'melakukan', 'segala', 'hal', 'kereeeennnnn', 'semoga', 'bnyk', 'penurus', 'bangsa', 'sprti', 'eyang', 'habibie'];['semangat', 'ya', 'eyang', 'habibie', 'sehat', 'selalu', 'selalu', 'dlm', 'lindungan', 'allah', 'ambisinya', 'selalu', 'kuat', 'dlm', 'melakukan', 'segala', 'hal', 'kereeeennnnn', 'semoga', 'bnyk', 'penurus', 'bangsa', 'sprti', 'eyang', 'habibie'];semangat ya eyang habibie sehat selalu selalu dlm lindungan allah ambisinya selalu kuat dlm melakukan segala hal kereeeennnnn semoga bnyk penurus bangsa sprti eyang habibie;semangat ya eyang habibie sehat selalu selalu dlm lindungan allah ambisinya selalu kuat dlm melakukan segala hal kereeeennnnn semoga bnyk penurus bangsa sprti eyang habibie;semangat eyang habibie sehat selalu selalu dlm lindung allah ambisi selalu kuat dlm laku segala kereeeennnnn moga bnyk turus bangsa sprti eyang habibie
236;236;1;Memiliki Cucu2 merupakan kebahagian yg tak ternilai, cucu sbg generasi penerus bangsa...;memiliki cucu merupakan kebahagian yg tak ternilai cucu sbg generasi penerus bangsa;['memiliki', 'cucu', 'merupakan', 'kebahagian', 'yg', 'tak', 'ternilai', 'cucu', 'sbg', 'generasi', 'penerus', 'bangsa'];['memiliki', 'cucu', 'merupakan', 'kebahagian', 'yg', 'tak', 'ternilai', 'cucu', 'sbg', 'generasi', 'penerus', 'bangsa'];memiliki cucu merupakan kebahagian yg tak ternilai cucu sbg generasi penerus bangsa;memiliki cucu merupakan kebahagian yg tak ternilai cucu sbg generasi penerus bangsa;milik cucu rupa kebahagian tak nilai cucu sbg generasi terus bangsa
237;237;1;Wahhh Kerenn..... dan saat ini tempatnya semakin bagus Ibu. Kapan kapan Bernostalgia di sana lagi bersmaa keluarga ??????;wahhh kerenn dan saat ini tempatnya semakin bagus ibu kapan kapan bernostalgia di sana lagi bersmaa keluarga;['wahhh', 'kerenn', 'dan', 'saat', 'ini', 'tempatnya', 'semakin', 'bagus', 'ibu', 'kapan', 'kapan', 'bernostalgia', 'di', 'sana', 'lagi', 'bersmaa', 'keluarga'];['wahhh', 'kerenn', 'dan', 'saat', 'ini', 'tempatnya', 'semakin', 'bagus', 'ibu', 'kapan', 'kapan', 'bernostalgia', 'di', 'sana', 'lagi', 'bersmaa', 'keluarga'];wahhh kerenn dan saat ini tempatnya semakin bagus ibu kapan kapan bernostalgia di sana lagi bersmaa keluarga;wahhh kerenn dan saat ini tempatnya semakin bagus ibu kapan kapan bernostalgia di sana lagi bersmaa keluarga;wahhh kerenn saat tempat makin bagus ibu kapan kapan nostalgia sana bersmaa keluarga
238;238;1;Cantik dan ganteng-ganteng. Sehat selalu untuk mereka dan Bu Ani Sekeluarga ????;cantik dan ganteng ganteng sehat selalu untuk mereka dan bu ani sekeluarga;['cantik', 'dan', 'ganteng', 'ganteng', 'sehat', 'selalu', 'untuk', 'mereka', 'dan', 'bu', 'ani', 'sekeluarga'];['cantik', 'dan', 'ganteng', 'ganteng', 'sehat', 'selalu', 'untuk', 'mereka', 'dan', 'bu', 'ani', 'sekeluarga'];cantik dan ganteng ganteng sehat selalu untuk mereka dan bu ani sekeluarga;cantik dan ganteng ganteng sehat selalu untuk mereka dan bu ani sekeluarga;cantik ganteng ganteng sehat selalu mereka bu ani keluarga
239;239;1;Barakallah dengan cucu2 yg cantik dan ganteng ... semoga menjadi anak yg sholeh dan sholeha ... menjadi kebanggaan kelg...????;barakallah dengan cucu yg cantik dan ganteng semoga menjadi anak yg sholeh dan sholeha menjadi kebanggaan kelg;['barakallah', 'dengan', 'cucu', 'yg', 'cantik', 'dan', 'ganteng', 'semoga', 'menjadi', 'anak', 'yg', 'sholeh', 'dan', 'sholeha', 'menjadi', 'kebanggaan', 'kelg'];['barakallah', 'dengan', 'cucu', 'yg', 'cantik', 'dan', 'ganteng', 'semoga', 'menjadi', 'anak', 'yg', 'sholeh', 'dan', 'sholeha', 'menjadi', 'kebanggaan', 'kelg'];barakallah dengan cucu yg cantik dan ganteng semoga menjadi anak yg sholeh dan sholeha menjadi kebanggaan kelg;barakallah dengan cucu yg cantik dan ganteng semoga menjadi anak yg sholeh dan sholeha menjadi kebanggaan kelg;barakallah cucu cantik ganteng moga jadi anak sholeh sholeha jadi bangga kelg
240;240;1;Bu  <USERNAME>...cucu bikin hati kita gembira...ngangeni...kadang kangen sama keceriaan mereka...salam kangen buat cucu2 tercinta;bu username cucu bikin hati kita gembira ngangeni kadang kangen sama keceriaan mereka salam kangen buat cucu tercinta;['bu', 'username', 'cucu', 'bikin', 'hati', 'kita', 'gembira', 'ngangeni', 'kadang', 'kangen', 'sama', 'keceriaan', 'mereka', 'salam', 'kangen', 'buat', 'cucu', 'tercinta'];['bu', 'username', 'cucu', 'bikin', 'hati', 'kita', 'gembira', 'ngangeni', 'kadang', 'kangen', 'sama', 'keceriaan', 'mereka', 'salam', 'kangen', 'buat', 'cucu', 'tercinta'];bu username cucu bikin hati kita gembira ngangeni kadang kangen sama keceriaan mereka salam kangen buat cucu tercinta;bu username cucu bikin hati kita gembira ngangeni kadang kangen sama keceriaan mereka salam kangen buat cucu tercinta;bu username cucu bikin hati gembira ngangeni kadang kangen sama ceria salam kangen buat cucu cinta
241;241;1;Yang kecil lucu, yang tengah ganteng parah, yang gede pinternya ga ketulungan, salam hormat saya bu, pak;yang kecil lucu yang tengah ganteng parah yang gede pinternya ga ketulungan salam hormat saya bu pak;['yang', 'kecil', 'lucu', 'yang', 'tengah', 'ganteng', 'parah', 'yang', 'gede', 'pinternya', 'ga', 'ketulungan', 'salam', 'hormat', 'saya', 'bu', 'pak'];['yang', 'kecil', 'lucu', 'yang', 'tengah', 'ganteng', 'parah', 'yang', 'gede', 'pinternya', 'ga', 'ketulungan', 'salam', 'hormat', 'saya', 'bu', 'pak'];yang kecil lucu yang tengah ganteng parah yang gede pinternya ga ketulungan salam hormat saya bu pak;yang kecil lucu yang tengah ganteng parah yang gede pinternya ga ketulungan salam hormat saya bu pak;kecil lucu tengah ganteng parah gede pinternya ga ketulungan salam hormat bu pak
242;242;1;Terima kasih pak SBY & ibu Ani yg selalu menemani beliau..& sudah memberikan Kontribusinya yg sangat Luar biasa kepada Indonesia selama 10 tahun memimpin..semoga selalu bahagia & sehat selalu..amin;terima kasih pak sby ibu ani yg selalu menemani beliau sudah memberikan kontribusinya yg sangat luar biasa kepada indonesia selama   tahun memimpin semoga selalu bahagia sehat selalu amin;['terima', 'kasih', 'pak', 'sby', 'ibu', 'ani', 'yg', 'selalu', 'menemani', 'beliau', 'sudah', 'memberikan', 'kontribusinya', 'yg', 'sangat', 'luar', 'biasa', 'kepada', 'indonesia', 'selama', 'tahun', 'memimpin', 'semoga', 'selalu', 'bahagia', 'sehat', 'selalu', 'amin'];['terima', 'kasih', 'pak', 'sby', 'ibu', 'ani', 'yg', 'selalu', 'menemani', 'beliau', 'sudah', 'memberikan', 'kontribusinya', 'yg', 'sangat', 'luar', 'biasa', 'kepada', 'indonesia', 'selama', 'tahun', 'memimpin', 'semoga', 'selalu', 'bahagia', 'sehat', 'selalu', 'amin'];terima kasih pak sby ibu ani yg selalu menemani beliau sudah memberikan kontribusinya yg sangat luar biasa kepada indonesia selama tahun memimpin semoga selalu bahagia sehat selalu amin;terima kasih pak sby ibu ani yg selalu menemani beliau sudah memberikan kontribusinya yg sangat luar biasa kepada indonesia selama tahun memimpin semoga selalu bahagia sehat selalu amin;terima kasih pak sby ibu ani selalu tani beliau beri kontribusi sangat luar biasa indonesia lama tahun pimpin moga selalu bahagia sehat selalu amin
243;243;1;Setiap caption yang di buat ibu..dan setiap kali saya membaca captionnya secara tidak langsung saya belajar bahasa Inggris ... Terima kasih ibu... Secara personal saya tdk mengenal ibu Anie tp saya yakin betapa bangganya Anak Cucumu bisa kamu didik ibu menjadi generasi bangsa yang mandiri dan unggul ... Sehat terus ibu .. Semoga Cinta Kasih dalam Keluarga selalu engkau tebarkan untuk mereka ...;setiap caption yang di buat ibu dan setiap kali saya membaca captionnya secara tidak langsung saya belajar bahasa inggris terima kasih ibu secara personal saya tdk mengenal ibu anie tp saya yakin betapa bangganya anak cucumu bisa kamu didik ibu menjadi generasi bangsa yang mandiri dan unggul sehat terus ibu semoga cinta kasih dalam keluarga selalu engkau tebarkan untuk mereka;['setiap', 'caption', 'yang', 'di', 'buat', 'ibu', 'dan', 'setiap', 'kali', 'saya', 'membaca', 'captionnya', 'secara', 'tidak', 'langsung', 'saya', 'belajar', 'bahasa', 'inggris', 'terima', 'kasih', 'ibu', 'secara', 'personal', 'saya', 'tdk', 'mengenal', 'ibu', 'anie', 'tp', 'saya', 'yakin', 'betapa', 'bangganya', 'anak', 'cucumu', 'bisa', 'kamu', 'didik', 'ibu', 'menjadi', 'generasi', 'bangsa', 'yang', 'mandiri', 'dan', 'unggul', 'sehat', 'terus', 'ibu', 'semoga', 'cinta', 'kasih', 'dalam', 'keluarga', 'selalu', 'engkau', 'tebarkan', 'untuk', 'mereka'];['setiap', 'caption', 'yang', 'di', 'buat', 'ibu', 'dan', 'setiap', 'kali', 'saya', 'membaca', 'captionnya', 'secara', 'tidak', 'langsung', 'saya', 'belajar', 'bahasa', 'inggris', 'terima', 'kasih', 'ibu', 'secara', 'personal', 'saya', 'tdk', 'mengenal', 'ibu', 'anie', 'tp', 'saya', 'yakin', 'betapa', 'bangganya', 'anak', 'cucumu', 'bisa', 'kamu', 'didik', 'ibu', 'menjadi', 'generasi', 'bangsa', 'yang', 'mandiri', 'dan', 'unggul', 'sehat', 'terus', 'ibu', 'semoga', 'cinta', 'kasih', 'dalam', 'keluarga', 'selalu', 'engkau', 'tebarkan', 'untuk', 'mereka'];setiap caption yang di buat ibu dan setiap kali saya membaca captionnya secara tidak langsung saya belajar bahasa inggris terima kasih ibu secara personal saya tdk mengenal ibu anie tp saya yakin betapa bangganya anak cucumu bisa kamu didik ibu menjadi generasi bangsa yang mandiri dan unggul sehat terus ibu semoga cinta kasih dalam keluarga selalu engkau tebarkan untuk mereka;setiap caption yang di buat ibu dan setiap kali saya membaca captionnya secara tidak langsung saya belajar bahasa inggris terima kasih ibu secara personal saya tdk mengenal ibu anie tp saya yakin betapa bangganya anak cucumu bisa kamu didik ibu menjadi generasi bangsa yang mandiri dan unggul sehat terus ibu semoga cinta kasih dalam keluarga selalu engkau tebarkan untuk mereka;caption di buat ibu tiap kali baca captionnya tidak langsung ajar bahasa inggris terima kasih ibu personal tdk kenal ibu anie tp yakin betapa bangga anak cucu kamu didik ibu jadi generasi bangsa mandiri unggul sehat terus ibu moga cinta kasih keluarga selalu engkau tebar mereka
244;244;1;Assalamualaikum ibu yang terhormat. salam dari kami sekeluarga di banda Aceh. kami semua sangat membanggakan keluarga ibu yang sangat membahagiakan kami bila melihat nya. sikap etika perilaku keluarga ibu sungguh sangat bijaksana apalagi mas agus, ibu.. suami saya terlebih lagi sangat yakin pada saat bapak mencalonkan diri jadi presiden dulu beliau sangat bangga pada bapak salam hangat dan perkenalan dari keluarga kami ya bu (Darmanto Rapi photo studio);assalamualaikum ibu yang terhormat salam dari kami sekeluarga di banda aceh kami semua sangat membanggakan keluarga ibu yang sangat membahagiakan kami bila melihat nya sikap etika perilaku keluarga ibu sungguh sangat bijaksana apalagi mas agus ibu suami saya terlebih lagi sangat yakin pada saat bapak mencalonkan diri jadi presiden dulu beliau sangat bangga pada bapak salam hangat dan perkenalan dari keluarga kami ya bu darmanto rapi photo studio;['assalamualaikum', 'ibu', 'yang', 'terhormat', 'salam', 'dari', 'kami', 'sekeluarga', 'di', 'banda', 'aceh', 'kami', 'semua', 'sangat', 'membanggakan', 'keluarga', 'ibu', 'yang', 'sangat', 'membahagiakan', 'kami', 'bila', 'melihat', 'nya', 'sikap', 'etika', 'perilaku', 'keluarga', 'ibu', 'sungguh', 'sangat', 'bijaksana', 'apalagi', 'mas', 'agus', 'ibu', 'suami', 'saya', 'terlebih', 'lagi', 'sangat', 'yakin', 'pada', 'saat', 'bapak', 'mencalonkan', 'diri', 'jadi', 'presiden', 'dulu', 'beliau', 'sangat', 'bangga', 'pada', 'bapak', 'salam', 'hangat', 'dan', 'perkenalan', 'dari', 'keluarga', 'kami', 'ya', 'bu', 'darmanto', 'rapi', 'photo', 'studio'];['assalamualaikum', 'ibu', 'yang', 'terhormat', 'salam', 'dari', 'kami', 'sekeluarga', 'di', 'banda', 'aceh', 'kami', 'semua', 'sangat', 'membanggakan', 'keluarga', 'ibu', 'yang', 'sangat', 'membahagiakan', 'kami', 'bila', 'melihat', 'nya', 'sikap', 'etika', 'perilaku', 'keluarga', 'ibu', 'sungguh', 'sangat', 'bijaksana', 'apalagi', 'mas', 'agus', 'ibu', 'suami', 'saya', 'terlebih', 'lagi', 'sangat', 'yakin', 'pada', 'saat', 'bapak', 'mencalonkan', 'diri', 'jadi', 'presiden', 'dulu', 'beliau', 'sangat', 'bangga', 'pada', 'bapak', 'salam', 'hangat', 'dan', 'perkenalan', 'dari', 'keluarga', 'kami', 'ya', 'bu', 'darmanto', 'rapi', 'photo', 'studio'];assalamualaikum ibu yang terhormat salam dari kami sekeluarga di banda aceh kami semua sangat membanggakan keluarga ibu yang sangat membahagiakan kami bila melihat nya sikap etika perilaku keluarga ibu sungguh sangat bijaksana apalagi mas agus ibu suami saya terlebih lagi sangat yakin pada saat bapak mencalonkan diri jadi presiden dulu beliau sangat bangga pada bapak salam hangat dan perkenalan dari keluarga kami ya bu darmanto rapi photo studio;assalamualaikum ibu yang terhormat salam dari kami sekeluarga di banda aceh kami semua sangat membanggakan keluarga ibu yang sangat membahagiakan kami bila melihat nya sikap etika perilaku keluarga ibu sungguh sangat bijaksana apalagi mas agus ibu suami saya terlebih lagi sangat yakin pada saat bapak mencalonkan diri jadi presiden dulu beliau sangat bangga pada bapak salam hangat dan perkenalan dari keluarga kami ya bu darmanto rapi photo studio;assalamualaikum ibu hormat salam keluarga banda aceh semua sangat bangga keluarga ibu sangat bahagia bila lihat sikap etika perilaku keluarga ibu sungguh sangat bijaksana mas agus ibu suami lebih sangat yakin saat bapak calon diri jadi presiden dulu beliau sangat bangga bapak salam hangat kenal keluarga kami ya bu darmanto rapi photo studio
245;245;1;senang liat ibu n bpk sby menikmati hari tua brsama cucu tercinta ,, sehat trs ya memo n pepo ,,, Allah SWT melindungi memo n pepo n kel #kisss;senang liat ibu bpk sby menikmati hari tua brsama cucu tercinta sehat trs ya memo pepo allah swt melindungi memo pepo kel;['senang', 'liat', 'ibu', 'bpk', 'sby', 'menikmati', 'hari', 'tua', 'brsama', 'cucu', 'tercinta', 'sehat', 'trs', 'ya', 'memo', 'pepo', 'allah', 'swt', 'melindungi', 'memo', 'pepo', 'kel'];['senang', 'liat', 'ibu', 'bpk', 'sby', 'menikmati', 'hari', 'tua', 'brsama', 'cucu', 'tercinta', 'sehat', 'trs', 'ya', 'memo', 'pepo', 'allah', 'swt', 'melindungi', 'memo', 'pepo', 'kel'];senang liat ibu bpk sby menikmati hari tua brsama cucu tercinta sehat trs ya memo pepo allah swt melindungi memo pepo kel;senang liat ibu bpk sby menikmati hari tua brsama cucu tercinta sehat trs ya memo pepo allah swt melindungi memo pepo kel;senang liat ibu bpk sby nikmat hari tua brsama cucu cinta sehat trs memo pepo allah swt lindung memo pepo kel
246;246;1;Semangat mebangun indonesia yg lebih maju pak jokowi ????;semangat mebangun indonesia yg lebih maju pak jokowi;['semangat', 'mebangun', 'indonesia', 'yg', 'lebih', 'maju', 'pak', 'jokowi'];['semangat', 'mebangun', 'indonesia', 'yg', 'lebih', 'maju', 'pak', 'jokowi'];semangat mebangun indonesia yg lebih maju pak jokowi;semangat mebangun indonesia yg lebih maju pak jokowi;semangat mebangun indonesia lebih maju pak jokowi
247;247;1;Artis berkualitas, wajahnya itulohhh berkualitas bgt hihi.. Cantik bangetsss.. Top deh.. Ga pake drama dan gimick idupnya hihi.. Tajir tp. Sederhana;artis berkualitas wajahnya itulohhh berkualitas bgt hihi cantik bangetsss top deh ga pake drama dan gimick idupnya hihi tajir tp sederhana;['artis', 'berkualitas', 'wajahnya', 'itulohhh', 'berkualitas', 'bgt', 'hihi', 'cantik', 'bangetsss', 'top', 'deh', 'ga', 'pake', 'drama', 'dan', 'gimick', 'idupnya', 'hihi', 'tajir', 'tp', 'sederhana'];['artis', 'berkualitas', 'wajahnya', 'itulohhh', 'berkualitas', 'bgt', 'hihi', 'cantik', 'bangetsss', 'top', 'deh', 'ga', 'pake', 'drama', 'dan', 'gimick', 'idupnya', 'hihi', 'tajir', 'tp', 'sederhana'];artis berkualitas wajahnya itulohhh berkualitas bgt hihi cantik bangetsss top deh ga pake drama dan gimick idupnya hihi tajir tp sederhana;artis berkualitas wajahnya itulohhh berkualitas bgt hihi cantik bangetsss top deh ga pake drama dan gimick idupnya hihi tajir tp sederhana;artis kualitas wajah itulohhh kualitas bgt hihi cantik bangetsss top deh ga pake drama gimick idupnya hihi tajir tp sederhana
248;248;1;Mba via sptnya siyok melihat kejamnya dunia per artis an... mudah2an tetep sabar tetep berkarya dg baik... ????;mba via sptnya siyok melihat kejamnya dunia per artis an mudahan tetep sabar tetep berkarya dg baik;['mba', 'via', 'sptnya', 'siyok', 'melihat', 'kejamnya', 'dunia', 'per', 'artis', 'an', 'mudahan', 'tetep', 'sabar', 'tetep', 'berkarya', 'dg', 'baik'];['mba', 'via', 'sptnya', 'siyok', 'melihat', 'kejamnya', 'dunia', 'per', 'artis', 'an', 'mudahan', 'tetep', 'sabar', 'tetep', 'berkarya', 'dg', 'baik'];mba via sptnya siyok melihat kejamnya dunia per artis an mudahan tetep sabar tetep berkarya dg baik;mba via sptnya siyok melihat kejamnya dunia per artis an mudahan tetep sabar tetep berkarya dg baik;mba via sptnya siyok lihat kejam dunia per artis an mudah tetep sabar tetep karya dg baik
249;249;1;Selalu suka sama via,org nya jujur apa adanya kaga gimmick2an hidupnya..hitam ya hitam,putih ya putih..kl ngomong blak2an,kl ngga suka dy ngomong jd ga pura2(gw banget sih),apa adanya ga munafik..sprti ajaran ortu gw..jangan suka memberi senyum kepalsuan????ga kaya artis yg onoh noh yg mulutnya lebar kya gorong2,tukang ngibul,munfik bgt kl ditanya wartawan jg jawabnya,perilaku ama omongan ga balance????;selalu suka sama via org nya jujur apa adanya kaga gimmickan hidupnya hitam ya hitam putih ya putih kl ngomong blakan kl ngga suka dy ngomong jd ga pura gw banget sih apa adanya ga munafik sprti ajaran ortu gw jangan suka memberi senyum kepalsuan ga kaya artis yg onoh noh yg mulutnya lebar kya gorong tukang ngibul munfik bgt kl ditanya wartawan jg jawabnya perilaku ama omongan ga balance;['selalu', 'suka', 'sama', 'via', 'org', 'nya', 'jujur', 'apa', 'adanya', 'kaga', 'gimmickan', 'hidupnya', 'hitam', 'ya', 'hitam', 'putih', 'ya', 'putih', 'kl', 'ngomong', 'blakan', 'kl', 'ngga', 'suka', 'dy', 'ngomong', 'jd', 'ga', 'pura', 'gw', 'banget', 'sih', 'apa', 'adanya', 'ga', 'munafik', 'sprti', 'ajaran', 'ortu', 'gw', 'jangan', 'suka', 'memberi', 'senyum', 'kepalsuan', 'ga', 'kaya', 'artis', 'yg', 'onoh', 'noh', 'yg', 'mulutnya', 'lebar', 'kya', 'gorong', 'tukang', 'ngibul', 'munfik', 'bgt', 'kl', 'ditanya', 'wartawan', 'jg', 'jawabnya', 'perilaku', 'ama', 'omongan', 'ga', 'balance'];['selalu', 'suka', 'sama', 'via', 'org', 'nya', 'jujur', 'apa', 'adanya', 'kaga', 'gimmickan', 'hidupnya', 'hitam', 'ya', 'hitam', 'putih', 'ya', 'putih', 'kl', 'ngomong', 'blakan', 'kl', 'ngga', 'suka', 'dy', 'ngomong', 'jd', 'ga', 'pura', 'gw', 'banget', 'sih', 'apa', 'adanya', 'ga', 'munafik', 'sprti', 'ajaran', 'ortu', 'gw', 'jangan', 'suka', 'memberi', 'senyum', 'kepalsuan', 'ga', 'kaya', 'artis', 'yg', 'onoh', 'noh', 'yg', 'mulutnya', 'lebar', 'kya', 'gorong', 'tukang', 'ngibul', 'munfik', 'bgt', 'kl', 'ditanya', 'wartawan', 'jg', 'jawabnya', 'perilaku', 'ama', 'omongan', 'ga', 'balance'];selalu suka sama via org nya jujur apa adanya kaga gimmickan hidupnya hitam ya hitam putih ya putih kl ngomong blakan kl ngga suka dy ngomong jd ga pura gw banget sih apa adanya ga munafik sprti ajaran ortu gw jangan suka memberi senyum kepalsuan ga kaya artis yg onoh noh yg mulutnya lebar kya gorong tukang ngibul munfik bgt kl ditanya wartawan jg jawabnya perilaku ama omongan ga balance;selalu suka sama via org nya jujur apa adanya kaga gimmickan hidupnya hitam ya hitam putih ya putih kl ngomong blakan kl ngga suka dy ngomong jd ga pura gw banget sih apa adanya ga munafik sprti ajaran ortu gw jangan suka memberi senyum kepalsuan ga kaya artis yg onoh noh yg mulutnya lebar kya gorong tukang ngibul munfik bgt kl ditanya wartawan jg jawabnya perilaku ama omongan ga balance;selalu suka sama via org jujur apa ada kaga gimmickan hidup hitam hitam putih putih kl ngomong blakan kl ngga suka dy ngomong jd ga pura gw banget apa ada ga munafik sprti ajar ortu gw jangan suka beri senyum palsu ga kaya artis onoh noh mulut lebar kya gorong tukang ngibul munfik bgt kl tanya wartawan jg jawab perilaku ama omong ga balance
250;250;1;Go a head Via...... Cuekin ajalah, udah biasa itu dalam pergaulan dunia kerja dan masyarakat biasa, apalagi pergaulan ertong. Pastilah ada yg gatel bin sirik klo liat orang sukses, anggep aja kuman gak usah dibikin status, malah kesenengan mereka ada bahan buat ngetawain. Betul nggak?? ??????;go head via cuekin ajalah udah biasa itu dalam pergaulan dunia kerja dan masyarakat biasa apalagi pergaulan ertong pastilah ada yg gatel bin sirik klo liat orang sukses anggep aja kuman gak usah dibikin status malah kesenengan mereka ada bahan buat ngetawain betul nggak;['go', 'head', 'via', 'cuekin', 'ajalah', 'udah', 'biasa', 'itu', 'dalam', 'pergaulan', 'dunia', 'kerja', 'dan', 'masyarakat', 'biasa', 'apalagi', 'pergaulan', 'ertong', 'pastilah', 'ada', 'yg', 'gatel', 'bin', 'sirik', 'klo', 'liat', 'orang', 'sukses', 'anggep', 'aja', 'kuman', 'gak', 'usah', 'dibikin', 'status', 'malah', 'kesenengan', 'mereka', 'ada', 'bahan', 'buat', 'ngetawain', 'betul', 'nggak'];['go', 'head', 'via', 'cuekin', 'ajalah', 'udah', 'biasa', 'itu', 'dalam', 'pergaulan', 'dunia', 'kerja', 'dan', 'masyarakat', 'biasa', 'apalagi', 'pergaulan', 'ertong', 'pastilah', 'ada', 'yg', 'gatel', 'bin', 'sirik', 'klo', 'liat', 'orang', 'sukses', 'anggep', 'aja', 'kuman', 'gak', 'usah', 'dibikin', 'status', 'malah', 'kesenengan', 'mereka', 'ada', 'bahan', 'buat', 'ngetawain', 'betul', 'nggak'];go head via cuekin ajalah udah biasa itu dalam pergaulan dunia kerja dan masyarakat biasa apalagi pergaulan ertong pastilah ada yg gatel bin sirik klo liat orang sukses anggep aja kuman gak usah dibikin status malah kesenengan mereka ada bahan buat ngetawain betul nggak;go head via cuekin ajalah udah biasa itu dalam pergaulan dunia kerja dan masyarakat biasa apalagi pergaulan ertong pastilah ada yg gatel bin sirik klo liat orang sukses anggep aja kuman gak usah dibikin status malah kesenengan mereka ada bahan buat ngetawain betul nggak;go head via cuekin aja udah biasa dalam gaul dunia kerja masyarakat biasa gaul ertong pasti yg gatel bin sirik klo liat orang sukses anggep aja kuman gak usah bikin status malah neng ada bahan buat ngetawain betul
251;251;1;Gagah kali abang borisq ini.. Klo gk bc nmx bner2 gk ngeh klo it bang boris...??;gagah kali abang borisq ini klo gk bc nmx bner gk ngeh klo it bang boris;['gagah', 'kali', 'abang', 'borisq', 'ini', 'klo', 'gk', 'bc', 'nmx', 'bner', 'gk', 'ngeh', 'klo', 'it', 'bang', 'boris'];['gagah', 'kali', 'abang', 'borisq', 'ini', 'klo', 'gk', 'bc', 'nmx', 'bner', 'gk', 'ngeh', 'klo', 'it', 'bang', 'boris'];gagah kali abang borisq ini klo gk bc nmx bner gk ngeh klo it bang boris;gagah kali abang borisq ini klo gk bc nmx bner gk ngeh klo it bang boris;gagah kali abang borisq klo gk bc nmx bner gk ngeh klo it bang bor
252;252;1;Weewww bangga kali ak liatnya bang  <USERNAME> pake baju adat karo.... Syip;weewww bangga kali ak liatnya bang username pake baju adat karo syip;['weewww', 'bangga', 'kali', 'ak', 'liatnya', 'bang', 'username', 'pake', 'baju', 'adat', 'karo', 'syip'];['weewww', 'bangga', 'kali', 'ak', 'liatnya', 'bang', 'username', 'pake', 'baju', 'adat', 'karo', 'syip'];weewww bangga kali ak liatnya bang username pake baju adat karo syip;weewww bangga kali ak liatnya bang username pake baju adat karo syip;weewww bangga kali ak liat bang username pake baju adat karo syip
253;253;1;Bagus banget baju dan pengantinya happy weding;bagus banget baju dan pengantinya happy weding;['bagus', 'banget', 'baju', 'dan', 'pengantinya', 'happy', 'weding'];['bagus', 'banget', 'baju', 'dan', 'pengantinya', 'happy', 'weding'];bagus banget baju dan pengantinya happy weding;bagus banget baju dan pengantinya happy weding;bagus banget baju anti happy weding
254;254;1;MasyaAllah . bagus banget ..;masyaallah bagus banget;['masyaallah', 'bagus', 'banget'];['masyaallah', 'bagus', 'banget'];masyaallah bagus banget;masyaallah bagus banget;masyaallah bagus banget
255;255;1;Gileee suaraaanyaa.. kereen parah.. sukak;gileee suaraaanyaa kereen parah sukak;['gileee', 'suaraaanyaa', 'kereen', 'parah', 'sukak'];['gileee', 'suaraaanyaa', 'kereen', 'parah', 'sukak'];gileee suaraaanyaa kereen parah sukak;gileee suaraaanyaa kereen parah sukak;gileee suaraaanyaa kereen parah sukak
256;256;1;Lebih keren dr penyanyi aslinya;lebih keren dr penyanyi aslinya;['lebih', 'keren', 'dr', 'penyanyi', 'aslinya'];['lebih', 'keren', 'dr', 'penyanyi', 'aslinya'];lebih keren dr penyanyi aslinya;lebih keren dr penyanyi aslinya;lebih keren dr nyanyi asli
257;257;1;Kereeeeeeeeeeeeeeennn sampe merinding brrrrr;kereeeeeeeeeeeeeeennn sampe merinding brrrrr;['kereeeeeeeeeeeeeeennn', 'sampe', 'merinding', 'brrrrr'];['kereeeeeeeeeeeeeeennn', 'sampe', 'merinding', 'brrrrr'];kereeeeeeeeeeeeeeennn sampe merinding brrrrr;kereeeeeeeeeeeeeeennn sampe merinding brrrrr;kereeeeeeeeeeeeeeennn sampe merinding brrrrr
258;258;1;Yatuhan suaranyaaaaaaa bagus bangetttttttt;yatuhan suaranyaaaaaaa bagus bangetttttttt;['yatuhan', 'suaranyaaaaaaa', 'bagus', 'bangetttttttt'];['yatuhan', 'suaranyaaaaaaa', 'bagus', 'bangetttttttt'];yatuhan suaranyaaaaaaa bagus bangetttttttt;yatuhan suaranyaaaaaaa bagus bangetttttttt;yatuhan suaranyaaaaaaa bagus bangetttttttt
259;259;1;Keren suaranya super merdu. Coba ikut audisi nyanyi, pasti bakatnya bs tersalurkan;keren suaranya super merdu coba ikut audisi nyanyi pasti bakatnya bs tersalurkan;['keren', 'suaranya', 'super', 'merdu', 'coba', 'ikut', 'audisi', 'nyanyi', 'pasti', 'bakatnya', 'bs', 'tersalurkan'];['keren', 'suaranya', 'super', 'merdu', 'coba', 'ikut', 'audisi', 'nyanyi', 'pasti', 'bakatnya', 'bs', 'tersalurkan'];keren suaranya super merdu coba ikut audisi nyanyi pasti bakatnya bs tersalurkan;keren suaranya super merdu coba ikut audisi nyanyi pasti bakatnya bs tersalurkan;keren suara super merdu coba ikut audisi nyanyi bakat bs salur
260;260;1;Bagus drpd beberapa artis yg modal tampang doang pdhl suara juga jelek. Mendingan mas ini yg nyanyi. Emg dasar nasib org yak gk ada yg tau. Semoga masnya bisa sukses;bagus drpd beberapa artis yg modal tampang doang pdhl suara juga jelek mendingan mas ini yg nyanyi emg dasar nasib org yak gk ada yg tau semoga masnya bisa sukses;['bagus', 'drpd', 'beberapa', 'artis', 'yg', 'modal', 'tampang', 'doang', 'pdhl', 'suara', 'juga', 'jelek', 'mendingan', 'mas', 'ini', 'yg', 'nyanyi', 'emg', 'dasar', 'nasib', 'org', 'yak', 'gk', 'ada', 'yg', 'tau', 'semoga', 'masnya', 'bisa', 'sukses'];['bagus', 'drpd', 'beberapa', 'artis', 'yg', 'modal', 'tampang', 'doang', 'pdhl', 'suara', 'juga', 'jelek', 'mendingan', 'mas', 'ini', 'yg', 'nyanyi', 'emg', 'dasar', 'nasib', 'org', 'yak', 'gk', 'ada', 'yg', 'tau', 'semoga', 'masnya', 'bisa', 'sukses'];bagus drpd beberapa artis yg modal tampang doang pdhl suara juga jelek mendingan mas ini yg nyanyi emg dasar nasib org yak gk ada yg tau semoga masnya bisa sukses;bagus drpd beberapa artis yg modal tampang doang pdhl suara juga jelek mendingan mas ini yg nyanyi emg dasar nasib org yak gk ada yg tau semoga masnya bisa sukses;bagus drpd beberapa artis modal tampang doang pdhl suara jelek mending mas yg nyanyi emg dasar nasib org yak gk yg tau moga mas sukses
261;261;1;Dgrin ini sampe bulu kuduk naik saking bgusnya, masyaallah apik bgt suaranya;dgrin ini sampe bulu kuduk naik saking bgusnya masyaallah apik bgt suaranya;['dgrin', 'ini', 'sampe', 'bulu', 'kuduk', 'naik', 'saking', 'bgusnya', 'masyaallah', 'apik', 'bgt', 'suaranya'];['dgrin', 'ini', 'sampe', 'bulu', 'kuduk', 'naik', 'saking', 'bgusnya', 'masyaallah', 'apik', 'bgt', 'suaranya'];dgrin ini sampe bulu kuduk naik saking bgusnya masyaallah apik bgt suaranya;dgrin ini sampe bulu kuduk naik saking bgusnya masyaallah apik bgt suaranya;dgrin sampe bulu kuduk naik saking bgusnya masyaallah apik bgt suara
262;262;1;Subhanallah tergetar hati dengar suara nya;subhanallah tergetar hati dengar suara nya;['subhanallah', 'tergetar', 'hati', 'dengar', 'suara', 'nya'];['subhanallah', 'tergetar', 'hati', 'dengar', 'suara', 'nya'];subhanallah tergetar hati dengar suara nya;subhanallah tergetar hati dengar suara nya;subhanallah getar hati dengar suara
263;263;1;Masa allah suaranya bagus banget cantik lagi orangnya idaman semua cowo;masa allah suaranya bagus banget cantik lagi orangnya idaman semua cowo;['masa', 'allah', 'suaranya', 'bagus', 'banget', 'cantik', 'lagi', 'orangnya', 'idaman', 'semua', 'cowo'];['masa', 'allah', 'suaranya', 'bagus', 'banget', 'cantik', 'lagi', 'orangnya', 'idaman', 'semua', 'cowo'];masa allah suaranya bagus banget cantik lagi orangnya idaman semua cowo;masa allah suaranya bagus banget cantik lagi orangnya idaman semua cowo;masa allah suara bagus banget cantik orang idam semua cowo
264;264;1;Bagusss suaranya, penampilannya juga sesuai anak sekolahan, natural dan sesuai dengan usia nya;bagusss suaranya penampilannya juga sesuai anak sekolahan natural dan sesuai dengan usia nya;['bagusss', 'suaranya', 'penampilannya', 'juga', 'sesuai', 'anak', 'sekolahan', 'natural', 'dan', 'sesuai', 'dengan', 'usia', 'nya'];['bagusss', 'suaranya', 'penampilannya', 'juga', 'sesuai', 'anak', 'sekolahan', 'natural', 'dan', 'sesuai', 'dengan', 'usia', 'nya'];bagusss suaranya penampilannya juga sesuai anak sekolahan natural dan sesuai dengan usia nya;bagusss suaranya penampilannya juga sesuai anak sekolahan natural dan sesuai dengan usia nya;bagusss suara tampil sesuai anak sekolah natural sesuai usia
265;265;1;Kerennnn suaranya bagus;kerennnn suaranya bagus;['kerennnn', 'suaranya', 'bagus'];['kerennnn', 'suaranya', 'bagus'];kerennnn suaranya bagus;kerennnn suaranya bagus;kerennnn suara bagus
266;266;1;Cantik, polos, apa adanya tapi keliatan berbakat. Semoga kalau udah tenar gek jadi selebgram, kalian ga kaya2 si mba Novilda ya dek yg kehilangan arah. Tetaplah begini,jangan cepat tumbuh dewasa dan terus asahlah bakat kalian, Allah bless you both.;cantik polos apa adanya tapi keliatan berbakat semoga kalau udah tenar gek jadi selebgram kalian ga kaya si mba novilda ya dek yg kehilangan arah tetaplah begini jangan cepat tumbuh dewasa dan terus asahlah bakat kalian allah bless you both;['cantik', 'polos', 'apa', 'adanya', 'tapi', 'keliatan', 'berbakat', 'semoga', 'kalau', 'udah', 'tenar', 'gek', 'jadi', 'selebgram', 'kalian', 'ga', 'kaya', 'si', 'mba', 'novilda', 'ya', 'dek', 'yg', 'kehilangan', 'arah', 'tetaplah', 'begini', 'jangan', 'cepat', 'tumbuh', 'dewasa', 'dan', 'terus', 'asahlah', 'bakat', 'kalian', 'allah', 'bless', 'you', 'both'];['cantik', 'polos', 'apa', 'adanya', 'tapi', 'keliatan', 'berbakat', 'semoga', 'kalau', 'udah', 'tenar', 'gek', 'jadi', 'selebgram', 'kalian', 'ga', 'kaya', 'si', 'mba', 'novilda', 'ya', 'dek', 'yg', 'kehilangan', 'arah', 'tetaplah', 'begini', 'jangan', 'cepat', 'tumbuh', 'dewasa', 'dan', 'terus', 'asahlah', 'bakat', 'kalian', 'allah', 'bless', 'you', 'both'];cantik polos apa adanya tapi keliatan berbakat semoga kalau udah tenar gek jadi selebgram kalian ga kaya si mba novilda ya dek yg kehilangan arah tetaplah begini jangan cepat tumbuh dewasa dan terus asahlah bakat kalian allah bless you both;cantik polos apa adanya tapi keliatan berbakat semoga kalau udah tenar gek jadi selebgram kalian ga kaya si mba novilda ya dek yg kehilangan arah tetaplah begini jangan cepat tumbuh dewasa dan terus asahlah bakat kalian allah bless you both;cantik polos apa ada liat bakat moga kalau udah tenar gek jadi selebgram kalian ga kaya si mba novilda dek hilang arah tetap begini jangan cepat tumbuh dewasa terus asah bakat kalian allah bless you both
267;267;1;Bagus iniii, ga kaya yg pingin terkenal, rambut di alus2in dlu. Muka di makeup dl. Biar dikamera keren hahaha. Kl mereka bnr bnr keliatan lg lelahnya abis pulang sekolah ????;bagus iniii ga kaya yg pingin terkenal rambut di alusin dlu muka di makeup dl biar dikamera keren hahaha kl mereka bnr bnr keliatan lg lelahnya abis pulang sekolah;['bagus', 'iniii', 'ga', 'kaya', 'yg', 'pingin', 'terkenal', 'rambut', 'di', 'alusin', 'dlu', 'muka', 'di', 'makeup', 'dl', 'biar', 'dikamera', 'keren', 'hahaha', 'kl', 'mereka', 'bnr', 'bnr', 'keliatan', 'lg', 'lelahnya', 'abis', 'pulang', 'sekolah'];['bagus', 'iniii', 'ga', 'kaya', 'yg', 'pingin', 'terkenal', 'rambut', 'di', 'alusin', 'dlu', 'muka', 'di', 'makeup', 'dl', 'biar', 'dikamera', 'keren', 'hahaha', 'kl', 'mereka', 'bnr', 'bnr', 'keliatan', 'lg', 'lelahnya', 'abis', 'pulang', 'sekolah'];bagus iniii ga kaya yg pingin terkenal rambut di alusin dlu muka di makeup dl biar dikamera keren hahaha kl mereka bnr bnr keliatan lg lelahnya abis pulang sekolah;bagus iniii ga kaya yg pingin terkenal rambut di alusin dlu muka di makeup dl biar dikamera keren hahaha kl mereka bnr bnr keliatan lg lelahnya abis pulang sekolah;bagus iniii ga kaya pingin kenal rambut alusin dlu muka makeup dl biar kamera keren hahaha kl bnr bnr liat lg lelah abis pulang sekolah
268;268;1;Di ulang berkali kali sampet gak percaya klo ini suara aslinya. Bagus bgt ??;di ulang berkali kali sampet gak percaya klo ini suara aslinya bagus bgt;['di', 'ulang', 'berkali', 'kali', 'sampet', 'gak', 'percaya', 'klo', 'ini', 'suara', 'aslinya', 'bagus', 'bgt'];['di', 'ulang', 'berkali', 'kali', 'sampet', 'gak', 'percaya', 'klo', 'ini', 'suara', 'aslinya', 'bagus', 'bgt'];di ulang berkali kali sampet gak percaya klo ini suara aslinya bagus bgt;di ulang berkali kali sampet gak percaya klo ini suara aslinya bagus bgt;ulang kali kali sampet gak percaya klo suara asli bagus bgt
269;269;1;Alhamdulillah masih ada kidz zaman niw yg berkarya sewajar seumurannya bukan yg sok gede;alhamdulillah masih ada kidz zaman niw yg berkarya sewajar seumurannya bukan yg sok gede;['alhamdulillah', 'masih', 'ada', 'kidz', 'zaman', 'niw', 'yg', 'berkarya', 'sewajar', 'seumurannya', 'bukan', 'yg', 'sok', 'gede'];['alhamdulillah', 'masih', 'ada', 'kidz', 'zaman', 'niw', 'yg', 'berkarya', 'sewajar', 'seumurannya', 'bukan', 'yg', 'sok', 'gede'];alhamdulillah masih ada kidz zaman niw yg berkarya sewajar seumurannya bukan yg sok gede;alhamdulillah masih ada kidz zaman niw yg berkarya sewajar seumurannya bukan yg sok gede;alhamdulillah ada kidz zaman niw karya wajar umur bukan sok gede
270;270;1;aduhh kerennnn suaranya enak . nge jazz2 gimanaa gtu . muka mah belakangan aja . ntr klo udh tenar juga muka mengikuti hahahahahaha . skill dlu nomer 1 . ini batu abege jaman now ????????;aduhh kerennnn suaranya enak nge jazz gimanaa gtu muka mah belakangan aja ntr klo udh tenar juga muka mengikuti hahahahahaha skill dlu nomer   ini batu abege jaman now;['aduhh', 'kerennnn', 'suaranya', 'enak', 'nge', 'jazz', 'gimanaa', 'gtu', 'muka', 'mah', 'belakangan', 'aja', 'ntr', 'klo', 'udh', 'tenar', 'juga', 'muka', 'mengikuti', 'hahahahahaha', 'skill', 'dlu', 'nomer', 'ini', 'batu', 'abege', 'jaman', 'now'];['aduhh', 'kerennnn', 'suaranya', 'enak', 'nge', 'jazz', 'gimanaa', 'gtu', 'muka', 'mah', 'belakangan', 'aja', 'ntr', 'klo', 'udh', 'tenar', 'juga', 'muka', 'mengikuti', 'hahahahahaha', 'skill', 'dlu', 'nomer', 'ini', 'batu', 'abege', 'jaman', 'now'];aduhh kerennnn suaranya enak nge jazz gimanaa gtu muka mah belakangan aja ntr klo udh tenar juga muka mengikuti hahahahahaha skill dlu nomer ini batu abege jaman now;aduhh kerennnn suaranya enak nge jazz gimanaa gtu muka mah belakangan aja ntr klo udh tenar juga muka mengikuti hahahahahaha skill dlu nomer ini batu abege jaman now;aduhh kerennnn suara enak nge jazz gimanaa gtu muka belakang aja ntr klo udh tenar muka ikut hahahahahaha skill dlu nomer batu abege jaman now
271;271;1;Kereeen nih...enak bgt didengernya...gak bosen puter ulang2...daripada yg lipsing2 gajelas joget2 gtu...;kereeen nih enak bgt didengernya gak bosen puter ulang daripada yg lipsing gajelas joget gtu;['kereeen', 'nih', 'enak', 'bgt', 'didengernya', 'gak', 'bosen', 'puter', 'ulang', 'daripada', 'yg', 'lipsing', 'gajelas', 'joget', 'gtu'];['kereeen', 'nih', 'enak', 'bgt', 'didengernya', 'gak', 'bosen', 'puter', 'ulang', 'daripada', 'yg', 'lipsing', 'gajelas', 'joget', 'gtu'];kereeen nih enak bgt didengernya gak bosen puter ulang daripada yg lipsing gajelas joget gtu;kereeen nih enak bgt didengernya gak bosen puter ulang daripada yg lipsing gajelas joget gtu;kereeen nih enak bgt didengernya gak bosen puter ulang yg lipsing gajelas joget gtu
272;272;1;waduuhhh...Kereeen bangeeet dedek2 emeesh;waduuhhh kereeen bangeeet dedek emeesh;['waduuhhh', 'kereeen', 'bangeeet', 'dedek', 'emeesh'];['waduuhhh', 'kereeen', 'bangeeet', 'dedek', 'emeesh'];waduuhhh kereeen bangeeet dedek emeesh;waduuhhh kereeen bangeeet dedek emeesh;waduuhhh kereeen bangeeet dedek emeesh
273;273;1;Klo aku sih yes bingits...coba ya seandaix anak2 buat video sprt gini atau video kreativ lainnya kan bagus dripda buat video mesum..atau ngelem dll yg berbau negativ bikin dosa dan maluin ortu dan diri sendiri;klo aku sih yes bingits coba ya seandaix anak buat video sprt gini atau video kreativ lainnya kan bagus dripda buat video mesum atau ngelem dll yg berbau negativ bikin dosa dan maluin ortu dan diri sendiri;['klo', 'aku', 'sih', 'yes', 'bingits', 'coba', 'ya', 'seandaix', 'anak', 'buat', 'video', 'sprt', 'gini', 'atau', 'video', 'kreativ', 'lainnya', 'kan', 'bagus', 'dripda', 'buat', 'video', 'mesum', 'atau', 'ngelem', 'dll', 'yg', 'berbau', 'negativ', 'bikin', 'dosa', 'dan', 'maluin', 'ortu', 'dan', 'diri', 'sendiri'];['klo', 'aku', 'sih', 'yes', 'bingits', 'coba', 'ya', 'seandaix', 'anak', 'buat', 'video', 'sprt', 'gini', 'atau', 'video', 'kreativ', 'lainnya', 'kan', 'bagus', 'dripda', 'buat', 'video', 'mesum', 'atau', 'ngelem', 'dll', 'yg', 'berbau', 'negativ', 'bikin', 'dosa', 'dan', 'maluin', 'ortu', 'dan', 'diri', 'sendiri'];klo aku sih yes bingits coba ya seandaix anak buat video sprt gini atau video kreativ lainnya kan bagus dripda buat video mesum atau ngelem dll yg berbau negativ bikin dosa dan maluin ortu dan diri sendiri;klo aku sih yes bingits coba ya seandaix anak buat video sprt gini atau video kreativ lainnya kan bagus dripda buat video mesum atau ngelem dll yg berbau negativ bikin dosa dan maluin ortu dan diri sendiri;klo aku yes bingits coba seandaix anak buat video sprt gin video kreativ lain kan bagus dripda buat video mesum ngelem yg bau negativ bikin dosa maluin ortu diri sendiri
274;274;1;Bagussss + dandannya natural ga banyak permak kayak anak jaman now lainnya ????????????;bagussss dandannya natural ga banyak permak kayak anak jaman now lainnya;['bagussss', 'dandannya', 'natural', 'ga', 'banyak', 'permak', 'kayak', 'anak', 'jaman', 'now', 'lainnya'];['bagussss', 'dandannya', 'natural', 'ga', 'banyak', 'permak', 'kayak', 'anak', 'jaman', 'now', 'lainnya'];bagussss dandannya natural ga banyak permak kayak anak jaman now lainnya;bagussss dandannya natural ga banyak permak kayak anak jaman now lainnya;bagussss dandan natural ga banyak permak kayak anak jaman now lain
275;275;1;Kereeeeennnn padahal nyanyinya santai banget ????????????;kereeeeennnn padahal nyanyinya santai banget;['kereeeeennnn', 'padahal', 'nyanyinya', 'santai', 'banget'];['kereeeeennnn', 'padahal', 'nyanyinya', 'santai', 'banget'];kereeeeennnn padahal nyanyinya santai banget;kereeeeennnn padahal nyanyinya santai banget;kereeeeennnn padahal nyanyi santai banget
276;276;1;Polossss...keren....ga neko2 kayaknya...jossss;polossss keren ga neko kayaknya jossss;['polossss', 'keren', 'ga', 'neko', 'kayaknya', 'jossss'];['polossss', 'keren', 'ga', 'neko', 'kayaknya', 'jossss'];polossss keren ga neko kayaknya jossss;polossss keren ga neko kayaknya jossss;polossss keren ga neko kayak jossss
277;277;1;Yesssssss !!!!! Bagus bgt !!! ?????? Kids jaman now yg begini yg diksh jempolllll ????????;yesssssss bagus bgt kids jaman now yg begini yg diksh jempolllll;['yesssssss', 'bagus', 'bgt', 'kids', 'jaman', 'now', 'yg', 'begini', 'yg', 'diksh', 'jempolllll'];['yesssssss', 'bagus', 'bgt', 'kids', 'jaman', 'now', 'yg', 'begini', 'yg', 'diksh', 'jempolllll'];yesssssss bagus bgt kids jaman now yg begini yg diksh jempolllll;yesssssss bagus bgt kids jaman now yg begini yg diksh jempolllll;yesssssss bagus bgt kids jaman now begini diksh jempolllll
278;278;1;Wajah2 anak skul bgt yaakk mase alami bgt suka liatnya ???? lagu ma suara keren palg yg pake bando suaranya mantap ??????;wajah anak skul bgt yaakk mase alami bgt suka liatnya lagu ma suara keren palg yg pake bando suaranya mantap;['wajah', 'anak', 'skul', 'bgt', 'yaakk', 'mase', 'alami', 'bgt', 'suka', 'liatnya', 'lagu', 'ma', 'suara', 'keren', 'palg', 'yg', 'pake', 'bando', 'suaranya', 'mantap'];['wajah', 'anak', 'skul', 'bgt', 'yaakk', 'mase', 'alami', 'bgt', 'suka', 'liatnya', 'lagu', 'ma', 'suara', 'keren', 'palg', 'yg', 'pake', 'bando', 'suaranya', 'mantap'];wajah anak skul bgt yaakk mase alami bgt suka liatnya lagu ma suara keren palg yg pake bando suaranya mantap;wajah anak skul bgt yaakk mase alami bgt suka liatnya lagu ma suara keren palg yg pake bando suaranya mantap;wajah anak skul bgt yaakk mase alami bgt suka liat lagu ma suara keren palg pake bando suara mantap
279;279;1;Keren suaranya dasarnya cantik tinggal di poles dikit bersinar??????;keren suaranya dasarnya cantik tinggal di poles dikit bersinar;['keren', 'suaranya', 'dasarnya', 'cantik', 'tinggal', 'di', 'poles', 'dikit', 'bersinar'];['keren', 'suaranya', 'dasarnya', 'cantik', 'tinggal', 'di', 'poles', 'dikit', 'bersinar'];keren suaranya dasarnya cantik tinggal di poles dikit bersinar;keren suaranya dasarnya cantik tinggal di poles dikit bersinar;keren suara dasar cantik tinggal poles dikit sinar
280;280;1;Pembagian suaranya pas bnget,pecah suaranya jg cakep;pembagian suaranya pas bnget pecah suaranya jg cakep;['pembagian', 'suaranya', 'pas', 'bnget', 'pecah', 'suaranya', 'jg', 'cakep'];['pembagian', 'suaranya', 'pas', 'bnget', 'pecah', 'suaranya', 'jg', 'cakep'];pembagian suaranya pas bnget pecah suaranya jg cakep;pembagian suaranya pas bnget pecah suaranya jg cakep;bagi suara pas bnget pecah suara jg cakep
281;281;1;keren bgt suaranya.tinggal dipermak aja biar tmbh cantik.viralkann....;keren bgt suaranya tinggal dipermak aja biar tmbh cantik viralkann;['keren', 'bgt', 'suaranya', 'tinggal', 'dipermak', 'aja', 'biar', 'tmbh', 'cantik', 'viralkann'];['keren', 'bgt', 'suaranya', 'tinggal', 'dipermak', 'aja', 'biar', 'tmbh', 'cantik', 'viralkann'];keren bgt suaranya tinggal dipermak aja biar tmbh cantik viralkann;keren bgt suaranya tinggal dipermak aja biar tmbh cantik viralkann;keren bgt suara tinggal permak aja biar tmbh cantik viralkann
282;282;1;Kereeeennnnnn... suaranyaaahh okkeehh ketjeeehh badaaiik ughllaaaallaa..;kereeeennnnnn suaranyaaahh okkeehh ketjeeehh badaaiik ughllaaaallaa;['kereeeennnnnn', 'suaranyaaahh', 'okkeehh', 'ketjeeehh', 'badaaiik', 'ughllaaaallaa'];['kereeeennnnnn', 'suaranyaaahh', 'okkeehh', 'ketjeeehh', 'badaaiik', 'ughllaaaallaa'];kereeeennnnnn suaranyaaahh okkeehh ketjeeehh badaaiik ughllaaaallaa;kereeeennnnnn suaranyaaahh okkeehh ketjeeehh badaaiik ughllaaaallaa;kereeeennnnnn suaranyaaahh okkeehh ketjeeehh badaaiik ughllaaaallaa
283;283;1;Yes yes yes..kirain lypsinc habisnya mirip sih suaranya,eh pas dua2nya nyanyi bareng baru ngeh asli..kereennn;yes yes yes kirain lypsinc habisnya mirip sih suaranya eh pas duanya nyanyi bareng baru ngeh asli kereennn;['yes', 'yes', 'yes', 'kirain', 'lypsinc', 'habisnya', 'mirip', 'sih', 'suaranya', 'eh', 'pas', 'duanya', 'nyanyi', 'bareng', 'baru', 'ngeh', 'asli', 'kereennn'];['yes', 'yes', 'yes', 'kirain', 'lypsinc', 'habisnya', 'mirip', 'sih', 'suaranya', 'eh', 'pas', 'duanya', 'nyanyi', 'bareng', 'baru', 'ngeh', 'asli', 'kereennn'];yes yes yes kirain lypsinc habisnya mirip sih suaranya eh pas duanya nyanyi bareng baru ngeh asli kereennn;yes yes yes kirain lypsinc habisnya mirip sih suaranya eh pas duanya nyanyi bareng baru ngeh asli kereennn;yes yes yes kirain lypsinc habis mirip suara pas dua nyanyi bareng baru ngeh asli kereennn
284;284;1;Keren yg penting punya bakat dulu ntar jg klo udah jd artis banyak duit mukanya bisa cemerlang;keren yg penting punya bakat dulu ntar jg klo udah jd artis banyak duit mukanya bisa cemerlang;['keren', 'yg', 'penting', 'punya', 'bakat', 'dulu', 'ntar', 'jg', 'klo', 'udah', 'jd', 'artis', 'banyak', 'duit', 'mukanya', 'bisa', 'cemerlang'];['keren', 'yg', 'penting', 'punya', 'bakat', 'dulu', 'ntar', 'jg', 'klo', 'udah', 'jd', 'artis', 'banyak', 'duit', 'mukanya', 'bisa', 'cemerlang'];keren yg penting punya bakat dulu ntar jg klo udah jd artis banyak duit mukanya bisa cemerlang;keren yg penting punya bakat dulu ntar jg klo udah jd artis banyak duit mukanya bisa cemerlang;keren penting punya bakat dulu ntar jg klo udah jd artis banyak duit muka cemerlang
285;285;1;Keren min orang2 yg berbakat kaya gini yg harus di up ke publik????????;keren min orang yg berbakat kaya gini yg harus di up ke publik;['keren', 'min', 'orang', 'yg', 'berbakat', 'kaya', 'gini', 'yg', 'harus', 'di', 'up', 'ke', 'publik'];['keren', 'min', 'orang', 'yg', 'berbakat', 'kaya', 'gini', 'yg', 'harus', 'di', 'up', 'ke', 'publik'];keren min orang yg berbakat kaya gini yg harus di up ke publik;keren min orang yg berbakat kaya gini yg harus di up ke publik;keren min orang bakat kaya gin harus up publik
286;286;1;Kereeen bgt suaranya. Nah kyk gini dong kids jaman now...??;kereeen bgt suaranya nah kyk gini dong kids jaman now;['kereeen', 'bgt', 'suaranya', 'nah', 'kyk', 'gini', 'dong', 'kids', 'jaman', 'now'];['kereeen', 'bgt', 'suaranya', 'nah', 'kyk', 'gini', 'dong', 'kids', 'jaman', 'now'];kereeen bgt suaranya nah kyk gini dong kids jaman now;kereeen bgt suaranya nah kyk gini dong kids jaman now;kereeen bgt suara nah kyk gin dong kids jaman now
287;287;1;mrinding... bagus poll... d jaga ya dek kepolosannya... ???? jng smpek kyk si aw2 dkk.. ??????;mrinding bagus poll jaga ya dek kepolosannya jng smpek kyk si aw dkk;['mrinding', 'bagus', 'poll', 'jaga', 'ya', 'dek', 'kepolosannya', 'jng', 'smpek', 'kyk', 'si', 'aw', 'dkk'];['mrinding', 'bagus', 'poll', 'jaga', 'ya', 'dek', 'kepolosannya', 'jng', 'smpek', 'kyk', 'si', 'aw', 'dkk'];mrinding bagus poll jaga ya dek kepolosannya jng smpek kyk si aw dkk;mrinding bagus poll jaga ya dek kepolosannya jng smpek kyk si aw dkk;mrinding bagus poll jaga dek polos jng smpek kyk si aw dkk
288;288;1;Kereenn sumpaah,, kebangetan bagusnya..??;kereenn sumpaah kebangetan bagusnya;['kereenn', 'sumpaah', 'kebangetan', 'bagusnya'];['kereenn', 'sumpaah', 'kebangetan', 'bagusnya'];kereenn sumpaah kebangetan bagusnya;kereenn sumpaah kebangetan bagusnya;kereenn sumpaah banget bagus
289;289;1;Ya ampun lakikny ganteng. Rini nya juga cantik. Mungil pula skrg.;ya ampun lakikny ganteng rini nya juga cantik mungil pula skrg;['ya', 'ampun', 'lakikny', 'ganteng', 'rini', 'nya', 'juga', 'cantik', 'mungil', 'pula', 'skrg'];['ya', 'ampun', 'lakikny', 'ganteng', 'rini', 'nya', 'juga', 'cantik', 'mungil', 'pula', 'skrg'];ya ampun lakikny ganteng rini nya juga cantik mungil pula skrg;ya ampun lakikny ganteng rini nya juga cantik mungil pula skrg;ampun lakikny ganteng rini juga cantik mungil skrg
290;290;1;Suaminya swett... keliatannya syg bgt ma istrinya, ganteng lagi... Haaaaaaa ?? so swett lah... Smg langgeng slluÖ;suaminya swett keliatannya syg bgt ma istrinya ganteng lagi haaaaaaa so swett lah smg langgeng sllu;['suaminya', 'swett', 'keliatannya', 'syg', 'bgt', 'ma', 'istrinya', 'ganteng', 'lagi', 'haaaaaaa', 'so', 'swett', 'lah', 'smg', 'langgeng', 'sllu'];['suaminya', 'swett', 'keliatannya', 'syg', 'bgt', 'ma', 'istrinya', 'ganteng', 'lagi', 'haaaaaaa', 'so', 'swett', 'lah', 'smg', 'langgeng', 'sllu'];suaminya swett keliatannya syg bgt ma istrinya ganteng lagi haaaaaaa so swett lah smg langgeng sllu;suaminya swett keliatannya syg bgt ma istrinya ganteng lagi haaaaaaa so swett lah smg langgeng sllu;suami swett liat syg bgt ma istri ganteng haaaaaaa so swett smg langgeng sllu
291;291;1;"Wah Mbak Rini hamil ya ?? Selamat ya mbak semoga kandungannya sehat"" aja & juga mbak rininya , makin bahagia di hamil yang pertama , dan semoga lancar di proses persalinannya nanti ????";wah mbak rini hamil ya selamat ya mbak semoga kandungannya sehat aja juga mbak rininya makin bahagia di hamil yang pertama dan semoga lancar di proses persalinannya nanti;['wah', 'mbak', 'rini', 'hamil', 'ya', 'selamat', 'ya', 'mbak', 'semoga', 'kandungannya', 'sehat', 'aja', 'juga', 'mbak', 'rininya', 'makin', 'bahagia', 'di', 'hamil', 'yang', 'pertama', 'dan', 'semoga', 'lancar', 'di', 'proses', 'persalinannya', 'nanti'];['wah', 'mbak', 'rini', 'hamil', 'ya', 'selamat', 'ya', 'mbak', 'semoga', 'kandungannya', 'sehat', 'aja', 'juga', 'mbak', 'rininya', 'makin', 'bahagia', 'di', 'hamil', 'yang', 'pertama', 'dan', 'semoga', 'lancar', 'di', 'proses', 'persalinannya', 'nanti'];wah mbak rini hamil ya selamat ya mbak semoga kandungannya sehat aja juga mbak rininya makin bahagia di hamil yang pertama dan semoga lancar di proses persalinannya nanti;wah mbak rini hamil ya selamat ya mbak semoga kandungannya sehat aja juga mbak rininya makin bahagia di hamil yang pertama dan semoga lancar di proses persalinannya nanti;wah mbak rini hamil selamat mbak moga kandung sehat aja mbak rini makin bahagia hamil pertama moga lancar proses salin
292;292;1;Kasian anaknya,, jgn sampek anaknya rusak jugak kek emaknya yaa;kasian anaknya jgn sampek anaknya rusak jugak kek emaknya yaa;['kasian', 'anaknya', 'jgn', 'sampek', 'anaknya', 'rusak', 'jugak', 'kek', 'emaknya', 'yaa'];['kasian', 'anaknya', 'jgn', 'sampek', 'anaknya', 'rusak', 'jugak', 'kek', 'emaknya', 'yaa'];kasian anaknya jgn sampek anaknya rusak jugak kek emaknya yaa;kasian anaknya jgn sampek anaknya rusak jugak kek emaknya yaa;kasi anak jgn sampek anak rusak jugak kek emaknya yaa
293;293;1;Kalo pasangan cantik + ganteng suka deh liatnya?;kalo pasangan cantik ganteng suka deh liatnya;['kalo', 'pasangan', 'cantik', 'ganteng', 'suka', 'deh', 'liatnya'];['kalo', 'pasangan', 'cantik', 'ganteng', 'suka', 'deh', 'liatnya'];kalo pasangan cantik ganteng suka deh liatnya;kalo pasangan cantik ganteng suka deh liatnya;kalo pasang cantik ganteng suka deh liat
294;294;1;"Wah akhirnya hamil lagi juga. Selamat ya mbak Sandra semoga kehamilannya makin sehat"" saja , makin fit dan semoga lancar di prosesi persalinannya nanti. Wah udah jadi calon ibu nih";wah akhirnya hamil lagi juga selamat ya mbak sandra semoga kehamilannya makin sehat saja makin fit dan semoga lancar di prosesi persalinannya nanti wah udah jadi calon ibu nih;['wah', 'akhirnya', 'hamil', 'lagi', 'juga', 'selamat', 'ya', 'mbak', 'sandra', 'semoga', 'kehamilannya', 'makin', 'sehat', 'saja', 'makin', 'fit', 'dan', 'semoga', 'lancar', 'di', 'prosesi', 'persalinannya', 'nanti', 'wah', 'udah', 'jadi', 'calon', 'ibu', 'nih'];['wah', 'akhirnya', 'hamil', 'lagi', 'juga', 'selamat', 'ya', 'mbak', 'sandra', 'semoga', 'kehamilannya', 'makin', 'sehat', 'saja', 'makin', 'fit', 'dan', 'semoga', 'lancar', 'di', 'prosesi', 'persalinannya', 'nanti', 'wah', 'udah', 'jadi', 'calon', 'ibu', 'nih'];wah akhirnya hamil lagi juga selamat ya mbak sandra semoga kehamilannya makin sehat saja makin fit dan semoga lancar di prosesi persalinannya nanti wah udah jadi calon ibu nih;wah akhirnya hamil lagi juga selamat ya mbak sandra semoga kehamilannya makin sehat saja makin fit dan semoga lancar di prosesi persalinannya nanti wah udah jadi calon ibu nih;wah akhir hamil juga selamat mbak sandra moga hamil makin sehat makin fit moga lancar prosesi salin wah udah jadi calon ibu nih
295;295;1;ikutan happy....sukakkk bgt sm nih couple...salah satu pasangan sempurna menurut gw;ikutan happy sukakkk bgt sm nih couple salah satu pasangan sempurna menurut gw;['ikutan', 'happy', 'sukakkk', 'bgt', 'sm', 'nih', 'couple', 'salah', 'satu', 'pasangan', 'sempurna', 'menurut', 'gw'];['ikutan', 'happy', 'sukakkk', 'bgt', 'sm', 'nih', 'couple', 'salah', 'satu', 'pasangan', 'sempurna', 'menurut', 'gw'];ikutan happy sukakkk bgt sm nih couple salah satu pasangan sempurna menurut gw;ikutan happy sukakkk bgt sm nih couple salah satu pasangan sempurna menurut gw;ikut happy sukakkk bgt sm nih couple salah satu pasang sempurna gw
296;296;1;Pernah lihat di infotainment sebelum nikah, wkt ditanya persiapannya jelang pernikahan, sandra dewi bilang klo dia sama calon suaminya pengen banget cepat punya anak nanti hbs menikah, krn mereka suka anak kecil, bahkan mereka sdh prepare program2 yg akan mereka lakukan klo dlm wkt dekat blm dikasih anak, but finally...congrats...semoga lancar dan sehat trs sampe lahiran ??????;pernah lihat di infotainment sebelum nikah wkt ditanya persiapannya jelang pernikahan sandra dewi bilang klo dia sama calon suaminya pengen banget cepat punya anak nanti hbs menikah krn mereka suka anak kecil bahkan mereka sdh prepare program yg akan mereka lakukan klo dlm wkt dekat blm dikasih anak but finally congrats semoga lancar dan sehat trs sampe lahiran;['pernah', 'lihat', 'di', 'infotainment', 'sebelum', 'nikah', 'wkt', 'ditanya', 'persiapannya', 'jelang', 'pernikahan', 'sandra', 'dewi', 'bilang', 'klo', 'dia', 'sama', 'calon', 'suaminya', 'pengen', 'banget', 'cepat', 'punya', 'anak', 'nanti', 'hbs', 'menikah', 'krn', 'mereka', 'suka', 'anak', 'kecil', 'bahkan', 'mereka', 'sdh', 'prepare', 'program', 'yg', 'akan', 'mereka', 'lakukan', 'klo', 'dlm', 'wkt', 'dekat', 'blm', 'dikasih', 'anak', 'but', 'finally', 'congrats', 'semoga', 'lancar', 'dan', 'sehat', 'trs', 'sampe', 'lahiran'];['pernah', 'lihat', 'di', 'infotainment', 'sebelum', 'nikah', 'wkt', 'ditanya', 'persiapannya', 'jelang', 'pernikahan', 'sandra', 'dewi', 'bilang', 'klo', 'dia', 'sama', 'calon', 'suaminya', 'pengen', 'banget', 'cepat', 'punya', 'anak', 'nanti', 'hbs', 'menikah', 'krn', 'mereka', 'suka', 'anak', 'kecil', 'bahkan', 'mereka', 'sdh', 'prepare', 'program', 'yg', 'akan', 'mereka', 'lakukan', 'klo', 'dlm', 'wkt', 'dekat', 'blm', 'dikasih', 'anak', 'but', 'finally', 'congrats', 'semoga', 'lancar', 'dan', 'sehat', 'trs', 'sampe', 'lahiran'];pernah lihat di infotainment sebelum nikah wkt ditanya persiapannya jelang pernikahan sandra dewi bilang klo dia sama calon suaminya pengen banget cepat punya anak nanti hbs menikah krn mereka suka anak kecil bahkan mereka sdh prepare program yg akan mereka lakukan klo dlm wkt dekat blm dikasih anak but finally congrats semoga lancar dan sehat trs sampe lahiran;pernah lihat di infotainment sebelum nikah wkt ditanya persiapannya jelang pernikahan sandra dewi bilang klo dia sama calon suaminya pengen banget cepat punya anak nanti hbs menikah krn mereka suka anak kecil bahkan mereka sdh prepare program yg akan mereka lakukan klo dlm wkt dekat blm dikasih anak but finally congrats semoga lancar dan sehat trs sampe lahiran;pernah lihat infotainment nikah wkt tanya siap jelang nikah sandra dewi bilang klo sama calon suami ken banget cepat punya anak hbs meni krn suka anak kecil bahkan sdh prepare program akan laku klo dlm wkt dekat blm kasih anak but finally congrats moga lancar sehat trs sampe lahir
297;297;1;Keluarga ter-humble ter-sempurna ter-sederhana dan engga pernah sok terlihat kaya dan ga pnah manja pake pesawat jet pribadi kayak yg lain lain ??????????;keluarga ter humble ter sempurna ter sederhana dan engga pernah sok terlihat kaya dan ga pnah manja pake pesawat jet pribadi kayak yg lain lain;['keluarga', 'ter', 'humble', 'ter', 'sempurna', 'ter', 'sederhana', 'dan', 'engga', 'pernah', 'sok', 'terlihat', 'kaya', 'dan', 'ga', 'pnah', 'manja', 'pake', 'pesawat', 'jet', 'pribadi', 'kayak', 'yg', 'lain', 'lain'];['keluarga', 'ter', 'humble', 'ter', 'sempurna', 'ter', 'sederhana', 'dan', 'engga', 'pernah', 'sok', 'terlihat', 'kaya', 'dan', 'ga', 'pnah', 'manja', 'pake', 'pesawat', 'jet', 'pribadi', 'kayak', 'yg', 'lain', 'lain'];keluarga ter humble ter sempurna ter sederhana dan engga pernah sok terlihat kaya dan ga pnah manja pake pesawat jet pribadi kayak yg lain lain;keluarga ter humble ter sempurna ter sederhana dan engga pernah sok terlihat kaya dan ga pnah manja pake pesawat jet pribadi kayak yg lain lain;keluarga ter humble ter sempurna ter sederhana engga pernah sok lihat kaya ga pnah manja pake pesawat jet pribadi kayak lain
298;298;1;Bunda maia cantik semoga slalu sukses, sehat trs ya cantik wajahnya secantik hatinya;bunda maia cantik semoga slalu sukses sehat trs ya cantik wajahnya secantik hatinya;['bunda', 'maia', 'cantik', 'semoga', 'slalu', 'sukses', 'sehat', 'trs', 'ya', 'cantik', 'wajahnya', 'secantik', 'hatinya'];['bunda', 'maia', 'cantik', 'semoga', 'slalu', 'sukses', 'sehat', 'trs', 'ya', 'cantik', 'wajahnya', 'secantik', 'hatinya'];bunda maia cantik semoga slalu sukses sehat trs ya cantik wajahnya secantik hatinya;bunda maia cantik semoga slalu sukses sehat trs ya cantik wajahnya secantik hatinya;bunda maia cantik moga slalu sukses sehat trs cantik wajah cantik hati
299;299;1;Artis yg gue kaguminn.. Nikah muda, ga neko2, syg keluarga syg suami,, mengutamakan anak2.. Ga puyeng ama dunia hiburan dan ke artisann.. Padahal tajirrr mampuss.. Plus ga alayy dan ga aneh2.. Salutt ama niaa.. Smiga slalu samawa.. Yaa nia and famzz???????????????????????????????;artis yg gue kaguminn nikah muda ga neko syg keluarga syg suami mengutamakan anak ga puyeng ama dunia hiburan dan ke artisann padahal tajirrr mampuss plus ga alayy dan ga aneh salutt ama niaa smiga slalu samawa yaa nia and famzz;['artis', 'yg', 'gue', 'kaguminn', 'nikah', 'muda', 'ga', 'neko', 'syg', 'keluarga', 'syg', 'suami', 'mengutamakan', 'anak', 'ga', 'puyeng', 'ama', 'dunia', 'hiburan', 'dan', 'ke', 'artisann', 'padahal', 'tajirrr', 'mampuss', 'plus', 'ga', 'alayy', 'dan', 'ga', 'aneh', 'salutt', 'ama', 'niaa', 'smiga', 'slalu', 'samawa', 'yaa', 'nia', 'and', 'famzz'];['artis', 'yg', 'gue', 'kaguminn', 'nikah', 'muda', 'ga', 'neko', 'syg', 'keluarga', 'syg', 'suami', 'mengutamakan', 'anak', 'ga', 'puyeng', 'ama', 'dunia', 'hiburan', 'dan', 'ke', 'artisann', 'padahal', 'tajirrr', 'mampuss', 'plus', 'ga', 'alayy', 'dan', 'ga', 'aneh', 'salutt', 'ama', 'niaa', 'smiga', 'slalu', 'samawa', 'yaa', 'nia', 'and', 'famzz'];artis yg gue kaguminn nikah muda ga neko syg keluarga syg suami mengutamakan anak ga puyeng ama dunia hiburan dan ke artisann padahal tajirrr mampuss plus ga alayy dan ga aneh salutt ama niaa smiga slalu samawa yaa nia and famzz;artis yg gue kaguminn nikah muda ga neko syg keluarga syg suami mengutamakan anak ga puyeng ama dunia hiburan dan ke artisann padahal tajirrr mampuss plus ga alayy dan ga aneh salutt ama niaa smiga slalu samawa yaa nia and famzz;artis gue kaguminn nikah muda ga neko syg keluarga syg suami utama anak ga puyeng ama dunia hibur ke artisann padahal tajirrr mampuss plus ga alayy ga aneh salutt ama niaa smiga slalu samawa yaa nia and famzz
300;300;1; <USERNAME> iya aku sih jujur bukan fans Nia, biasa aja sama dia, pas dia tenar banget sama sinteronnya juga aku biasa aja. Tapi makin ke sini kalau soal urusan keluarga, aku salut ama dia. Dia kan masih muda ya itungannya, sama aku cuma beda 2-3 t;username iya aku sih jujur bukan fans nia biasa aja sama dia pas dia tenar banget sama sinteronnya juga aku biasa aja tapi makin ke sini kalau soal urusan keluarga aku salut ama dia dia kan masih muda ya itungannya sama aku cuma beda    ;['username', 'iya', 'aku', 'sih', 'jujur', 'bukan', 'fans', 'nia', 'biasa', 'aja', 'sama', 'dia', 'pas', 'dia', 'tenar', 'banget', 'sama', 'sinteronnya', 'juga', 'aku', 'biasa', 'aja', 'tapi', 'makin', 'ke', 'sini', 'kalau', 'soal', 'urusan', 'keluarga', 'aku', 'salut', 'ama', 'dia', 'dia', 'kan', 'masih', 'muda', 'ya', 'itungannya', 'sama', 'aku', 'cuma', 'beda'];['username', 'iya', 'aku', 'sih', 'jujur', 'bukan', 'fans', 'nia', 'biasa', 'aja', 'sama', 'dia', 'pas', 'dia', 'tenar', 'banget', 'sama', 'sinteronnya', 'juga', 'aku', 'biasa', 'aja', 'tapi', 'makin', 'ke', 'sini', 'kalau', 'soal', 'urusan', 'keluarga', 'aku', 'salut', 'ama', 'dia', 'dia', 'kan', 'masih', 'muda', 'ya', 'itungannya', 'sama', 'aku', 'cuma', 'beda'];username iya aku sih jujur bukan fans nia biasa aja sama dia pas dia tenar banget sama sinteronnya juga aku biasa aja tapi makin ke sini kalau soal urusan keluarga aku salut ama dia dia kan masih muda ya itungannya sama aku cuma beda;username iya aku sih jujur bukan fans nia biasa aja sama dia pas dia tenar banget sama sinteronnya juga aku biasa aja tapi makin ke sini kalau soal urusan keluarga aku salut ama dia dia kan masih muda ya itungannya sama aku cuma beda;username iya aku jujur bukan fans nia biasa aja sama pas tenar banget sama sinteronnya aku biasa aja makin sini kalau soal urus keluarga aku salut ama dia kan muda itungannya sama aku cuma beda
301;301;1;Smnjk hbs nikah auranya keluarr bgt. Suaminya jg kliatan syg dan nia nya kliatan baik gt tulusss.. sukak deh liatnya.;smnjk hbs nikah auranya keluarr bgt suaminya jg kliatan syg dan nia nya kliatan baik gt tulusss sukak deh liatnya;['smnjk', 'hbs', 'nikah', 'auranya', 'keluarr', 'bgt', 'suaminya', 'jg', 'kliatan', 'syg', 'dan', 'nia', 'nya', 'kliatan', 'baik', 'gt', 'tulusss', 'sukak', 'deh', 'liatnya'];['smnjk', 'hbs', 'nikah', 'auranya', 'keluarr', 'bgt', 'suaminya', 'jg', 'kliatan', 'syg', 'dan', 'nia', 'nya', 'kliatan', 'baik', 'gt', 'tulusss', 'sukak', 'deh', 'liatnya'];smnjk hbs nikah auranya keluarr bgt suaminya jg kliatan syg dan nia nya kliatan baik gt tulusss sukak deh liatnya;smnjk hbs nikah auranya keluarr bgt suaminya jg kliatan syg dan nia nya kliatan baik gt tulusss sukak deh liatnya;smnjk hbs nikah aura keluarr bgt suami jg kliatan syg nia kliatan baik gt tulusss sukak deh liat
302;302;1;Mngkin s mba nya marah2 krna ad kata2 yg ga enk dr yg komen..wajar lah kl dia marah..toh it kan cuma foto biasa aj.. Ko jadi malah mba nya yg d bully..sampe bawa2 fisik sgala.. Kan ga bgus.. Pinter2 lah kita mnyikapi medsos.. ????;mngkin mba nya marah krna ad kata yg ga enk dr yg komen wajar lah kl dia marah toh it kan cuma foto biasa aj ko jadi malah mba nya yg bully sampe bawa fisik sgala kan ga bgus pinter lah kita mnyikapi medsos;['mngkin', 'mba', 'nya', 'marah', 'krna', 'ad', 'kata', 'yg', 'ga', 'enk', 'dr', 'yg', 'komen', 'wajar', 'lah', 'kl', 'dia', 'marah', 'toh', 'it', 'kan', 'cuma', 'foto', 'biasa', 'aj', 'ko', 'jadi', 'malah', 'mba', 'nya', 'yg', 'bully', 'sampe', 'bawa', 'fisik', 'sgala', 'kan', 'ga', 'bgus', 'pinter', 'lah', 'kita', 'mnyikapi', 'medsos'];['mngkin', 'mba', 'nya', 'marah', 'krna', 'ad', 'kata', 'yg', 'ga', 'enk', 'dr', 'yg', 'komen', 'wajar', 'lah', 'kl', 'dia', 'marah', 'toh', 'it', 'kan', 'cuma', 'foto', 'biasa', 'aj', 'ko', 'jadi', 'malah', 'mba', 'nya', 'yg', 'bully', 'sampe', 'bawa', 'fisik', 'sgala', 'kan', 'ga', 'bgus', 'pinter', 'lah', 'kita', 'mnyikapi', 'medsos'];mngkin mba nya marah krna ad kata yg ga enk dr yg komen wajar lah kl dia marah toh it kan cuma foto biasa aj ko jadi malah mba nya yg bully sampe bawa fisik sgala kan ga bgus pinter lah kita mnyikapi medsos;mngkin mba nya marah krna ad kata yg ga enk dr yg komen wajar lah kl dia marah toh it kan cuma foto biasa aj ko jadi malah mba nya yg bully sampe bawa fisik sgala kan ga bgus pinter lah kita mnyikapi medsos;mngkin mba marah krna ad kata ga enk dr komen wajar kl marah it kan cuma foto biasa aj ko jadi malah mba yg bully sampe bawa fisik sgala kan ga bgus pinter kita mnyikapi medsos
303;303;1;Cantik banget yak.. Punya anak cewe begini puyeng kali yak jagain nya ??????;cantik banget yak punya anak cewe begini puyeng kali yak jagain nya;['cantik', 'banget', 'yak', 'punya', 'anak', 'cewe', 'begini', 'puyeng', 'kali', 'yak', 'jagain', 'nya'];['cantik', 'banget', 'yak', 'punya', 'anak', 'cewe', 'begini', 'puyeng', 'kali', 'yak', 'jagain', 'nya'];cantik banget yak punya anak cewe begini puyeng kali yak jagain nya;cantik banget yak punya anak cewe begini puyeng kali yak jagain nya;cantik banget yak punya anak cewe begini puyeng kali yak jagain
304;304;1; <USERNAME> iya betul mba. Ariel gak ganteng. Tapi ariel punya kharisma yg menarik. Udah tua pun skrang agak keriput wajahnya ttp aja kharisma nya sebagai lelaki keliatan lebih terpancar. Buktinya mama, dan tante saya makin tergila2 sama ariel dan sa;username iya betul mba ariel gak ganteng tapi ariel punya kharisma yg menarik udah tua pun skrang agak keriput wajahnya ttp aja kharisma nya sebagai lelaki keliatan lebih terpancar buktinya mama dan tante saya makin tergila sama ariel dan sa;['username', 'iya', 'betul', 'mba', 'ariel', 'gak', 'ganteng', 'tapi', 'ariel', 'punya', 'kharisma', 'yg', 'menarik', 'udah', 'tua', 'pun', 'skrang', 'agak', 'keriput', 'wajahnya', 'ttp', 'aja', 'kharisma', 'nya', 'sebagai', 'lelaki', 'keliatan', 'lebih', 'terpancar', 'buktinya', 'mama', 'dan', 'tante', 'saya', 'makin', 'tergila', 'sama', 'ariel', 'dan', 'sa'];['username', 'iya', 'betul', 'mba', 'ariel', 'gak', 'ganteng', 'tapi', 'ariel', 'punya', 'kharisma', 'yg', 'menarik', 'udah', 'tua', 'pun', 'skrang', 'agak', 'keriput', 'wajahnya', 'ttp', 'aja', 'kharisma', 'nya', 'sebagai', 'lelaki', 'keliatan', 'lebih', 'terpancar', 'buktinya', 'mama', 'dan', 'tante', 'saya', 'makin', 'tergila', 'sama', 'ariel', 'dan', 'sa'];username iya betul mba ariel gak ganteng tapi ariel punya kharisma yg menarik udah tua pun skrang agak keriput wajahnya ttp aja kharisma nya sebagai lelaki keliatan lebih terpancar buktinya mama dan tante saya makin tergila sama ariel dan sa;username iya betul mba ariel gak ganteng tapi ariel punya kharisma yg menarik udah tua pun skrang agak keriput wajahnya ttp aja kharisma nya sebagai lelaki keliatan lebih terpancar buktinya mama dan tante saya makin tergila sama ariel dan sa;username iya betul mba ariel gak ganteng ariel punya kharisma tarik udah tua skrang keriput wajah ttp aja kharisma bagai lelaki liat lebih pancar bukti mama tante makin gila sama ariel sa
305;305;1;Jadi manusia Saling menghargailah, kalo tulisan yg ditulis itu tidak berguna bahkan menyakiti hati orang lain. Ya sebaiknya tidak usah tulis. Pergunakan sosmed dengan smart ya guys!!;jadi manusia saling menghargailah kalo tulisan yg ditulis itu tidak berguna bahkan menyakiti hati orang lain ya sebaiknya tidak usah tulis pergunakan sosmed dengan smart ya guys;['jadi', 'manusia', 'saling', 'menghargailah', 'kalo', 'tulisan', 'yg', 'ditulis', 'itu', 'tidak', 'berguna', 'bahkan', 'menyakiti', 'hati', 'orang', 'lain', 'ya', 'sebaiknya', 'tidak', 'usah', 'tulis', 'pergunakan', 'sosmed', 'dengan', 'smart', 'ya', 'guys'];['jadi', 'manusia', 'saling', 'menghargailah', 'kalo', 'tulisan', 'yg', 'ditulis', 'itu', 'tidak', 'berguna', 'bahkan', 'menyakiti', 'hati', 'orang', 'lain', 'ya', 'sebaiknya', 'tidak', 'usah', 'tulis', 'pergunakan', 'sosmed', 'dengan', 'smart', 'ya', 'guys'];jadi manusia saling menghargailah kalo tulisan yg ditulis itu tidak berguna bahkan menyakiti hati orang lain ya sebaiknya tidak usah tulis pergunakan sosmed dengan smart ya guys;jadi manusia saling menghargailah kalo tulisan yg ditulis itu tidak berguna bahkan menyakiti hati orang lain ya sebaiknya tidak usah tulis pergunakan sosmed dengan smart ya guys;jadi manusia saling harga kalo tulis tulis guna bahkan sakit hati orang baik tidak usah tulis guna sosmed smart ya guys
306;306;1;entah kenapa kalo liat  <USERNAME> bergaya apapun ttp kliatan bagus... suka sama lgu nya.. sukses trus kak;entah kenapa kalo liat username bergaya apapun ttp kliatan bagus suka sama lgu nya sukses trus kak;['entah', 'kenapa', 'kalo', 'liat', 'username', 'bergaya', 'apapun', 'ttp', 'kliatan', 'bagus', 'suka', 'sama', 'lgu', 'nya', 'sukses', 'trus', 'kak'];['entah', 'kenapa', 'kalo', 'liat', 'username', 'bergaya', 'apapun', 'ttp', 'kliatan', 'bagus', 'suka', 'sama', 'lgu', 'nya', 'sukses', 'trus', 'kak'];entah kenapa kalo liat username bergaya apapun ttp kliatan bagus suka sama lgu nya sukses trus kak;entah kenapa kalo liat username bergaya apapun ttp kliatan bagus suka sama lgu nya sukses trus kak;entah kalo liat username gaya apa ttp kliatan bagus suka sama lgu sukses trus kak
307;307;1;banyak bangat emasnya.jadi salpok diemasnya.tp sumpah lagunya dan music nya keren bngat.apalagi konsep mv nya ia ambil handel.kan keren menurut saya.kalo denada taro kutang diluar itu krn masih minim perestasi.tp kalo agnes itu hal wajar.prestasi dan dunia fashion kalo artis indonesia ia selalu unggul.krn ia berani meski gak cocok ia pake;banyak bangat emasnya jadi salpok diemasnya tp sumpah lagunya dan music nya keren bngat apalagi konsep mv nya ia ambil handel kan keren menurut saya kalo denada taro kutang diluar itu krn masih minim perestasi tp kalo agnes itu hal wajar prestasi dan dunia fashion kalo artis indonesia ia selalu unggul krn ia berani meski gak cocok ia pake;['banyak', 'bangat', 'emasnya', 'jadi', 'salpok', 'diemasnya', 'tp', 'sumpah', 'lagunya', 'dan', 'music', 'nya', 'keren', 'bngat', 'apalagi', 'konsep', 'mv', 'nya', 'ia', 'ambil', 'handel', 'kan', 'keren', 'menurut', 'saya', 'kalo', 'denada', 'taro', 'kutang', 'diluar', 'itu', 'krn', 'masih', 'minim', 'perestasi', 'tp', 'kalo', 'agnes', 'itu', 'hal', 'wajar', 'prestasi', 'dan', 'dunia', 'fashion', 'kalo', 'artis', 'indonesia', 'ia', 'selalu', 'unggul', 'krn', 'ia', 'berani', 'meski', 'gak', 'cocok', 'ia', 'pake'];['banyak', 'bangat', 'emasnya', 'jadi', 'salpok', 'diemasnya', 'tp', 'sumpah', 'lagunya', 'dan', 'music', 'nya', 'keren', 'bngat', 'apalagi', 'konsep', 'mv', 'nya', 'ia', 'ambil', 'handel', 'kan', 'keren', 'menurut', 'saya', 'kalo', 'denada', 'taro', 'kutang', 'diluar', 'itu', 'krn', 'masih', 'minim', 'perestasi', 'tp', 'kalo', 'agnes', 'itu', 'hal', 'wajar', 'prestasi', 'dan', 'dunia', 'fashion', 'kalo', 'artis', 'indonesia', 'ia', 'selalu', 'unggul', 'krn', 'ia', 'berani', 'meski', 'gak', 'cocok', 'ia', 'pake'];banyak bangat emasnya jadi salpok diemasnya tp sumpah lagunya dan music nya keren bngat apalagi konsep mv nya ia ambil handel kan keren menurut saya kalo denada taro kutang diluar itu krn masih minim perestasi tp kalo agnes itu hal wajar prestasi dan dunia fashion kalo artis indonesia ia selalu unggul krn ia berani meski gak cocok ia pake;banyak bangat emasnya jadi salpok diemasnya tp sumpah lagunya dan music nya keren bngat apalagi konsep mv nya ia ambil handel kan keren menurut saya kalo denada taro kutang diluar itu krn masih minim perestasi tp kalo agnes itu hal wajar prestasi dan dunia fashion kalo artis indonesia ia selalu unggul krn ia berani meski gak cocok ia pake;banyak bangat emas jadi salpok emas tp sumpah lagu music keren bngat konsep mv ambil handel kan keren saya kalo denada taro kutang luar krn minim perestasi tp kalo agnes hal wajar prestasi dunia fashion kalo artis indonesia selalu unggul krn berani meski gak cocok ia pake
308;308;1;Coba deh yang pada kritik2 itu bikin karya sendiri, siapa tau lebih bagus dari yang mereka kritik;coba deh yang pada kritik itu bikin karya sendiri siapa tau lebih bagus dari yang mereka kritik;['coba', 'deh', 'yang', 'pada', 'kritik', 'itu', 'bikin', 'karya', 'sendiri', 'siapa', 'tau', 'lebih', 'bagus', 'dari', 'yang', 'mereka', 'kritik'];['coba', 'deh', 'yang', 'pada', 'kritik', 'itu', 'bikin', 'karya', 'sendiri', 'siapa', 'tau', 'lebih', 'bagus', 'dari', 'yang', 'mereka', 'kritik'];coba deh yang pada kritik itu bikin karya sendiri siapa tau lebih bagus dari yang mereka kritik;coba deh yang pada kritik itu bikin karya sendiri siapa tau lebih bagus dari yang mereka kritik;coba deh pada kritik bikin karya sendiri siapa tau lebih bagus yang kritik
309;309;1;Pada protes kenapa sih??yang protes itu coba usaha deh..Jangan kira usaha dia pendek ya!!.Butuh waktu lama dia agar bisa go international.Jangan cuma protes,klau pengen yang kalian inginkan ya kaliam sendiri dengan cara sendiri agar kalian bisa go international;pada protes kenapa sih yang protes itu coba usaha deh jangan kira usaha dia pendek ya butuh waktu lama dia agar bisa go international jangan cuma protes klau pengen yang kalian inginkan ya kaliam sendiri dengan cara sendiri agar kalian bisa go international;['pada', 'protes', 'kenapa', 'sih', 'yang', 'protes', 'itu', 'coba', 'usaha', 'deh', 'jangan', 'kira', 'usaha', 'dia', 'pendek', 'ya', 'butuh', 'waktu', 'lama', 'dia', 'agar', 'bisa', 'go', 'international', 'jangan', 'cuma', 'protes', 'klau', 'pengen', 'yang', 'kalian', 'inginkan', 'ya', 'kaliam', 'sendiri', 'dengan', 'cara', 'sendiri', 'agar', 'kalian', 'bisa', 'go', 'international'];['pada', 'protes', 'kenapa', 'sih', 'yang', 'protes', 'itu', 'coba', 'usaha', 'deh', 'jangan', 'kira', 'usaha', 'dia', 'pendek', 'ya', 'butuh', 'waktu', 'lama', 'dia', 'agar', 'bisa', 'go', 'international', 'jangan', 'cuma', 'protes', 'klau', 'pengen', 'yang', 'kalian', 'inginkan', 'ya', 'kaliam', 'sendiri', 'dengan', 'cara', 'sendiri', 'agar', 'kalian', 'bisa', 'go', 'international'];pada protes kenapa sih yang protes itu coba usaha deh jangan kira usaha dia pendek ya butuh waktu lama dia agar bisa go international jangan cuma protes klau pengen yang kalian inginkan ya kaliam sendiri dengan cara sendiri agar kalian bisa go international;pada protes kenapa sih yang protes itu coba usaha deh jangan kira usaha dia pendek ya butuh waktu lama dia agar bisa go international jangan cuma protes klau pengen yang kalian inginkan ya kaliam sendiri dengan cara sendiri agar kalian bisa go international;protes sih protes coba usaha deh jangan kira usaha pendek butuh waktu lama go international jangan cuma protes klau ken kalian ingin kaliam sendiri cara sendiri agar kalian go international
310;310;1;Keren, ga suka ma agnes, tp suka ma lagu ini, n jd suka jg ma y nyanyi, santai lagunya tp asyik;keren ga suka ma agnes tp suka ma lagu ini jd suka jg ma nyanyi santai lagunya tp asyik;['keren', 'ga', 'suka', 'ma', 'agnes', 'tp', 'suka', 'ma', 'lagu', 'ini', 'jd', 'suka', 'jg', 'ma', 'nyanyi', 'santai', 'lagunya', 'tp', 'asyik'];['keren', 'ga', 'suka', 'ma', 'agnes', 'tp', 'suka', 'ma', 'lagu', 'ini', 'jd', 'suka', 'jg', 'ma', 'nyanyi', 'santai', 'lagunya', 'tp', 'asyik'];keren ga suka ma agnes tp suka ma lagu ini jd suka jg ma nyanyi santai lagunya tp asyik;keren ga suka ma agnes tp suka ma lagu ini jd suka jg ma nyanyi santai lagunya tp asyik;keren ga suka ma agnes tp suka ma lagu jd suka jg ma nyanyi santai lagu tp asyik
311;311;1;"Bandingin lagu Go Internasional yang paling ngena di gue ini seru enak didenger....... Tapi tumben agnes gak memberikan bumbu Indonesianya kaya ada Batik"" gtu atau apa..";bandingin lagu go internasional yang paling ngena di gue ini seru enak didenger tapi tumben agnes gak memberikan bumbu indonesianya kaya ada batik gtu atau apa;['bandingin', 'lagu', 'go', 'internasional', 'yang', 'paling', 'ngena', 'di', 'gue', 'ini', 'seru', 'enak', 'didenger', 'tapi', 'tumben', 'agnes', 'gak', 'memberikan', 'bumbu', 'indonesianya', 'kaya', 'ada', 'batik', 'gtu', 'atau', 'apa'];['bandingin', 'lagu', 'go', 'internasional', 'yang', 'paling', 'ngena', 'di', 'gue', 'ini', 'seru', 'enak', 'didenger', 'tapi', 'tumben', 'agnes', 'gak', 'memberikan', 'bumbu', 'indonesianya', 'kaya', 'ada', 'batik', 'gtu', 'atau', 'apa'];bandingin lagu go internasional yang paling ngena di gue ini seru enak didenger tapi tumben agnes gak memberikan bumbu indonesianya kaya ada batik gtu atau apa;bandingin lagu go internasional yang paling ngena di gue ini seru enak didenger tapi tumben agnes gak memberikan bumbu indonesianya kaya ada batik gtu atau apa;bandingin lagu go internasional paling ngena gue seru enak didenger tumben agnes gak beri bumbu indonesia kaya batik gtu apa
312;312;1;Nah ini baru keren, daripada mba mba superman wkwkwk;nah ini baru keren daripada mba mba superman wkwkwk;['nah', 'ini', 'baru', 'keren', 'daripada', 'mba', 'mba', 'superman', 'wkwkwk'];['nah', 'ini', 'baru', 'keren', 'daripada', 'mba', 'mba', 'superman', 'wkwkwk'];nah ini baru keren daripada mba mba superman wkwkwk;nah ini baru keren daripada mba mba superman wkwkwk;nah baru keren mba mba superman wkwkwk
313;313;1;Sumpah gua suka bgt sama lagu dia yg ini, asik bgt di dengernyaa;sumpah gua suka bgt sama lagu dia yg ini asik bgt di dengernyaa;['sumpah', 'gua', 'suka', 'bgt', 'sama', 'lagu', 'dia', 'yg', 'ini', 'asik', 'bgt', 'di', 'dengernyaa'];['sumpah', 'gua', 'suka', 'bgt', 'sama', 'lagu', 'dia', 'yg', 'ini', 'asik', 'bgt', 'di', 'dengernyaa'];sumpah gua suka bgt sama lagu dia yg ini asik bgt di dengernyaa;sumpah gua suka bgt sama lagu dia yg ini asik bgt di dengernyaa;sumpah gua suka bgt sama lagu yg asik bgt dengernyaa
314;314;1;Enak banget mak lagu2 dialbumnya paling suka yg inih sm beautiful mistake;enak banget mak lagu dialbumnya paling suka yg inih sm beautiful mistake;['enak', 'banget', 'mak', 'lagu', 'dialbumnya', 'paling', 'suka', 'yg', 'inih', 'sm', 'beautiful', 'mistake'];['enak', 'banget', 'mak', 'lagu', 'dialbumnya', 'paling', 'suka', 'yg', 'inih', 'sm', 'beautiful', 'mistake'];enak banget mak lagu dialbumnya paling suka yg inih sm beautiful mistake;enak banget mak lagu dialbumnya paling suka yg inih sm beautiful mistake;enak banget mak lagu album paling suka inih sm beautiful mistake
315;315;1;Mantap .gw suka bngt ama agnes.karena dy artis yg bertalenta .dan ke kayaan dy ga pernah dipamer ky artis ygblain.gw suka dy ga pernah pamer.keren bngt;mantap gw suka bngt ama agnes karena dy artis yg bertalenta dan ke kayaan dy ga pernah dipamer ky artis ygblain gw suka dy ga pernah pamer keren bngt;['mantap', 'gw', 'suka', 'bngt', 'ama', 'agnes', 'karena', 'dy', 'artis', 'yg', 'bertalenta', 'dan', 'ke', 'kayaan', 'dy', 'ga', 'pernah', 'dipamer', 'ky', 'artis', 'ygblain', 'gw', 'suka', 'dy', 'ga', 'pernah', 'pamer', 'keren', 'bngt'];['mantap', 'gw', 'suka', 'bngt', 'ama', 'agnes', 'karena', 'dy', 'artis', 'yg', 'bertalenta', 'dan', 'ke', 'kayaan', 'dy', 'ga', 'pernah', 'dipamer', 'ky', 'artis', 'ygblain', 'gw', 'suka', 'dy', 'ga', 'pernah', 'pamer', 'keren', 'bngt'];mantap gw suka bngt ama agnes karena dy artis yg bertalenta dan ke kayaan dy ga pernah dipamer ky artis ygblain gw suka dy ga pernah pamer keren bngt;mantap gw suka bngt ama agnes karena dy artis yg bertalenta dan ke kayaan dy ga pernah dipamer ky artis ygblain gw suka dy ga pernah pamer keren bngt;mantap gw suka bngt ama agnes dy artis talenta ke kaya dy ga pernah pamer ky artis ygblain gw suka dy ga pernah pamer keren bngt
316;316;1;enakk musik nyaa . apa lagii lhatt ka agnes nyaa dance kaya nyaa nyamaann dan enakk bgt tuh kayaa nyaa;enakk musik nyaa apa lagii lhatt ka agnes nyaa dance kaya nyaa nyamaann dan enakk bgt tuh kayaa nyaa;['enakk', 'musik', 'nyaa', 'apa', 'lagii', 'lhatt', 'ka', 'agnes', 'nyaa', 'dance', 'kaya', 'nyaa', 'nyamaann', 'dan', 'enakk', 'bgt', 'tuh', 'kayaa', 'nyaa'];['enakk', 'musik', 'nyaa', 'apa', 'lagii', 'lhatt', 'ka', 'agnes', 'nyaa', 'dance', 'kaya', 'nyaa', 'nyamaann', 'dan', 'enakk', 'bgt', 'tuh', 'kayaa', 'nyaa'];enakk musik nyaa apa lagii lhatt ka agnes nyaa dance kaya nyaa nyamaann dan enakk bgt tuh kayaa nyaa;enakk musik nyaa apa lagii lhatt ka agnes nyaa dance kaya nyaa nyamaann dan enakk bgt tuh kayaa nyaa;enakk musik nyaa apa lagi lhatt ka agnes nyaa dance kaya nyaa nyamaann enakk bgt tuh kayaa nyaa
317;317;1;Asik bgts dancenya,apa lg lagunya mancappppp;asik bgts dancenya apa lg lagunya mancappppp;['asik', 'bgts', 'dancenya', 'apa', 'lg', 'lagunya', 'mancappppp'];['asik', 'bgts', 'dancenya', 'apa', 'lg', 'lagunya', 'mancappppp'];asik bgts dancenya apa lg lagunya mancappppp;asik bgts dancenya apa lg lagunya mancappppp;asik bgts dancenya apa lg lagu mancappppp
318;318;1;Ganteng banget meski aura... Kenceng banget & diragukan.semoga langgeng mami..;ganteng banget meski aura kenceng banget diragukan semoga langgeng mami;['ganteng', 'banget', 'meski', 'aura', 'kenceng', 'banget', 'diragukan', 'semoga', 'langgeng', 'mami'];['ganteng', 'banget', 'meski', 'aura', 'kenceng', 'banget', 'diragukan', 'semoga', 'langgeng', 'mami'];ganteng banget meski aura kenceng banget diragukan semoga langgeng mami;ganteng banget meski aura kenceng banget diragukan semoga langgeng mami;ganteng banget meski aura kenceng banget ragu moga langgeng mami
319;319;1;Mami depe cantik banget. Awet muda, ngga kalah sm penyanyi pendatang baru. Semoga samawa...  <USERNAME>;mami depe cantik banget awet muda ngga kalah sm penyanyi pendatang baru semoga samawa username;['mami', 'depe', 'cantik', 'banget', 'awet', 'muda', 'ngga', 'kalah', 'sm', 'penyanyi', 'pendatang', 'baru', 'semoga', 'samawa', 'username'];['mami', 'depe', 'cantik', 'banget', 'awet', 'muda', 'ngga', 'kalah', 'sm', 'penyanyi', 'pendatang', 'baru', 'semoga', 'samawa', 'username'];mami depe cantik banget awet muda ngga kalah sm penyanyi pendatang baru semoga samawa username;mami depe cantik banget awet muda ngga kalah sm penyanyi pendatang baru semoga samawa username;mami depe cantik banget awet muda ngga kalah sm nyanyi datang baru moga samawa username
320;320;1;Ganteng yesss. Mami cuco deh sama babang. Semoga langgeng ya unchhh lope mami;ganteng yesss mami cuco deh sama babang semoga langgeng ya unchhh lope mami;['ganteng', 'yesss', 'mami', 'cuco', 'deh', 'sama', 'babang', 'semoga', 'langgeng', 'ya', 'unchhh', 'lope', 'mami'];['ganteng', 'yesss', 'mami', 'cuco', 'deh', 'sama', 'babang', 'semoga', 'langgeng', 'ya', 'unchhh', 'lope', 'mami'];ganteng yesss mami cuco deh sama babang semoga langgeng ya unchhh lope mami;ganteng yesss mami cuco deh sama babang semoga langgeng ya unchhh lope mami;ganteng yesss mami cuco deh sama babang moga langgeng unchhh lope mami
321;321;1;Mbak dewi jadi lebih sabar keliahatannya... Keren semoga semakin langgeng;mbak dewi jadi lebih sabar keliahatannya keren semoga semakin langgeng;['mbak', 'dewi', 'jadi', 'lebih', 'sabar', 'keliahatannya', 'keren', 'semoga', 'semakin', 'langgeng'];['mbak', 'dewi', 'jadi', 'lebih', 'sabar', 'keliahatannya', 'keren', 'semoga', 'semakin', 'langgeng'];mbak dewi jadi lebih sabar keliahatannya keren semoga semakin langgeng;mbak dewi jadi lebih sabar keliahatannya keren semoga semakin langgeng;mbak dewi jadi lebih sabar keliahatannya keren moga makin langgeng
322;322;1;Soal pasangan hidup ijk salut sih sama mami depe.. ga matre n neko2.. yg penting single n cocok doi mau diajak merit.. ga kyk tetangga sblh saking matrenya suami org di embat jg..;soal pasangan hidup ijk salut sih sama mami depe ga matre neko yg penting single cocok doi mau diajak merit ga kyk tetangga sblh saking matrenya suami org di embat jg;['soal', 'pasangan', 'hidup', 'ijk', 'salut', 'sih', 'sama', 'mami', 'depe', 'ga', 'matre', 'neko', 'yg', 'penting', 'single', 'cocok', 'doi', 'mau', 'diajak', 'merit', 'ga', 'kyk', 'tetangga', 'sblh', 'saking', 'matrenya', 'suami', 'org', 'di', 'embat', 'jg'];['soal', 'pasangan', 'hidup', 'ijk', 'salut', 'sih', 'sama', 'mami', 'depe', 'ga', 'matre', 'neko', 'yg', 'penting', 'single', 'cocok', 'doi', 'mau', 'diajak', 'merit', 'ga', 'kyk', 'tetangga', 'sblh', 'saking', 'matrenya', 'suami', 'org', 'di', 'embat', 'jg'];soal pasangan hidup ijk salut sih sama mami depe ga matre neko yg penting single cocok doi mau diajak merit ga kyk tetangga sblh saking matrenya suami org di embat jg;soal pasangan hidup ijk salut sih sama mami depe ga matre neko yg penting single cocok doi mau diajak merit ga kyk tetangga sblh saking matrenya suami org di embat jg;soal pasang hidup ijk salut sama mami depe ga matre neko penting single cocok doi mau ajak rit ga kyk tetangga sblh saking matrenya suami org embat jg
323;323;1;mau duda mau singgel itu ngak masalah yg penting laki jaman sekarang setia menemani dunia akhirat amin good luck dewi persil sehat slalu dlm berkarya;mau duda mau singgel itu ngak masalah yg penting laki jaman sekarang setia menemani dunia akhirat amin good luck dewi persil sehat slalu dlm berkarya;['mau', 'duda', 'mau', 'singgel', 'itu', 'ngak', 'masalah', 'yg', 'penting', 'laki', 'jaman', 'sekarang', 'setia', 'menemani', 'dunia', 'akhirat', 'amin', 'good', 'luck', 'dewi', 'persil', 'sehat', 'slalu', 'dlm', 'berkarya'];['mau', 'duda', 'mau', 'singgel', 'itu', 'ngak', 'masalah', 'yg', 'penting', 'laki', 'jaman', 'sekarang', 'setia', 'menemani', 'dunia', 'akhirat', 'amin', 'good', 'luck', 'dewi', 'persil', 'sehat', 'slalu', 'dlm', 'berkarya'];mau duda mau singgel itu ngak masalah yg penting laki jaman sekarang setia menemani dunia akhirat amin good luck dewi persil sehat slalu dlm berkarya;mau duda mau singgel itu ngak masalah yg penting laki jaman sekarang setia menemani dunia akhirat amin good luck dewi persil sehat slalu dlm berkarya;mau duda mau singgel ngak masalah penting laki jaman sekarang setia tani dunia akhirat amin good luck dewi persil sehat slalu dlm karya
324;324;1;Muantepp ganteng...selamat menempuh hidup baru mg langgeng rumah tanggax bhagia n selladem ayem...??????;muantepp ganteng selamat menempuh hidup baru mg langgeng rumah tanggax bhagia selladem ayem;['muantepp', 'ganteng', 'selamat', 'menempuh', 'hidup', 'baru', 'mg', 'langgeng', 'rumah', 'tanggax', 'bhagia', 'selladem', 'ayem'];['muantepp', 'ganteng', 'selamat', 'menempuh', 'hidup', 'baru', 'mg', 'langgeng', 'rumah', 'tanggax', 'bhagia', 'selladem', 'ayem'];muantepp ganteng selamat menempuh hidup baru mg langgeng rumah tanggax bhagia selladem ayem;muantepp ganteng selamat menempuh hidup baru mg langgeng rumah tanggax bhagia selladem ayem;muantepp ganteng selamat tempuh hidup baru mg langgeng rumah tanggax bhagia selladem ayem
325;325;1;Mb depe langgeng yo karo masny.mb ibuku ngefans bgt sm mb depe dri mb sm mas saiful dlu smpe2 blng jdi pembntuny gapapala ktny,pgn bgt ktmu mb depe ibuku kami dijambi mb;mb depe langgeng yo karo masny mb ibuku ngefans bgt sm mb depe dri mb sm mas saiful dlu smpe blng jdi pembntuny gapapala ktny pgn bgt ktmu mb depe ibuku kami dijambi mb;['mb', 'depe', 'langgeng', 'yo', 'karo', 'masny', 'mb', 'ibuku', 'ngefans', 'bgt', 'sm', 'mb', 'depe', 'dri', 'mb', 'sm', 'mas', 'saiful', 'dlu', 'smpe', 'blng', 'jdi', 'pembntuny', 'gapapala', 'ktny', 'pgn', 'bgt', 'ktmu', 'mb', 'depe', 'ibuku', 'kami', 'dijambi', 'mb'];['mb', 'depe', 'langgeng', 'yo', 'karo', 'masny', 'mb', 'ibuku', 'ngefans', 'bgt', 'sm', 'mb', 'depe', 'dri', 'mb', 'sm', 'mas', 'saiful', 'dlu', 'smpe', 'blng', 'jdi', 'pembntuny', 'gapapala', 'ktny', 'pgn', 'bgt', 'ktmu', 'mb', 'depe', 'ibuku', 'kami', 'dijambi', 'mb'];mb depe langgeng yo karo masny mb ibuku ngefans bgt sm mb depe dri mb sm mas saiful dlu smpe blng jdi pembntuny gapapala ktny pgn bgt ktmu mb depe ibuku kami dijambi mb;mb depe langgeng yo karo masny mb ibuku ngefans bgt sm mb depe dri mb sm mas saiful dlu smpe blng jdi pembntuny gapapala ktny pgn bgt ktmu mb depe ibuku kami dijambi mb;mb depe langgeng yo karo masny mb ibu ngefans bgt sm mb depe dri mb sm mas saiful dlu smpe blng jdi pembntuny gapapala ktny pgn bgt ktmu mb depe ibu dijambi mb
326;326;1;Jangan di dengar kata 2 yg menyakitkan hati lebih baik tenang jalanin aja dengan pilihan andah sendiri bahagia itu biasanya ada di kata hatimu maju trus dan sukses bersama pasangan mu;jangan di dengar kata   yg menyakitkan hati lebih baik tenang jalanin aja dengan pilihan andah sendiri bahagia itu biasanya ada di kata hatimu maju trus dan sukses bersama pasangan mu;['jangan', 'di', 'dengar', 'kata', 'yg', 'menyakitkan', 'hati', 'lebih', 'baik', 'tenang', 'jalanin', 'aja', 'dengan', 'pilihan', 'andah', 'sendiri', 'bahagia', 'itu', 'biasanya', 'ada', 'di', 'kata', 'hatimu', 'maju', 'trus', 'dan', 'sukses', 'bersama', 'pasangan', 'mu'];['jangan', 'di', 'dengar', 'kata', 'yg', 'menyakitkan', 'hati', 'lebih', 'baik', 'tenang', 'jalanin', 'aja', 'dengan', 'pilihan', 'andah', 'sendiri', 'bahagia', 'itu', 'biasanya', 'ada', 'di', 'kata', 'hatimu', 'maju', 'trus', 'dan', 'sukses', 'bersama', 'pasangan', 'mu'];jangan di dengar kata yg menyakitkan hati lebih baik tenang jalanin aja dengan pilihan andah sendiri bahagia itu biasanya ada di kata hatimu maju trus dan sukses bersama pasangan mu;jangan di dengar kata yg menyakitkan hati lebih baik tenang jalanin aja dengan pilihan andah sendiri bahagia itu biasanya ada di kata hatimu maju trus dan sukses bersama pasangan mu;jangan dengar kata sakit hati lebih baik tenang jalanin aja pilih andah sendiri bahagia biasa di kata hati maju trus sukses sama pasang mu
327;327;1;Cakep,ganteng pacarnya dewi persik,udah ini aja jgn ganti lg yaa dewi;cakep ganteng pacarnya dewi persik udah ini aja jgn ganti lg yaa dewi;['cakep', 'ganteng', 'pacarnya', 'dewi', 'persik', 'udah', 'ini', 'aja', 'jgn', 'ganti', 'lg', 'yaa', 'dewi'];['cakep', 'ganteng', 'pacarnya', 'dewi', 'persik', 'udah', 'ini', 'aja', 'jgn', 'ganti', 'lg', 'yaa', 'dewi'];cakep ganteng pacarnya dewi persik udah ini aja jgn ganti lg yaa dewi;cakep ganteng pacarnya dewi persik udah ini aja jgn ganti lg yaa dewi;cakep ganteng pacar dewi persik udah aja jgn ganti lg yaa dewi
328;328;1;Beruntungnya Bella.. Orang2 jadi fokus ama komen lakinya. Coba kalo ngga, pasti model bajunya yang diceramahin ama netizen ??;beruntungnya bella orang jadi fokus ama komen lakinya coba kalo ngga pasti model bajunya yang diceramahin ama netizen;['beruntungnya', 'bella', 'orang', 'jadi', 'fokus', 'ama', 'komen', 'lakinya', 'coba', 'kalo', 'ngga', 'pasti', 'model', 'bajunya', 'yang', 'diceramahin', 'ama', 'netizen'];['beruntungnya', 'bella', 'orang', 'jadi', 'fokus', 'ama', 'komen', 'lakinya', 'coba', 'kalo', 'ngga', 'pasti', 'model', 'bajunya', 'yang', 'diceramahin', 'ama', 'netizen'];beruntungnya bella orang jadi fokus ama komen lakinya coba kalo ngga pasti model bajunya yang diceramahin ama netizen;beruntungnya bella orang jadi fokus ama komen lakinya coba kalo ngga pasti model bajunya yang diceramahin ama netizen;untung bella orang jadi fokus ama komen laki coba kalo ngga model baju diceramahin ama netizen
329;329;1;Beginilah pasangan suami istri yg normal.. Romantisme hanya dia dan istri yg tau. Ga perlu diumbar.. Tp dijaga. Yg suka umbar kemesraan iti kebanyakan menutupi kenyataan yg sebenarnya.;beginilah pasangan suami istri yg normal romantisme hanya dia dan istri yg tau ga perlu diumbar tp dijaga yg suka umbar kemesraan iti kebanyakan menutupi kenyataan yg sebenarnya;['beginilah', 'pasangan', 'suami', 'istri', 'yg', 'normal', 'romantisme', 'hanya', 'dia', 'dan', 'istri', 'yg', 'tau', 'ga', 'perlu', 'diumbar', 'tp', 'dijaga', 'yg', 'suka', 'umbar', 'kemesraan', 'iti', 'kebanyakan', 'menutupi', 'kenyataan', 'yg', 'sebenarnya'];['beginilah', 'pasangan', 'suami', 'istri', 'yg', 'normal', 'romantisme', 'hanya', 'dia', 'dan', 'istri', 'yg', 'tau', 'ga', 'perlu', 'diumbar', 'tp', 'dijaga', 'yg', 'suka', 'umbar', 'kemesraan', 'iti', 'kebanyakan', 'menutupi', 'kenyataan', 'yg', 'sebenarnya'];beginilah pasangan suami istri yg normal romantisme hanya dia dan istri yg tau ga perlu diumbar tp dijaga yg suka umbar kemesraan iti kebanyakan menutupi kenyataan yg sebenarnya;beginilah pasangan suami istri yg normal romantisme hanya dia dan istri yg tau ga perlu diumbar tp dijaga yg suka umbar kemesraan iti kebanyakan menutupi kenyataan yg sebenarnya;begini pasang suami istri normal romantisme dia istri tau ga perlu umbar tp jaga suka umbar mesra iti banyak tutup nyata benar
330;330;1;Naksir Ama ceweknya, kyanya lembut banget Kya bolu ??;naksir ama ceweknya kyanya lembut banget kya bolu;['naksir', 'ama', 'ceweknya', 'kyanya', 'lembut', 'banget', 'kya', 'bolu'];['naksir', 'ama', 'ceweknya', 'kyanya', 'lembut', 'banget', 'kya', 'bolu'];naksir ama ceweknya kyanya lembut banget kya bolu;naksir ama ceweknya kyanya lembut banget kya bolu;naksir ama cewek kyanya lembut banget kya bolu
331;331;1;Cewex luar biasa cntik... Cowox.. Mmmmhh hehe;cewex luar biasa cntik cowox mmmmhh hehe;['cewex', 'luar', 'biasa', 'cntik', 'cowox', 'mmmmhh', 'hehe'];['cewex', 'luar', 'biasa', 'cntik', 'cowox', 'mmmmhh', 'hehe'];cewex luar biasa cntik cowox mmmmhh hehe;cewex luar biasa cntik cowox mmmmhh hehe;cewex luar biasa cntik cowox mmmmhh hehe
332;332;1;Cewenya cantikk, the power of tajir ??;cewenya cantikk the power of tajir;['cewenya', 'cantikk', 'the', 'power', 'of', 'tajir'];['cewenya', 'cantikk', 'the', 'power', 'of', 'tajir'];cewenya cantikk the power of tajir;cewenya cantikk the power of tajir;cewenya cantikk the power of tajir
333;333;1;Alhamdulillah lebih ganteng babang Emran ya  <USERNAME> ??;alhamdulillah lebih ganteng babang emran ya username;['alhamdulillah', 'lebih', 'ganteng', 'babang', 'emran', 'ya', 'username'];['alhamdulillah', 'lebih', 'ganteng', 'babang', 'emran', 'ya', 'username'];alhamdulillah lebih ganteng babang emran ya username;alhamdulillah lebih ganteng babang emran ya username;alhamdulillah lebih ganteng babang emran username
334;334;1;Alhamdulillah  <USERNAME> gak jadi sama yg ini... engku emran masyaallah ganteng, anteng, sabar, sholeh, penyanyang, senyumnya cute.. baper dech;alhamdulillah username gak jadi sama yg ini engku emran masyaallah ganteng anteng sabar sholeh penyanyang senyumnya cute baper dech;['alhamdulillah', 'username', 'gak', 'jadi', 'sama', 'yg', 'ini', 'engku', 'emran', 'masyaallah', 'ganteng', 'anteng', 'sabar', 'sholeh', 'penyanyang', 'senyumnya', 'cute', 'baper', 'dech'];['alhamdulillah', 'username', 'gak', 'jadi', 'sama', 'yg', 'ini', 'engku', 'emran', 'masyaallah', 'ganteng', 'anteng', 'sabar', 'sholeh', 'penyanyang', 'senyumnya', 'cute', 'baper', 'dech'];alhamdulillah username gak jadi sama yg ini engku emran masyaallah ganteng anteng sabar sholeh penyanyang senyumnya cute baper dech;alhamdulillah username gak jadi sama yg ini engku emran masyaallah ganteng anteng sabar sholeh penyanyang senyumnya cute baper dech;alhamdulillah username gak jadi sama ini engku emran masyaallah ganteng anteng sabar sholeh nyanyang senyum cute baper dech
335;335;1;Cantik manis cewe nya .. cocok ajalah;cantik manis cewe nya cocok ajalah;['cantik', 'manis', 'cewe', 'nya', 'cocok', 'ajalah'];['cantik', 'manis', 'cewe', 'nya', 'cocok', 'ajalah'];cantik manis cewe nya cocok ajalah;cantik manis cewe nya cocok ajalah;cantik manis cewe cocok aja
336;336;1;Cewenya manis, cakepan yg skrg Dr yg kmrn ga jd.;cewenya manis cakepan yg skrg dr yg kmrn ga jd;['cewenya', 'manis', 'cakepan', 'yg', 'skrg', 'dr', 'yg', 'kmrn', 'ga', 'jd'];['cewenya', 'manis', 'cakepan', 'yg', 'skrg', 'dr', 'yg', 'kmrn', 'ga', 'jd'];cewenya manis cakepan yg skrg dr yg kmrn ga jd;cewenya manis cakepan yg skrg dr yg kmrn ga jd;cewenya manis cakep skrg dr kmrn ga jd
337;337;1;yg ini lbh cantik sih. hebat jg ni lakik ciwik nya cakep2 lho..;yg ini lbh cantik sih hebat jg ni lakik ciwik nya cakep lho;['yg', 'ini', 'lbh', 'cantik', 'sih', 'hebat', 'jg', 'ni', 'lakik', 'ciwik', 'nya', 'cakep', 'lho'];['yg', 'ini', 'lbh', 'cantik', 'sih', 'hebat', 'jg', 'ni', 'lakik', 'ciwik', 'nya', 'cakep', 'lho'];yg ini lbh cantik sih hebat jg ni lakik ciwik nya cakep lho;yg ini lbh cantik sih hebat jg ni lakik ciwik nya cakep lho;ini lbh cantik hebat jg ni lakik ciwik cakep lho
338;338;1;Semoga betul klo sma yg ini mh....klo bella mh udah dapet yg amat sangat pas lah????;semoga betul klo sma yg ini mh klo bella mh udah dapet yg amat sangat pas lah;['semoga', 'betul', 'klo', 'sma', 'yg', 'ini', 'mh', 'klo', 'bella', 'mh', 'udah', 'dapet', 'yg', 'amat', 'sangat', 'pas', 'lah'];['semoga', 'betul', 'klo', 'sma', 'yg', 'ini', 'mh', 'klo', 'bella', 'mh', 'udah', 'dapet', 'yg', 'amat', 'sangat', 'pas', 'lah'];semoga betul klo sma yg ini mh klo bella mh udah dapet yg amat sangat pas lah;semoga betul klo sma yg ini mh klo bella mh udah dapet yg amat sangat pas lah;moga betul klo sma ini mh klo bella mh udah dapet amat sangat pas
339;339;1;Semoga ga putus lagi ya. Ka bella udah bahagia banget tuh, ga malu??? ??????;semoga ga putus lagi ya ka bella udah bahagia banget tuh ga malu;['semoga', 'ga', 'putus', 'lagi', 'ya', 'ka', 'bella', 'udah', 'bahagia', 'banget', 'tuh', 'ga', 'malu'];['semoga', 'ga', 'putus', 'lagi', 'ya', 'ka', 'bella', 'udah', 'bahagia', 'banget', 'tuh', 'ga', 'malu'];semoga ga putus lagi ya ka bella udah bahagia banget tuh ga malu;semoga ga putus lagi ya ka bella udah bahagia banget tuh ga malu;moga ga putus ya ka bella udah bahagia banget tuh ga malu
340;340;1;Yaampun cantiikk bangett aslii! Angguunn ??;yaampun cantiikk bangett aslii angguunn;['yaampun', 'cantiikk', 'bangett', 'aslii', 'angguunn'];['yaampun', 'cantiikk', 'bangett', 'aslii', 'angguunn'];yaampun cantiikk bangett aslii angguunn;yaampun cantiikk bangett aslii angguunn;yaampun cantiikk bangett asli angguunn
341;341;1; <USERNAME> euum setuju sekaliii emang cantikan ini dari pada yang sebelumnya. Lebih WOW... ?? terbaik ?? terpelihara hehe;username euum setuju sekaliii emang cantikan ini dari pada yang sebelumnya lebih wow terbaik terpelihara hehe;['username', 'euum', 'setuju', 'sekaliii', 'emang', 'cantikan', 'ini', 'dari', 'pada', 'yang', 'sebelumnya', 'lebih', 'wow', 'terbaik', 'terpelihara', 'hehe'];['username', 'euum', 'setuju', 'sekaliii', 'emang', 'cantikan', 'ini', 'dari', 'pada', 'yang', 'sebelumnya', 'lebih', 'wow', 'terbaik', 'terpelihara', 'hehe'];username euum setuju sekaliii emang cantikan ini dari pada yang sebelumnya lebih wow terbaik terpelihara hehe;username euum setuju sekaliii emang cantikan ini dari pada yang sebelumnya lebih wow terbaik terpelihara hehe;username euum tuju sekaliii emang cantik dari yang belum lebih wow baik pelihara hehe
342;342;1;Cantiik, senyumnya mirip Maudy Kusnaedi;cantiik senyumnya mirip maudy kusnaedi;['cantiik', 'senyumnya', 'mirip', 'maudy', 'kusnaedi'];['cantiik', 'senyumnya', 'mirip', 'maudy', 'kusnaedi'];cantiik senyumnya mirip maudy kusnaedi;cantiik senyumnya mirip maudy kusnaedi;cantiik senyum mirip maudy kusnaedi
343;343;1;"Dari kisah jevin radhini rini gue jd belajar 1 hal. ""Kalau memang jodohmu, maka akan ada saja jalanNya"". Gue kebetulan ngikutin dr awal. Gue nonton pas live the remix jevin ngomong 'itu pacar saya nonton' sambil nunjuk radhini. Gue jg nntn pas jevin meluk radhini erat bgt di backstage stlh lolos ke final. Keliatan jevin ini anaknya gentle, tulus dan penyayang. Tapi Allah maha pembolak-balik hati. Mei '15 jevin radhini pcrn, sept '15 jevin rini dipasangin the remix, Des '15 final the remix, jan '16 jevin radhini putus, feb '16 jevin rini pcrn, april '16 jevin ngelamar rini, feb '17 jevin rini tunangan, mei '17 jevin rini nikah. Allah works in many ways??. Allah's plan is better than our plan. Jevin yg dulunya berfikiran akan nikah umur 30, siapa sangka di umur 25 dan dlm waktu pcrn baru 2 bulan udah yakin ngajakin anak orang nikah. Ah, happy wedding soundwave. Bahagia selalu??";dari kisah jevin radhini rini gue jd belajar   hal kalau memang jodohmu maka akan ada saja jalannya gue kebetulan ngikutin dr awal gue nonton pas live the remix jevin ngomong itu pacar saya nonton sambil nunjuk radhini gue jg nntn pas jevin meluk radhini erat bgt di backstage stlh lolos ke final keliatan jevin ini anaknya gentle tulus dan penyayang tapi allah maha pembolak balik hati mei   jevin radhini pcrn <date> jevin rini dipasangin the remix des   final the remix <date> jevin radhini putus <date> jevin rini pcrn <date> jevin ngelamar rini <date> jevin rini tunangan mei   jevin rini nikah allah works in many ways allah plan is better than our plan jevin yg dulunya berfikiran akan nikah umur   siapa sangka di umur   dan dlm waktu pcrn baru   bulan udah yakin ngajakin anak orang nikah ah happy wedding soundwave bahagia selalu;['dari', 'kisah', 'jevin', 'radhini', 'rini', 'gue', 'jd', 'belajar', 'hal', 'kalau', 'memang', 'jodohmu', 'maka', 'akan', 'ada', 'saja', 'jalannya', 'gue', 'kebetulan', 'ngikutin', 'dr', 'awal', 'gue', 'nonton', 'pas', 'live', 'the', 'remix', 'jevin', 'ngomong', 'itu', 'pacar', 'saya', 'nonton', 'sambil', 'nunjuk', 'radhini', 'gue', 'jg', 'nntn', 'pas', 'jevin', 'meluk', 'radhini', 'erat', 'bgt', 'di', 'backstage', 'stlh', 'lolos', 'ke', 'final', 'keliatan', 'jevin', 'ini', 'anaknya', 'gentle', 'tulus', 'dan', 'penyayang', 'tapi', 'allah', 'maha', 'pembolak', 'balik', 'hati', 'mei', 'jevin', 'radhini', 'pcrn', '<', 'date', '>', 'jevin', 'rini', 'dipasangin', 'the', 'remix', 'des', 'final', 'the', 'remix', '<', 'date', '>', 'jevin', 'radhini', 'putus', '<', 'date', '>', 'jevin', 'rini', 'pcrn', '<', 'date', '>', 'jevin', 'ngelamar', 'rini', '<', 'date', '>', 'jevin', 'rini', 'tunangan', 'mei', 'jevin', 'rini', 'nikah', 'allah', 'works', 'in', 'many', 'ways', 'allah', 'plan', 'is', 'better', 'than', 'our', 'plan', 'jevin', 'yg', 'dulunya', 'berfikiran', 'akan', 'nikah', 'umur', 'siapa', 'sangka', 'di', 'umur', 'dan', 'dlm', 'waktu', 'pcrn', 'baru', 'bulan', 'udah', 'yakin', 'ngajakin', 'anak', 'orang', 'nikah', 'ah', 'happy', 'wedding', 'soundwave', 'bahagia', 'selalu'];['dari', 'kisah', 'jevin', 'radhini', 'rini', 'gue', 'jd', 'belajar', 'hal', 'kalau', 'memang', 'jodohmu', 'maka', 'akan', 'ada', 'saja', 'jalannya', 'gue', 'kebetulan', 'ngikutin', 'dr', 'awal', 'gue', 'nonton', 'pas', 'live', 'the', 'remix', 'jevin', 'ngomong', 'itu', 'pacar', 'saya', 'nonton', 'sambil', 'nunjuk', 'radhini', 'gue', 'jg', 'nntn', 'pas', 'jevin', 'meluk', 'radhini', 'erat', 'bgt', 'di', 'backstage', 'stlh', 'lolos', 'ke', 'final', 'keliatan', 'jevin', 'ini', 'anaknya', 'gentle', 'tulus', 'dan', 'penyayang', 'tapi', 'allah', 'maha', 'pembolak', 'balik', 'hati', 'mei', 'jevin', 'radhini', 'pcrn', '<', 'date', '>', 'jevin', 'rini', 'dipasangin', 'the', 'remix', 'des', 'final', 'the', 'remix', '<', 'date', '>', 'jevin', 'radhini', 'putus', '<', 'date', '>', 'jevin', 'rini', 'pcrn', '<', 'date', '>', 'jevin', 'ngelamar', 'rini', '<', 'date', '>', 'jevin', 'rini', 'tunangan', 'mei', 'jevin', 'rini', 'nikah', 'allah', 'works', 'in', 'many', 'ways', 'allah', 'plan', 'is', 'better', 'than', 'our', 'plan', 'jevin', 'yg', 'dulunya', 'berfikiran', 'akan', 'nikah', 'umur', 'siapa', 'sangka', 'di', 'umur', 'dan', 'dlm', 'waktu', 'pcrn', 'baru', 'bulan', 'udah', 'yakin', 'ngajakin', 'anak', 'orang', 'nikah', 'ah', 'happy', 'wedding', 'soundwave', 'bahagia', 'selalu'];dari kisah jevin radhini rini gue jd belajar hal kalau memang jodohmu maka akan ada saja jalannya gue kebetulan ngikutin dr awal gue nonton pas live the remix jevin ngomong itu pacar saya nonton sambil nunjuk radhini gue jg nntn pas jevin meluk radhini erat bgt di backstage stlh lolos ke final keliatan jevin ini anaknya gentle tulus dan penyayang tapi allah maha pembolak balik hati mei jevin radhini pcrn < date > jevin rini dipasangin the remix des final the remix < date > jevin radhini putus < date > jevin rini pcrn < date > jevin ngelamar rini < date > jevin rini tunangan mei jevin rini nikah allah works in many ways allah plan is better than our plan jevin yg dulunya berfikiran akan nikah umur siapa sangka di umur dan dlm waktu pcrn baru bulan udah yakin ngajakin anak orang nikah ah happy wedding soundwave bahagia selalu;dari kisah jevin radhini rini gue jd belajar hal kalau memang jodohmu maka akan ada saja jalannya gue kebetulan ngikutin dr awal gue nonton pas live the remix jevin ngomong itu pacar saya nonton sambil nunjuk radhini gue jg nntn pas jevin meluk radhini erat bgt di backstage stlh lolos ke final keliatan jevin ini anaknya gentle tulus dan penyayang tapi allah maha pembolak balik hati mei jevin radhini pcrn < date > jevin rini dipasangin the remix des final the remix < date > jevin radhini putus < date > jevin rini pcrn < date > jevin ngelamar rini < date > jevin rini tunangan mei jevin rini nikah allah works in many ways allah plan is better than our plan jevin yg dulunya berfikiran akan nikah umur siapa sangka di umur dan dlm waktu pcrn baru bulan udah yakin ngajakin anak orang nikah ah happy wedding soundwave bahagia selalu;kisah jevin radhini rini gue jd ajar kalau memang jodoh saja jalan gue betul ngikutin dr awal gue nonton pas live the remix jevin ngomong pacar nonton nunjuk radhini gue jg nntn pas jevin luk radhini erat bgt backstage stlh lolos final liat jevin anak gentle tulus sayang allah maha bolak balik hati mei jevin radhini pcrn date jevin rini dipasangin the remix des final the remix date jevin radhini putus date jevin rini pcrn date jevin ngelamar rini date jevin rini tunang mei jevin rini nikah allah works in many ways allah plan is better than our plan jevin dulunya berfikiran akan nikah umur siapa sangka umur dlm waktu pcrn baru bulan udah yakin ngajakin anak orang nikah happy wedding soundwave bahagia selalu
344;344;1;Kalau kita bisa mengartikan jodoh,ini lah yang di bilang jodoh.cantik lahir batin tapi kl ga jodoh perpisahanlah yang terbaik..;kalau kita bisa mengartikan jodoh ini lah yang di bilang jodoh cantik lahir batin tapi kl ga jodoh perpisahanlah yang terbaik;['kalau', 'kita', 'bisa', 'mengartikan', 'jodoh', 'ini', 'lah', 'yang', 'di', 'bilang', 'jodoh', 'cantik', 'lahir', 'batin', 'tapi', 'kl', 'ga', 'jodoh', 'perpisahanlah', 'yang', 'terbaik'];['kalau', 'kita', 'bisa', 'mengartikan', 'jodoh', 'ini', 'lah', 'yang', 'di', 'bilang', 'jodoh', 'cantik', 'lahir', 'batin', 'tapi', 'kl', 'ga', 'jodoh', 'perpisahanlah', 'yang', 'terbaik'];kalau kita bisa mengartikan jodoh ini lah yang di bilang jodoh cantik lahir batin tapi kl ga jodoh perpisahanlah yang terbaik;kalau kita bisa mengartikan jodoh ini lah yang di bilang jodoh cantik lahir batin tapi kl ga jodoh perpisahanlah yang terbaik;kalau bisa arti jodoh lah di bilang jodoh cantik lahir batin kl ga jodoh pisah baik
345;345;1;Pingkan ni suaranya enak banget.. bindeng2 gimana gt.. berciri khas.. ibarat gw merem denger suaranya gw udh langsung tauk;pingkan ni suaranya enak banget bindeng gimana gt berciri khas ibarat gw merem denger suaranya gw udh langsung tauk;['pingkan', 'ni', 'suaranya', 'enak', 'banget', 'bindeng', 'gimana', 'gt', 'berciri', 'khas', 'ibarat', 'gw', 'merem', 'denger', 'suaranya', 'gw', 'udh', 'langsung', 'tauk'];['pingkan', 'ni', 'suaranya', 'enak', 'banget', 'bindeng', 'gimana', 'gt', 'berciri', 'khas', 'ibarat', 'gw', 'merem', 'denger', 'suaranya', 'gw', 'udh', 'langsung', 'tauk'];pingkan ni suaranya enak banget bindeng gimana gt berciri khas ibarat gw merem denger suaranya gw udh langsung tauk;pingkan ni suaranya enak banget bindeng gimana gt berciri khas ibarat gw merem denger suaranya gw udh langsung tauk;pingkan ni suara enak banget bindeng gimana gt cir khas ibarat gw merem denger suara gw udh langsung tauk
346;346;1;Hatinya terbuat dari apa ya .. Mbaa gigi yang berhati luarbiasanya ajah sampe di benci .. Cobaa sebutin heternya mbaa kesalahan apa yang mba gigi lakukan :'( duhh aku ajah jadi sukak sama sifatnyaaaaaaaaaaa;hatinya terbuat dari apa ya mbaa gigi yang berhati luarbiasanya ajah sampe di benci cobaa sebutin heternya mbaa kesalahan apa yang mba gigi lakukan duhh aku ajah jadi sukak sama sifatnyaaaaaaaaaaa;['hatinya', 'terbuat', 'dari', 'apa', 'ya', 'mbaa', 'gigi', 'yang', 'berhati', 'luarbiasanya', 'ajah', 'sampe', 'di', 'benci', 'cobaa', 'sebutin', 'heternya', 'mbaa', 'kesalahan', 'apa', 'yang', 'mba', 'gigi', 'lakukan', 'duhh', 'aku', 'ajah', 'jadi', 'sukak', 'sama', 'sifatnyaaaaaaaaaaa'];['hatinya', 'terbuat', 'dari', 'apa', 'ya', 'mbaa', 'gigi', 'yang', 'berhati', 'luarbiasanya', 'ajah', 'sampe', 'di', 'benci', 'cobaa', 'sebutin', 'heternya', 'mbaa', 'kesalahan', 'apa', 'yang', 'mba', 'gigi', 'lakukan', 'duhh', 'aku', 'ajah', 'jadi', 'sukak', 'sama', 'sifatnyaaaaaaaaaaa'];hatinya terbuat dari apa ya mbaa gigi yang berhati luarbiasanya ajah sampe di benci cobaa sebutin heternya mbaa kesalahan apa yang mba gigi lakukan duhh aku ajah jadi sukak sama sifatnyaaaaaaaaaaa;hatinya terbuat dari apa ya mbaa gigi yang berhati luarbiasanya ajah sampe di benci cobaa sebutin heternya mbaa kesalahan apa yang mba gigi lakukan duhh aku ajah jadi sukak sama sifatnyaaaaaaaaaaa;hati buat apa mbaa gigi hati luarbiasanya ajah sampe benci cobaa sebutin heternya mbaa salah apa mba gigi laku duhh aku ajah jadi sukak sama sifatnyaaaaaaaaaaa
347;347;1;Suka banget banget nih sama ni artis, gak neko neko, ternyata masih lahiran 1996 ??????;suka banget banget nih sama ni artis gak neko neko ternyata masih lahiran  ;['suka', 'banget', 'banget', 'nih', 'sama', 'ni', 'artis', 'gak', 'neko', 'neko', 'ternyata', 'masih', 'lahiran'];['suka', 'banget', 'banget', 'nih', 'sama', 'ni', 'artis', 'gak', 'neko', 'neko', 'ternyata', 'masih', 'lahiran'];suka banget banget nih sama ni artis gak neko neko ternyata masih lahiran;suka banget banget nih sama ni artis gak neko neko ternyata masih lahiran;suka banget banget nih sama ni artis gak neko neko nyata lahir
348;348;1;"alhamdulillahhh... ada juga yang ngepost ayangnya Ibel.... biarin deh damai seisi dunia.... masing2 sdh punya pasangan, jadi engga ada lg yang bilang Ibel PHO.... Happy b""day Ibel";alhamdulillahhh ada juga yang ngepost ayangnya ibel biarin deh damai seisi dunia masing sdh punya pasangan jadi engga ada lg yang bilang ibel pho happy day ibel;['alhamdulillahhh', 'ada', 'juga', 'yang', 'ngepost', 'ayangnya', 'ibel', 'biarin', 'deh', 'damai', 'seisi', 'dunia', 'masing', 'sdh', 'punya', 'pasangan', 'jadi', 'engga', 'ada', 'lg', 'yang', 'bilang', 'ibel', 'pho', 'happy', 'day', 'ibel'];['alhamdulillahhh', 'ada', 'juga', 'yang', 'ngepost', 'ayangnya', 'ibel', 'biarin', 'deh', 'damai', 'seisi', 'dunia', 'masing', 'sdh', 'punya', 'pasangan', 'jadi', 'engga', 'ada', 'lg', 'yang', 'bilang', 'ibel', 'pho', 'happy', 'day', 'ibel'];alhamdulillahhh ada juga yang ngepost ayangnya ibel biarin deh damai seisi dunia masing sdh punya pasangan jadi engga ada lg yang bilang ibel pho happy day ibel;alhamdulillahhh ada juga yang ngepost ayangnya ibel biarin deh damai seisi dunia masing sdh punya pasangan jadi engga ada lg yang bilang ibel pho happy day ibel;alhamdulillahhh juga ngepost ayangnya ibel biarin deh damai isi dunia masing sdh punya pasang jadi engga lg bilang ibel pho happy day ibel
349;349;1;Ini kakaknya murid2ku waktu msh ngajar di sekolah internasional mihil. Anaknya cantik2 dan si ibu dan bpk ramah dan baik bngt. Seluruh sepupunya di sekolah yg sama, yg uang masuknya aja 70 jtan lbh/siswa. G tau skrg brp.;ini kakaknya muridku waktu msh ngajar di sekolah internasional mihil anaknya cantik dan si ibu dan bpk ramah dan baik bngt seluruh sepupunya di sekolah yg sama yg uang masuknya aja   jtan lbhsiswa tau skrg brp;['ini', 'kakaknya', 'muridku', 'waktu', 'msh', 'ngajar', 'di', 'sekolah', 'internasional', 'mihil', 'anaknya', 'cantik', 'dan', 'si', 'ibu', 'dan', 'bpk', 'ramah', 'dan', 'baik', 'bngt', 'seluruh', 'sepupunya', 'di', 'sekolah', 'yg', 'sama', 'yg', 'uang', 'masuknya', 'aja', 'jtan', 'lbhsiswa', 'tau', 'skrg', 'brp'];['ini', 'kakaknya', 'muridku', 'waktu', 'msh', 'ngajar', 'di', 'sekolah', 'internasional', 'mihil', 'anaknya', 'cantik', 'dan', 'si', 'ibu', 'dan', 'bpk', 'ramah', 'dan', 'baik', 'bngt', 'seluruh', 'sepupunya', 'di', 'sekolah', 'yg', 'sama', 'yg', 'uang', 'masuknya', 'aja', 'jtan', 'lbhsiswa', 'tau', 'skrg', 'brp'];ini kakaknya muridku waktu msh ngajar di sekolah internasional mihil anaknya cantik dan si ibu dan bpk ramah dan baik bngt seluruh sepupunya di sekolah yg sama yg uang masuknya aja jtan lbhsiswa tau skrg brp;ini kakaknya muridku waktu msh ngajar di sekolah internasional mihil anaknya cantik dan si ibu dan bpk ramah dan baik bngt seluruh sepupunya di sekolah yg sama yg uang masuknya aja jtan lbhsiswa tau skrg brp;kakak murid waktu msh ngajar sekolah internasional mihil anak cantik si ibu bpk ramah baik bngt seluruh sepupu sekolah sama uang masuk aja jtan lbhsiswa tau skrg brp
350;350;1; <USERNAME> justru karena ka bella sholehah, punya penghasilan sendiri, dan cantik jadi Allah mau kasih jodoh yang lebih baik lagi..;username justru karena ka bella sholehah punya penghasilan sendiri dan cantik jadi allah mau kasih jodoh yang lebih baik lagi;['username', 'justru', 'karena', 'ka', 'bella', 'sholehah', 'punya', 'penghasilan', 'sendiri', 'dan', 'cantik', 'jadi', 'allah', 'mau', 'kasih', 'jodoh', 'yang', 'lebih', 'baik', 'lagi'];['username', 'justru', 'karena', 'ka', 'bella', 'sholehah', 'punya', 'penghasilan', 'sendiri', 'dan', 'cantik', 'jadi', 'allah', 'mau', 'kasih', 'jodoh', 'yang', 'lebih', 'baik', 'lagi'];username justru karena ka bella sholehah punya penghasilan sendiri dan cantik jadi allah mau kasih jodoh yang lebih baik lagi;username justru karena ka bella sholehah punya penghasilan sendiri dan cantik jadi allah mau kasih jodoh yang lebih baik lagi;username justru ka bella sholehah punya hasil sendiri cantik jadi allah mau kasih jodoh lebih baik
351;351;1;Mbak bela, nikahnya berdasarkan atas dasar agama mbak yg diutamakan ya. Biar laki2nya dpt yg baik. Saya yakin banyak laki2 yg baik dan kaya raya yg mau nikahin mbak;mbak bela nikahnya berdasarkan atas dasar agama mbak yg diutamakan ya biar lakinya dpt yg baik saya yakin banyak laki yg baik dan kaya raya yg mau nikahin mbak;['mbak', 'bela', 'nikahnya', 'berdasarkan', 'atas', 'dasar', 'agama', 'mbak', 'yg', 'diutamakan', 'ya', 'biar', 'lakinya', 'dpt', 'yg', 'baik', 'saya', 'yakin', 'banyak', 'laki', 'yg', 'baik', 'dan', 'kaya', 'raya', 'yg', 'mau', 'nikahin', 'mbak'];['mbak', 'bela', 'nikahnya', 'berdasarkan', 'atas', 'dasar', 'agama', 'mbak', 'yg', 'diutamakan', 'ya', 'biar', 'lakinya', 'dpt', 'yg', 'baik', 'saya', 'yakin', 'banyak', 'laki', 'yg', 'baik', 'dan', 'kaya', 'raya', 'yg', 'mau', 'nikahin', 'mbak'];mbak bela nikahnya berdasarkan atas dasar agama mbak yg diutamakan ya biar lakinya dpt yg baik saya yakin banyak laki yg baik dan kaya raya yg mau nikahin mbak;mbak bela nikahnya berdasarkan atas dasar agama mbak yg diutamakan ya biar lakinya dpt yg baik saya yakin banyak laki yg baik dan kaya raya yg mau nikahin mbak;mbak bela nikah dasar atas dasar agama mbak utama biar laki dpt baik yakin banyak laki baik kaya raya mau nikahin mbak
352;352;1;Duh geulis kitu ditinggal sama yg 'itu' duuuhhhh hahaha jodohnya pasti Allah kasih yg lebih baik Teeeh ??;duh geulis kitu ditinggal sama yg itu duuuhhhh hahaha jodohnya pasti allah kasih yg lebih baik teeeh;['duh', 'geulis', 'kitu', 'ditinggal', 'sama', 'yg', 'itu', 'duuuhhhh', 'hahaha', 'jodohnya', 'pasti', 'allah', 'kasih', 'yg', 'lebih', 'baik', 'teeeh'];['duh', 'geulis', 'kitu', 'ditinggal', 'sama', 'yg', 'itu', 'duuuhhhh', 'hahaha', 'jodohnya', 'pasti', 'allah', 'kasih', 'yg', 'lebih', 'baik', 'teeeh'];duh geulis kitu ditinggal sama yg itu duuuhhhh hahaha jodohnya pasti allah kasih yg lebih baik teeeh;duh geulis kitu ditinggal sama yg itu duuuhhhh hahaha jodohnya pasti allah kasih yg lebih baik teeeh;duh geulis kitu tinggal sama itu duuuhhhh hahaha jodoh allah kasih lebih baik teeeh
353;353;1;Bu Ameeel.... udah lama ga ke bank,kangen bu Amel yg cantik,ramah,baik ama kangen tentengannya hihiii ????. Nanya si mba bu Amelnya pindah rumah dan lg hamil. Sehat2 yaa bu Amel,salam buat Annabel;bu ameeel udah lama ga ke bank kangen bu amel yg cantik ramah baik ama kangen tentengannya hihiii nanya si mba bu amelnya pindah rumah dan lg hamil sehat yaa bu amel salam buat annabel;['bu', 'ameeel', 'udah', 'lama', 'ga', 'ke', 'bank', 'kangen', 'bu', 'amel', 'yg', 'cantik', 'ramah', 'baik', 'ama', 'kangen', 'tentengannya', 'hihiii', 'nanya', 'si', 'mba', 'bu', 'amelnya', 'pindah', 'rumah', 'dan', 'lg', 'hamil', 'sehat', 'yaa', 'bu', 'amel', 'salam', 'buat', 'annabel'];['bu', 'ameeel', 'udah', 'lama', 'ga', 'ke', 'bank', 'kangen', 'bu', 'amel', 'yg', 'cantik', 'ramah', 'baik', 'ama', 'kangen', 'tentengannya', 'hihiii', 'nanya', 'si', 'mba', 'bu', 'amelnya', 'pindah', 'rumah', 'dan', 'lg', 'hamil', 'sehat', 'yaa', 'bu', 'amel', 'salam', 'buat', 'annabel'];bu ameeel udah lama ga ke bank kangen bu amel yg cantik ramah baik ama kangen tentengannya hihiii nanya si mba bu amelnya pindah rumah dan lg hamil sehat yaa bu amel salam buat annabel;bu ameeel udah lama ga ke bank kangen bu amel yg cantik ramah baik ama kangen tentengannya hihiii nanya si mba bu amelnya pindah rumah dan lg hamil sehat yaa bu amel salam buat annabel;bu ameeel udah lama ga bank kangen bu amel cantik ramah baik ama kangen tenteng hihiii nanya si mba bu amelnya pindah rumah lg hamil sehat yaa bu amel salam buat annabel
354;354;1;Ambil positifnya aja mbak toh oma nani yang menjalankan, mau mbak bilang gimana nggak mungkin kan oma langsung cerai karena itu udah pilihan hidup dia gimana jadi lebih baik didoakan semoga langgeng karena menikah juga ibadah heheu  <USERNAME>;ambil positifnya aja mbak toh oma nani yang menjalankan mau mbak bilang gimana nggak mungkin kan oma langsung cerai karena itu udah pilihan hidup dia gimana jadi lebih baik didoakan semoga langgeng karena menikah juga ibadah heheu username;['ambil', 'positifnya', 'aja', 'mbak', 'toh', 'oma', 'nani', 'yang', 'menjalankan', 'mau', 'mbak', 'bilang', 'gimana', 'nggak', 'mungkin', 'kan', 'oma', 'langsung', 'cerai', 'karena', 'itu', 'udah', 'pilihan', 'hidup', 'dia', 'gimana', 'jadi', 'lebih', 'baik', 'didoakan', 'semoga', 'langgeng', 'karena', 'menikah', 'juga', 'ibadah', 'heheu', 'username'];['ambil', 'positifnya', 'aja', 'mbak', 'toh', 'oma', 'nani', 'yang', 'menjalankan', 'mau', 'mbak', 'bilang', 'gimana', 'nggak', 'mungkin', 'kan', 'oma', 'langsung', 'cerai', 'karena', 'itu', 'udah', 'pilihan', 'hidup', 'dia', 'gimana', 'jadi', 'lebih', 'baik', 'didoakan', 'semoga', 'langgeng', 'karena', 'menikah', 'juga', 'ibadah', 'heheu', 'username'];ambil positifnya aja mbak toh oma nani yang menjalankan mau mbak bilang gimana nggak mungkin kan oma langsung cerai karena itu udah pilihan hidup dia gimana jadi lebih baik didoakan semoga langgeng karena menikah juga ibadah heheu username;ambil positifnya aja mbak toh oma nani yang menjalankan mau mbak bilang gimana nggak mungkin kan oma langsung cerai karena itu udah pilihan hidup dia gimana jadi lebih baik didoakan semoga langgeng karena menikah juga ibadah heheu username;ambil positif aja mbak oma nan jalan mau mbak bilang gimana mungkin kan oma langsung cerai itu udah pilih hidup gimana jadi lebih baik doa moga langgeng meni ibadah heheu username
355;355;1;Alesha arti namanya : Yang dilindungi Allah....aamiin yra, ya nak....;alesha arti namanya yang dilindungi allah aamiin yra ya nak;['alesha', 'arti', 'namanya', 'yang', 'dilindungi', 'allah', 'aamiin', 'yra', 'ya', 'nak'];['alesha', 'arti', 'namanya', 'yang', 'dilindungi', 'allah', 'aamiin', 'yra', 'ya', 'nak'];alesha arti namanya yang dilindungi allah aamiin yra ya nak;alesha arti namanya yang dilindungi allah aamiin yra ya nak;alesha arti nama lindung allah aamiin yra nak
356;356;1;Semoga anak nya bsok pas bangun langsung jd dewasa biar bisa bakal jodoh saya???? pasti gedenya ntar sama cakep kek kakaknya Fahri..;semoga anak nya bsok pas bangun langsung jd dewasa biar bisa bakal jodoh saya pasti gedenya ntar sama cakep kek kakaknya fahri;['semoga', 'anak', 'nya', 'bsok', 'pas', 'bangun', 'langsung', 'jd', 'dewasa', 'biar', 'bisa', 'bakal', 'jodoh', 'saya', 'pasti', 'gedenya', 'ntar', 'sama', 'cakep', 'kek', 'kakaknya', 'fahri'];['semoga', 'anak', 'nya', 'bsok', 'pas', 'bangun', 'langsung', 'jd', 'dewasa', 'biar', 'bisa', 'bakal', 'jodoh', 'saya', 'pasti', 'gedenya', 'ntar', 'sama', 'cakep', 'kek', 'kakaknya', 'fahri'];semoga anak nya bsok pas bangun langsung jd dewasa biar bisa bakal jodoh saya pasti gedenya ntar sama cakep kek kakaknya fahri;semoga anak nya bsok pas bangun langsung jd dewasa biar bisa bakal jodoh saya pasti gedenya ntar sama cakep kek kakaknya fahri;moga anak bsok pas bangun langsung jd dewasa biar bakal jodoh pasti gede ntar sama cakep kek kakak fahri
357;357;1;min mnta doanya jg buat saya mudahan dilancarkan dan selamat saat melahirkan bulan mei ini. Aamiin;min mnta doanya jg buat saya mudahan dilancarkan dan selamat saat melahirkan bulan mei ini aamiin;['min', 'mnta', 'doanya', 'jg', 'buat', 'saya', 'mudahan', 'dilancarkan', 'dan', 'selamat', 'saat', 'melahirkan', 'bulan', 'mei', 'ini', 'aamiin'];['min', 'mnta', 'doanya', 'jg', 'buat', 'saya', 'mudahan', 'dilancarkan', 'dan', 'selamat', 'saat', 'melahirkan', 'bulan', 'mei', 'ini', 'aamiin'];min mnta doanya jg buat saya mudahan dilancarkan dan selamat saat melahirkan bulan mei ini aamiin;min mnta doanya jg buat saya mudahan dilancarkan dan selamat saat melahirkan bulan mei ini aamiin;min mnta doa jg buat mudah lancar selamat lahir bulan mei aamiin
358;358;1;Waaah.... Hamil Malah makin cantik, cew kali yeee debay nya.... ??;waaah hamil malah makin cantik cew kali yeee debay nya;['waaah', 'hamil', 'malah', 'makin', 'cantik', 'cew', 'kali', 'yeee', 'debay', 'nya'];['waaah', 'hamil', 'malah', 'makin', 'cantik', 'cew', 'kali', 'yeee', 'debay', 'nya'];waaah hamil malah makin cantik cew kali yeee debay nya;waaah hamil malah makin cantik cew kali yeee debay nya;waaah hamil malah makin cantik cew kali yeee debay
359;359;1;mba acha cantik banget banget banget !! buat calon ibu yg blm d kasih momongan sm Allah smoga di segerakan ya ??;mba acha cantik banget banget banget buat calon ibu yg blm kasih momongan sm allah smoga di segerakan ya;['mba', 'acha', 'cantik', 'banget', 'banget', 'banget', 'buat', 'calon', 'ibu', 'yg', 'blm', 'kasih', 'momongan', 'sm', 'allah', 'smoga', 'di', 'segerakan', 'ya'];['mba', 'acha', 'cantik', 'banget', 'banget', 'banget', 'buat', 'calon', 'ibu', 'yg', 'blm', 'kasih', 'momongan', 'sm', 'allah', 'smoga', 'di', 'segerakan', 'ya'];mba acha cantik banget banget banget buat calon ibu yg blm kasih momongan sm allah smoga di segerakan ya;mba acha cantik banget banget banget buat calon ibu yg blm kasih momongan sm allah smoga di segerakan ya;mba acha cantik banget banget banget buat calon ibu blm kasih momong sm allah smoga segera
360;360;1;Gemulai'nya Momo,, Bak Putri keraton Jawa,,, semoga bersatu selama'nya dan cuma Maut yg memisah'kan,, Gbu...;gemulainya momo bak putri keraton jawa semoga bersatu selamanya dan cuma maut yg memisahkan gbu;['gemulainya', 'momo', 'bak', 'putri', 'keraton', 'jawa', 'semoga', 'bersatu', 'selamanya', 'dan', 'cuma', 'maut', 'yg', 'memisahkan', 'gbu'];['gemulainya', 'momo', 'bak', 'putri', 'keraton', 'jawa', 'semoga', 'bersatu', 'selamanya', 'dan', 'cuma', 'maut', 'yg', 'memisahkan', 'gbu'];gemulainya momo bak putri keraton jawa semoga bersatu selamanya dan cuma maut yg memisahkan gbu;gemulainya momo bak putri keraton jawa semoga bersatu selamanya dan cuma maut yg memisahkan gbu;gemulai momo bak putri keraton jawa moga satu lama cuma maut pisah gbu
361;361;1;Berasa kaya mau manggung kk  <USERNAME> ?? semoga lancar dan cepat punya momongan biar Ada Princess Kecil MoMo atau gak prince ??;berasa kaya mau manggung kk username semoga lancar dan cepat punya momongan biar ada princess kecil momo atau gak prince;['berasa', 'kaya', 'mau', 'manggung', 'kk', 'username', 'semoga', 'lancar', 'dan', 'cepat', 'punya', 'momongan', 'biar', 'ada', 'princess', 'kecil', 'momo', 'atau', 'gak', 'prince'];['berasa', 'kaya', 'mau', 'manggung', 'kk', 'username', 'semoga', 'lancar', 'dan', 'cepat', 'punya', 'momongan', 'biar', 'ada', 'princess', 'kecil', 'momo', 'atau', 'gak', 'prince'];berasa kaya mau manggung kk username semoga lancar dan cepat punya momongan biar ada princess kecil momo atau gak prince;berasa kaya mau manggung kk username semoga lancar dan cepat punya momongan biar ada princess kecil momo atau gak prince;asa kaya mau manggung kk username moga lancar cepat punya momong biar princess kecil momo gak prince
362;362;1;waaahhh sm dokter sigit ya, ini dokter the best banget, baik banget, humble orgnya, recomend banget buat yg mau program dan kehamilan ??;waaahhh sm dokter sigit ya ini dokter the best banget baik banget humble orgnya recomend banget buat yg mau program dan kehamilan;['waaahhh', 'sm', 'dokter', 'sigit', 'ya', 'ini', 'dokter', 'the', 'best', 'banget', 'baik', 'banget', 'humble', 'orgnya', 'recomend', 'banget', 'buat', 'yg', 'mau', 'program', 'dan', 'kehamilan'];['waaahhh', 'sm', 'dokter', 'sigit', 'ya', 'ini', 'dokter', 'the', 'best', 'banget', 'baik', 'banget', 'humble', 'orgnya', 'recomend', 'banget', 'buat', 'yg', 'mau', 'program', 'dan', 'kehamilan'];waaahhh sm dokter sigit ya ini dokter the best banget baik banget humble orgnya recomend banget buat yg mau program dan kehamilan;waaahhh sm dokter sigit ya ini dokter the best banget baik banget humble orgnya recomend banget buat yg mau program dan kehamilan;waaahhh sm dokter sigit ini dokter the best banget baik banget humble orgnya recomend banget buat mau program hamil
363;363;1;Ashanti bunda the best, Slalu belain/support anaknya. Mskipun bkn ank kndung??;ashanti bunda the best slalu belainsupport anaknya mskipun bkn ank kndung;['ashanti', 'bunda', 'the', 'best', 'slalu', 'belainsupport', 'anaknya', 'mskipun', 'bkn', 'ank', 'kndung'];['ashanti', 'bunda', 'the', 'best', 'slalu', 'belainsupport', 'anaknya', 'mskipun', 'bkn', 'ank', 'kndung'];ashanti bunda the best slalu belainsupport anaknya mskipun bkn ank kndung;ashanti bunda the best slalu belainsupport anaknya mskipun bkn ank kndung;ashanti bunda the best slalu belainsupport anak mskipun bkn ank kndung
364;364;1;Smua orng berhak untuk melakukan apapun yg mereka suka.. Asal g mrugikan dirinya ataupun ornglain.. Mau aurel dandan berlebihan atau natural itu hak dia.. Apalagi aurel pinter banget dandannya.. Kliatan cantiiik banget.. ????;smua orng berhak untuk melakukan apapun yg mereka suka asal mrugikan dirinya ataupun ornglain mau aurel dandan berlebihan atau natural itu hak dia apalagi aurel pinter banget dandannya kliatan cantiiik banget;['smua', 'orng', 'berhak', 'untuk', 'melakukan', 'apapun', 'yg', 'mereka', 'suka', 'asal', 'mrugikan', 'dirinya', 'ataupun', 'ornglain', 'mau', 'aurel', 'dandan', 'berlebihan', 'atau', 'natural', 'itu', 'hak', 'dia', 'apalagi', 'aurel', 'pinter', 'banget', 'dandannya', 'kliatan', 'cantiiik', 'banget'];['smua', 'orng', 'berhak', 'untuk', 'melakukan', 'apapun', 'yg', 'mereka', 'suka', 'asal', 'mrugikan', 'dirinya', 'ataupun', 'ornglain', 'mau', 'aurel', 'dandan', 'berlebihan', 'atau', 'natural', 'itu', 'hak', 'dia', 'apalagi', 'aurel', 'pinter', 'banget', 'dandannya', 'kliatan', 'cantiiik', 'banget'];smua orng berhak untuk melakukan apapun yg mereka suka asal mrugikan dirinya ataupun ornglain mau aurel dandan berlebihan atau natural itu hak dia apalagi aurel pinter banget dandannya kliatan cantiiik banget;smua orng berhak untuk melakukan apapun yg mereka suka asal mrugikan dirinya ataupun ornglain mau aurel dandan berlebihan atau natural itu hak dia apalagi aurel pinter banget dandannya kliatan cantiiik banget;smua orng hak laku apa mereka suka asal mrugikan diri atau ornglain mau aurel dandan lebih natural hak apalagi aurel pinter banget dandan kliatan cantiiik banget
365;365;1;Beruntung si aurel dpt ibu sambung kaya ashanti .  <USERNAME>;beruntung si aurel dpt ibu sambung kaya ashanti username;['beruntung', 'si', 'aurel', 'dpt', 'ibu', 'sambung', 'kaya', 'ashanti', 'username'];['beruntung', 'si', 'aurel', 'dpt', 'ibu', 'sambung', 'kaya', 'ashanti', 'username'];beruntung si aurel dpt ibu sambung kaya ashanti username;beruntung si aurel dpt ibu sambung kaya ashanti username;untung si aurel dpt ibu sambung kaya ashanti username
366;366;1;salut ma bunda  <USERNAME> .. mskipun ibu sambung.. tpi sellu jdi org yg plingbdpan mmbela aurel n azriel dri pra hatters..;salut ma bunda username mskipun ibu sambung tpi sellu jdi org yg plingbdpan mmbela aurel azriel dri pra hatters;['salut', 'ma', 'bunda', 'username', 'mskipun', 'ibu', 'sambung', 'tpi', 'sellu', 'jdi', 'org', 'yg', 'plingbdpan', 'mmbela', 'aurel', 'azriel', 'dri', 'pra', 'hatters'];['salut', 'ma', 'bunda', 'username', 'mskipun', 'ibu', 'sambung', 'tpi', 'sellu', 'jdi', 'org', 'yg', 'plingbdpan', 'mmbela', 'aurel', 'azriel', 'dri', 'pra', 'hatters'];salut ma bunda username mskipun ibu sambung tpi sellu jdi org yg plingbdpan mmbela aurel azriel dri pra hatters;salut ma bunda username mskipun ibu sambung tpi sellu jdi org yg plingbdpan mmbela aurel azriel dri pra hatters;salut ma bunda username mskipun ibu sambung tpi sellu jdi org plingbdpan mmbela aurel azriel dri pra hatters
367;367;1;Keren ya ashanty segitu sayangnya sama anak nya(padahal bukan anak kandung), yang ibu kandung aja blm tentu begitu. Ini orang hatinya kek bidadari di tv tv. Beruntung banget itu aurel azriel punya ibu tiri macam dia;keren ya ashanty segitu sayangnya sama anak nya padahal bukan anak kandung yang ibu kandung aja blm tentu begitu ini orang hatinya kek bidadari di tv tv beruntung banget itu aurel azriel punya ibu tiri macam dia;['keren', 'ya', 'ashanty', 'segitu', 'sayangnya', 'sama', 'anak', 'nya', 'padahal', 'bukan', 'anak', 'kandung', 'yang', 'ibu', 'kandung', 'aja', 'blm', 'tentu', 'begitu', 'ini', 'orang', 'hatinya', 'kek', 'bidadari', 'di', 'tv', 'tv', 'beruntung', 'banget', 'itu', 'aurel', 'azriel', 'punya', 'ibu', 'tiri', 'macam', 'dia'];['keren', 'ya', 'ashanty', 'segitu', 'sayangnya', 'sama', 'anak', 'nya', 'padahal', 'bukan', 'anak', 'kandung', 'yang', 'ibu', 'kandung', 'aja', 'blm', 'tentu', 'begitu', 'ini', 'orang', 'hatinya', 'kek', 'bidadari', 'di', 'tv', 'tv', 'beruntung', 'banget', 'itu', 'aurel', 'azriel', 'punya', 'ibu', 'tiri', 'macam', 'dia'];keren ya ashanty segitu sayangnya sama anak nya padahal bukan anak kandung yang ibu kandung aja blm tentu begitu ini orang hatinya kek bidadari di tv tv beruntung banget itu aurel azriel punya ibu tiri macam dia;keren ya ashanty segitu sayangnya sama anak nya padahal bukan anak kandung yang ibu kandung aja blm tentu begitu ini orang hatinya kek bidadari di tv tv beruntung banget itu aurel azriel punya ibu tiri macam dia;keren ashanty segitu sayang sama anak padahal bukan anak kandung ibu kandung aja blm begitu orang hati kek bidadari tv tv untung banget aurel azriel punya ibu tiri macam
368;368;1;"Salut buat Bunda  <USERNAME> slalu yg trdpan melindungi ank""yh...mngalahin ibu kandung sndri yg cma Diam ajj...bt aurel pa yg slah pd dya jga Manusia ciptaan Allah klau pun Dya lbh sgla yh dri yg suka nyinyiir mslh pnampilan brarti dh nasib tuuh orang g bsa sprti Aurel yg lbh baek n bgs dri yg nyinyiiir..";salut buat bunda username slalu yg trdpan melindungi ankyh mngalahin ibu kandung sndri yg cma diam ajj bt aurel pa yg slah pd dya jga manusia ciptaan allah klau pun dya lbh sgla yh dri yg suka nyinyiir mslh pnampilan brarti dh nasib tuuh orang bsa sprti aurel yg lbh baek bgs dri yg nyinyiiir;['salut', 'buat', 'bunda', 'username', 'slalu', 'yg', 'trdpan', 'melindungi', 'ankyh', 'mngalahin', 'ibu', 'kandung', 'sndri', 'yg', 'cma', 'diam', 'ajj', 'bt', 'aurel', 'pa', 'yg', 'slah', 'pd', 'dya', 'jga', 'manusia', 'ciptaan', 'allah', 'klau', 'pun', 'dya', 'lbh', 'sgla', 'yh', 'dri', 'yg', 'suka', 'nyinyiir', 'mslh', 'pnampilan', 'brarti', 'dh', 'nasib', 'tuuh', 'orang', 'bsa', 'sprti', 'aurel', 'yg', 'lbh', 'baek', 'bgs', 'dri', 'yg', 'nyinyiiir'];['salut', 'buat', 'bunda', 'username', 'slalu', 'yg', 'trdpan', 'melindungi', 'ankyh', 'mngalahin', 'ibu', 'kandung', 'sndri', 'yg', 'cma', 'diam', 'ajj', 'bt', 'aurel', 'pa', 'yg', 'slah', 'pd', 'dya', 'jga', 'manusia', 'ciptaan', 'allah', 'klau', 'pun', 'dya', 'lbh', 'sgla', 'yh', 'dri', 'yg', 'suka', 'nyinyiir', 'mslh', 'pnampilan', 'brarti', 'dh', 'nasib', 'tuuh', 'orang', 'bsa', 'sprti', 'aurel', 'yg', 'lbh', 'baek', 'bgs', 'dri', 'yg', 'nyinyiiir'];salut buat bunda username slalu yg trdpan melindungi ankyh mngalahin ibu kandung sndri yg cma diam ajj bt aurel pa yg slah pd dya jga manusia ciptaan allah klau pun dya lbh sgla yh dri yg suka nyinyiir mslh pnampilan brarti dh nasib tuuh orang bsa sprti aurel yg lbh baek bgs dri yg nyinyiiir;salut buat bunda username slalu yg trdpan melindungi ankyh mngalahin ibu kandung sndri yg cma diam ajj bt aurel pa yg slah pd dya jga manusia ciptaan allah klau pun dya lbh sgla yh dri yg suka nyinyiir mslh pnampilan brarti dh nasib tuuh orang bsa sprti aurel yg lbh baek bgs dri yg nyinyiiir;salut buat bunda username slalu trdpan lindung ankyh mngalahin ibu kandung sndri cma diam ajj bt aurel pa slah pd dya jga manusia cipta allah klau dya lbh sgla yh dri suka nyinyiir mslh pnampilan brarti dh nasib tuuh orang bsa sprti aurel lbh baek bgs dri nyinyiiir
369;369;1;Ibu tiri terhebat..... Ntr palingan klo dah 20an dia baru perawatan .skrg msh muda kasian klo di paksa perawatan .cm ya paling tutup mata tutup kuping skrg mah;ibu tiri terhebat ntr palingan klo dah   an dia baru perawatan skrg msh muda kasian klo di paksa perawatan cm ya paling tutup mata tutup kuping skrg mah;['ibu', 'tiri', 'terhebat', 'ntr', 'palingan', 'klo', 'dah', 'an', 'dia', 'baru', 'perawatan', 'skrg', 'msh', 'muda', 'kasian', 'klo', 'di', 'paksa', 'perawatan', 'cm', 'ya', 'paling', 'tutup', 'mata', 'tutup', 'kuping', 'skrg', 'mah'];['ibu', 'tiri', 'terhebat', 'ntr', 'palingan', 'klo', 'dah', 'an', 'dia', 'baru', 'perawatan', 'skrg', 'msh', 'muda', 'kasian', 'klo', 'di', 'paksa', 'perawatan', 'cm', 'ya', 'paling', 'tutup', 'mata', 'tutup', 'kuping', 'skrg', 'mah'];ibu tiri terhebat ntr palingan klo dah an dia baru perawatan skrg msh muda kasian klo di paksa perawatan cm ya paling tutup mata tutup kuping skrg mah;ibu tiri terhebat ntr palingan klo dah an dia baru perawatan skrg msh muda kasian klo di paksa perawatan cm ya paling tutup mata tutup kuping skrg mah;ibu tiri hebat ntr paling klo dah an baru awat skrg msh muda kasi klo paksa awat cm paling tutup mata tutup kuping skrg
370;370;1; <USERNAME> aurel itu cantik tau. Pernah liat asli nya kok. Org sirik itu yg menjelek jelekannya. Padahal muka sendiri belum tente lebih cantik dan muda daripada aurel. aurel difoto nampak putib bilangnya suntik putih, kelihatan hitam dibilang gk bisa ra;username aurel itu cantik tau pernah liat asli nya kok org sirik itu yg menjelek jelekannya padahal muka sendiri belum tente lebih cantik dan muda daripada aurel aurel difoto nampak putib bilangnya suntik putih kelihatan hitam dibilang gk bisa ra;['username', 'aurel', 'itu', 'cantik', 'tau', 'pernah', 'liat', 'asli', 'nya', 'kok', 'org', 'sirik', 'itu', 'yg', 'menjelek', 'jelekannya', 'padahal', 'muka', 'sendiri', 'belum', 'tente', 'lebih', 'cantik', 'dan', 'muda', 'daripada', 'aurel', 'aurel', 'difoto', 'nampak', 'putib', 'bilangnya', 'suntik', 'putih', 'kelihatan', 'hitam', 'dibilang', 'gk', 'bisa', 'ra'];['username', 'aurel', 'itu', 'cantik', 'tau', 'pernah', 'liat', 'asli', 'nya', 'kok', 'org', 'sirik', 'itu', 'yg', 'menjelek', 'jelekannya', 'padahal', 'muka', 'sendiri', 'belum', 'tente', 'lebih', 'cantik', 'dan', 'muda', 'daripada', 'aurel', 'aurel', 'difoto', 'nampak', 'putib', 'bilangnya', 'suntik', 'putih', 'kelihatan', 'hitam', 'dibilang', 'gk', 'bisa', 'ra'];username aurel itu cantik tau pernah liat asli nya kok org sirik itu yg menjelek jelekannya padahal muka sendiri belum tente lebih cantik dan muda daripada aurel aurel difoto nampak putib bilangnya suntik putih kelihatan hitam dibilang gk bisa ra;username aurel itu cantik tau pernah liat asli nya kok org sirik itu yg menjelek jelekannya padahal muka sendiri belum tente lebih cantik dan muda daripada aurel aurel difoto nampak putib bilangnya suntik putih kelihatan hitam dibilang gk bisa ra;username aurel cantik tau pernah liat asli kok org sirik yg jelek jelek padahal muka sendiri tente lebih cantik muda aurel aurel foto nampak putib bilang suntik putih lihat hitam bilang gk ra
371;371;1; <USERNAME> Astagfirullah... Mbak tolong ucapannya dijaga ya, ALLAH menciptakan manusia dengan sempurna, kok mbak ngomongnya kayak gitu. Aurel cantik kok, wajar manusia ada kekurangannya. Dan mbak Ashanti wajar belain anaknya, bukan caper ya mbak, sia;username astagfirullah mbak tolong ucapannya dijaga ya allah menciptakan manusia dengan sempurna kok mbak ngomongnya kayak gitu aurel cantik kok wajar manusia ada kekurangannya dan mbak ashanti wajar belain anaknya bukan caper ya mbak sia;['username', 'astagfirullah', 'mbak', 'tolong', 'ucapannya', 'dijaga', 'ya', 'allah', 'menciptakan', 'manusia', 'dengan', 'sempurna', 'kok', 'mbak', 'ngomongnya', 'kayak', 'gitu', 'aurel', 'cantik', 'kok', 'wajar', 'manusia', 'ada', 'kekurangannya', 'dan', 'mbak', 'ashanti', 'wajar', 'belain', 'anaknya', 'bukan', 'caper', 'ya', 'mbak', 'sia'];['username', 'astagfirullah', 'mbak', 'tolong', 'ucapannya', 'dijaga', 'ya', 'allah', 'menciptakan', 'manusia', 'dengan', 'sempurna', 'kok', 'mbak', 'ngomongnya', 'kayak', 'gitu', 'aurel', 'cantik', 'kok', 'wajar', 'manusia', 'ada', 'kekurangannya', 'dan', 'mbak', 'ashanti', 'wajar', 'belain', 'anaknya', 'bukan', 'caper', 'ya', 'mbak', 'sia'];username astagfirullah mbak tolong ucapannya dijaga ya allah menciptakan manusia dengan sempurna kok mbak ngomongnya kayak gitu aurel cantik kok wajar manusia ada kekurangannya dan mbak ashanti wajar belain anaknya bukan caper ya mbak sia;username astagfirullah mbak tolong ucapannya dijaga ya allah menciptakan manusia dengan sempurna kok mbak ngomongnya kayak gitu aurel cantik kok wajar manusia ada kekurangannya dan mbak ashanti wajar belain anaknya bukan caper ya mbak sia;username astagfirullah mbak ucap jaga allah cipta manusia sempurna kok mbak ngomongnya kayak gitu aurel cantik kok wajar manusia kurang mbak ashanti wajar bain anak bukan caper mbak sia
372;372;1;aurel itu perempuan hebat, ingat bgt kejadian zaman pipi mimi ny & dilihat didepan mata dia sendiri. Ga semua anak bs strong kyk dia. Yg nyinyir pasti iri krn aurel bs punya keluarga bahagia kyk skrg. Yg blg bundanya Ash lebay, mungkin blm punya anak. Hati2 sayang..km jg perempuan, nanti bakal jd ibu. Bayangin anakmu yg jd korban bully ??;aurel itu perempuan hebat ingat bgt kejadian zaman pipi mimi ny dilihat didepan mata dia sendiri ga semua anak bs strong kyk dia yg nyinyir pasti iri krn aurel bs punya keluarga bahagia kyk skrg yg blg bundanya ash lebay mungkin blm punya anak hati sayang km jg perempuan nanti bakal jd ibu bayangin anakmu yg jd korban bully;['aurel', 'itu', 'perempuan', 'hebat', 'ingat', 'bgt', 'kejadian', 'zaman', 'pipi', 'mimi', 'ny', 'dilihat', 'didepan', 'mata', 'dia', 'sendiri', 'ga', 'semua', 'anak', 'bs', 'strong', 'kyk', 'dia', 'yg', 'nyinyir', 'pasti', 'iri', 'krn', 'aurel', 'bs', 'punya', 'keluarga', 'bahagia', 'kyk', 'skrg', 'yg', 'blg', 'bundanya', 'ash', 'lebay', 'mungkin', 'blm', 'punya', 'anak', 'hati', 'sayang', 'km', 'jg', 'perempuan', 'nanti', 'bakal', 'jd', 'ibu', 'bayangin', 'anakmu', 'yg', 'jd', 'korban', 'bully'];['aurel', 'itu', 'perempuan', 'hebat', 'ingat', 'bgt', 'kejadian', 'zaman', 'pipi', 'mimi', 'ny', 'dilihat', 'didepan', 'mata', 'dia', 'sendiri', 'ga', 'semua', 'anak', 'bs', 'strong', 'kyk', 'dia', 'yg', 'nyinyir', 'pasti', 'iri', 'krn', 'aurel', 'bs', 'punya', 'keluarga', 'bahagia', 'kyk', 'skrg', 'yg', 'blg', 'bundanya', 'ash', 'lebay', 'mungkin', 'blm', 'punya', 'anak', 'hati', 'sayang', 'km', 'jg', 'perempuan', 'nanti', 'bakal', 'jd', 'ibu', 'bayangin', 'anakmu', 'yg', 'jd', 'korban', 'bully'];aurel itu perempuan hebat ingat bgt kejadian zaman pipi mimi ny dilihat didepan mata dia sendiri ga semua anak bs strong kyk dia yg nyinyir pasti iri krn aurel bs punya keluarga bahagia kyk skrg yg blg bundanya ash lebay mungkin blm punya anak hati sayang km jg perempuan nanti bakal jd ibu bayangin anakmu yg jd korban bully;aurel itu perempuan hebat ingat bgt kejadian zaman pipi mimi ny dilihat didepan mata dia sendiri ga semua anak bs strong kyk dia yg nyinyir pasti iri krn aurel bs punya keluarga bahagia kyk skrg yg blg bundanya ash lebay mungkin blm punya anak hati sayang km jg perempuan nanti bakal jd ibu bayangin anakmu yg jd korban bully;aurel perempuan hebat ingat bgt jadi zaman pipi mimi ny lihat depan mata sendiri ga semua anak bs strong kyk nyinyir iri krn aurel bs punya keluarga bahagia kyk skrg blg bunda ash lebay mungkin blm punya anak hati sayang km jg perempuan bakal jd ibu bayangin anak yg jd korban bully
373;373;1;Ganteng... Ini klo ga salah managernya.. semoga d lancarkan yaa..;ganteng ini klo ga salah managernya semoga lancarkan yaa;['ganteng', 'ini', 'klo', 'ga', 'salah', 'managernya', 'semoga', 'lancarkan', 'yaa'];['ganteng', 'ini', 'klo', 'ga', 'salah', 'managernya', 'semoga', 'lancarkan', 'yaa'];ganteng ini klo ga salah managernya semoga lancarkan yaa;ganteng ini klo ga salah managernya semoga lancarkan yaa;ganteng klo ga salah managernya moga lancar yaa
374;374;1;Mukanya mirip ,,,insya Allah jodoh dunia akhirat mbk  <USERNAME> amiiii;mukanya mirip insya allah jodoh dunia akhirat mbk username amiiii;['mukanya', 'mirip', 'insya', 'allah', 'jodoh', 'dunia', 'akhirat', 'mbk', 'username', 'amiiii'];['mukanya', 'mirip', 'insya', 'allah', 'jodoh', 'dunia', 'akhirat', 'mbk', 'username', 'amiiii'];mukanya mirip insya allah jodoh dunia akhirat mbk username amiiii;mukanya mirip insya allah jodoh dunia akhirat mbk username amiiii;muka mirip insya allah jodoh dunia akhirat mbk username amiiii
375;375;1;Cantik banggeett ya kak depe.. ???? gk keliatan loh klo dy pernah nikah.. seperti msh gadis wajah nya.. cantik ???????????? semoga lancar sampai hari H kak depe.. bahagia dunia akhirat aammiinnn ??;cantik banggeett ya kak depe gk keliatan loh klo dy pernah nikah seperti msh gadis wajah nya cantik semoga lancar sampai hari kak depe bahagia dunia akhirat aammiinnn;['cantik', 'banggeett', 'ya', 'kak', 'depe', 'gk', 'keliatan', 'loh', 'klo', 'dy', 'pernah', 'nikah', 'seperti', 'msh', 'gadis', 'wajah', 'nya', 'cantik', 'semoga', 'lancar', 'sampai', 'hari', 'kak', 'depe', 'bahagia', 'dunia', 'akhirat', 'aammiinnn'];['cantik', 'banggeett', 'ya', 'kak', 'depe', 'gk', 'keliatan', 'loh', 'klo', 'dy', 'pernah', 'nikah', 'seperti', 'msh', 'gadis', 'wajah', 'nya', 'cantik', 'semoga', 'lancar', 'sampai', 'hari', 'kak', 'depe', 'bahagia', 'dunia', 'akhirat', 'aammiinnn'];cantik banggeett ya kak depe gk keliatan loh klo dy pernah nikah seperti msh gadis wajah nya cantik semoga lancar sampai hari kak depe bahagia dunia akhirat aammiinnn;cantik banggeett ya kak depe gk keliatan loh klo dy pernah nikah seperti msh gadis wajah nya cantik semoga lancar sampai hari kak depe bahagia dunia akhirat aammiinnn;cantik banggeett kak depe gk liat klo dy pernah nikah msh gadis wajah cantik moga lancar hari kak depe bahagia dunia akhirat aammiinnn
376;376;1;Dadddd :( Semoga bisa dateng yaaa & untuk papa-papa diluar sana. Semoga sehat selalu & bisa menjadi saksi anak-anaknya saat menikah. AAMIIN!????;dadddd semoga bisa dateng yaaa untuk papa papa diluar sana semoga sehat selalu bisa menjadi saksi anak anaknya saat menikah aamiin;['dadddd', 'semoga', 'bisa', 'dateng', 'yaaa', 'untuk', 'papa', 'papa', 'diluar', 'sana', 'semoga', 'sehat', 'selalu', 'bisa', 'menjadi', 'saksi', 'anak', 'anaknya', 'saat', 'menikah', 'aamiin'];['dadddd', 'semoga', 'bisa', 'dateng', 'yaaa', 'untuk', 'papa', 'papa', 'diluar', 'sana', 'semoga', 'sehat', 'selalu', 'bisa', 'menjadi', 'saksi', 'anak', 'anaknya', 'saat', 'menikah', 'aamiin'];dadddd semoga bisa dateng yaaa untuk papa papa diluar sana semoga sehat selalu bisa menjadi saksi anak anaknya saat menikah aamiin;dadddd semoga bisa dateng yaaa untuk papa papa diluar sana semoga sehat selalu bisa menjadi saksi anak anaknya saat menikah aamiin;dadddd moga dateng yaaa papa papa luar sana moga sehat selalu jadi saksi anak anak meni aamiin
377;377;1;Semoga dilancarkan nikahnya dan ayahnya lekas ditemukan dalam keadaan sehat tanpa kurang suatu apapun :);semoga dilancarkan nikahnya dan ayahnya lekas ditemukan dalam keadaan sehat tanpa kurang suatu apapun;['semoga', 'dilancarkan', 'nikahnya', 'dan', 'ayahnya', 'lekas', 'ditemukan', 'dalam', 'keadaan', 'sehat', 'tanpa', 'kurang', 'suatu', 'apapun'];['semoga', 'dilancarkan', 'nikahnya', 'dan', 'ayahnya', 'lekas', 'ditemukan', 'dalam', 'keadaan', 'sehat', 'tanpa', 'kurang', 'suatu', 'apapun'];semoga dilancarkan nikahnya dan ayahnya lekas ditemukan dalam keadaan sehat tanpa kurang suatu apapun;semoga dilancarkan nikahnya dan ayahnya lekas ditemukan dalam keadaan sehat tanpa kurang suatu apapun;moga lancar nikah ayah lekas temu ada sehat kurang suatu apa
378;378;1;Semoga aja nikahannya lancar y mb. Jgn berlarut sedih kl bapak tirinya gak datang yg penting bapak kandung datang. Mungkin sj ada alasan anak kandung dari bapak tersebut melarang. Mungkin sj bapak itu udah balikan sama istri pertamanya. Dan kl sibapak datang itu berrti akan mengingatkan cerita lama. Mungkin yaa..;semoga aja nikahannya lancar mb jgn berlarut sedih kl bapak tirinya gak datang yg penting bapak kandung datang mungkin sj ada alasan anak kandung dari bapak tersebut melarang mungkin sj bapak itu udah balikan sama istri pertamanya dan kl sibapak datang itu berrti akan mengingatkan cerita lama mungkin yaa;['semoga', 'aja', 'nikahannya', 'lancar', 'mb', 'jgn', 'berlarut', 'sedih', 'kl', 'bapak', 'tirinya', 'gak', 'datang', 'yg', 'penting', 'bapak', 'kandung', 'datang', 'mungkin', 'sj', 'ada', 'alasan', 'anak', 'kandung', 'dari', 'bapak', 'tersebut', 'melarang', 'mungkin', 'sj', 'bapak', 'itu', 'udah', 'balikan', 'sama', 'istri', 'pertamanya', 'dan', 'kl', 'sibapak', 'datang', 'itu', 'berrti', 'akan', 'mengingatkan', 'cerita', 'lama', 'mungkin', 'yaa'];['semoga', 'aja', 'nikahannya', 'lancar', 'mb', 'jgn', 'berlarut', 'sedih', 'kl', 'bapak', 'tirinya', 'gak', 'datang', 'yg', 'penting', 'bapak', 'kandung', 'datang', 'mungkin', 'sj', 'ada', 'alasan', 'anak', 'kandung', 'dari', 'bapak', 'tersebut', 'melarang', 'mungkin', 'sj', 'bapak', 'itu', 'udah', 'balikan', 'sama', 'istri', 'pertamanya', 'dan', 'kl', 'sibapak', 'datang', 'itu', 'berrti', 'akan', 'mengingatkan', 'cerita', 'lama', 'mungkin', 'yaa'];semoga aja nikahannya lancar mb jgn berlarut sedih kl bapak tirinya gak datang yg penting bapak kandung datang mungkin sj ada alasan anak kandung dari bapak tersebut melarang mungkin sj bapak itu udah balikan sama istri pertamanya dan kl sibapak datang itu berrti akan mengingatkan cerita lama mungkin yaa;semoga aja nikahannya lancar mb jgn berlarut sedih kl bapak tirinya gak datang yg penting bapak kandung datang mungkin sj ada alasan anak kandung dari bapak tersebut melarang mungkin sj bapak itu udah balikan sama istri pertamanya dan kl sibapak datang itu berrti akan mengingatkan cerita lama mungkin yaa;moga aja nikah lancar mb jgn larut sedih kl bapak tiri gak datang penting bapak kandung datang mungkin sj alas anak kandung bapak sebut larang mungkin sj bapak udah balik sama istri pertama kl sibapak datang berrti ingat cerita lama mungkin yaa
379;379;1;Yea pak polisinya pinter hahahaha.. langsung belok, SIM nembak, gatau rambu2. Malah minta surat perintah yaelah lu pikir rumah lu mau digeledah ??;yea pak polisinya pinter hahahaha langsung belok sim nembak gatau rambu malah minta surat perintah yaelah lu pikir rumah lu mau digeledah;['yea', 'pak', 'polisinya', 'pinter', 'hahahaha', 'langsung', 'belok', 'sim', 'nembak', 'gatau', 'rambu', 'malah', 'minta', 'surat', 'perintah', 'yaelah', 'lu', 'pikir', 'rumah', 'lu', 'mau', 'digeledah'];['yea', 'pak', 'polisinya', 'pinter', 'hahahaha', 'langsung', 'belok', 'sim', 'nembak', 'gatau', 'rambu', 'malah', 'minta', 'surat', 'perintah', 'yaelah', 'lu', 'pikir', 'rumah', 'lu', 'mau', 'digeledah'];yea pak polisinya pinter hahahaha langsung belok sim nembak gatau rambu malah minta surat perintah yaelah lu pikir rumah lu mau digeledah;yea pak polisinya pinter hahahaha langsung belok sim nembak gatau rambu malah minta surat perintah yaelah lu pikir rumah lu mau digeledah;yea pak polisi pinter hahahaha langsung belok sim nembak gatau rambu malah minta surat perintah yaelah lu pikir rumah lu mau geledah
380;380;1;Ini mau nikah lagi baguass deh smoga kelak jd kluarga yg samawa;ini mau nikah lagi baguass deh smoga kelak jd kluarga yg samawa;['ini', 'mau', 'nikah', 'lagi', 'baguass', 'deh', 'smoga', 'kelak', 'jd', 'kluarga', 'yg', 'samawa'];['ini', 'mau', 'nikah', 'lagi', 'baguass', 'deh', 'smoga', 'kelak', 'jd', 'kluarga', 'yg', 'samawa'];ini mau nikah lagi baguass deh smoga kelak jd kluarga yg samawa;ini mau nikah lagi baguass deh smoga kelak jd kluarga yg samawa;mau nikah baguass deh smoga kelak jd kluarga samawa
381;381;1;Lucu.... suaranya kak abbey cantik kayak orang nya.... ?????????????? terharu....;lucu suaranya kak abbey cantik kayak orang nya terharu;['lucu', 'suaranya', 'kak', 'abbey', 'cantik', 'kayak', 'orang', 'nya', 'terharu'];['lucu', 'suaranya', 'kak', 'abbey', 'cantik', 'kayak', 'orang', 'nya', 'terharu'];lucu suaranya kak abbey cantik kayak orang nya terharu;lucu suaranya kak abbey cantik kayak orang nya terharu;lucu suara kak abbey cantik kayak orang haru
382;382;1;Pernah ketemu sama mba artika sari disesemall di Jakarta...ampunnn ayunee...mana semampai....murah senyummm....cakep pisan lah;pernah ketemu sama mba artika sari disesemall di jakarta ampunnn ayunee mana semampai murah senyummm cakep pisan lah;['pernah', 'ketemu', 'sama', 'mba', 'artika', 'sari', 'disesemall', 'di', 'jakarta', 'ampunnn', 'ayunee', 'mana', 'semampai', 'murah', 'senyummm', 'cakep', 'pisan', 'lah'];['pernah', 'ketemu', 'sama', 'mba', 'artika', 'sari', 'disesemall', 'di', 'jakarta', 'ampunnn', 'ayunee', 'mana', 'semampai', 'murah', 'senyummm', 'cakep', 'pisan', 'lah'];pernah ketemu sama mba artika sari disesemall di jakarta ampunnn ayunee mana semampai murah senyummm cakep pisan lah;pernah ketemu sama mba artika sari disesemall di jakarta ampunnn ayunee mana semampai murah senyummm cakep pisan lah;pernah ketemu sama mba artika sari disesemall jakarta ampunnn ayunee mana semampai murah senyummm cakep pis
383;383;1;Bener kata pepatah Yess, Buah Jatuh gak Jauh dari PohoN nya... Cantik Nya dapet dari Mama_Nya, Suara Bagus dan Pinter nyanyi dari darah seni Papa Nya.. #calon generasi hebat di masa depan;bener kata pepatah yess buah jatuh gak jauh dari pohon nya cantik nya dapet dari mama_nya suara bagus dan pinter nyanyi dari darah seni papa nya generasi hebat di masa depan;['bener', 'kata', 'pepatah', 'yess', 'buah', 'jatuh', 'gak', 'jauh', 'dari', 'pohon', 'nya', 'cantik', 'nya', 'dapet', 'dari', 'mama_nya', 'suara', 'bagus', 'dan', 'pinter', 'nyanyi', 'dari', 'darah', 'seni', 'papa', 'nya', 'generasi', 'hebat', 'di', 'masa', 'depan'];['bener', 'kata', 'pepatah', 'yess', 'buah', 'jatuh', 'gak', 'jauh', 'dari', 'pohon', 'nya', 'cantik', 'nya', 'dapet', 'dari', 'mama_nya', 'suara', 'bagus', 'dan', 'pinter', 'nyanyi', 'dari', 'darah', 'seni', 'papa', 'nya', 'generasi', 'hebat', 'di', 'masa', 'depan'];bener kata pepatah yess buah jatuh gak jauh dari pohon nya cantik nya dapet dari mama_nya suara bagus dan pinter nyanyi dari darah seni papa nya generasi hebat di masa depan;bener kata pepatah yess buah jatuh gak jauh dari pohon nya cantik nya dapet dari mama_nya suara bagus dan pinter nyanyi dari darah seni papa nya generasi hebat di masa depan;bener kata pepatah yess buah jatuh gak jauh pohon cantik dapet mama nya suara bagus pinter nyanyi darah seni papa generasi hebat masa depan
384;384;1;Bahagianya punya anak cantik berbakat, bersyukur bnr dapat titipan demikian indah;bahagianya punya anak cantik berbakat bersyukur bnr dapat titipan demikian indah;['bahagianya', 'punya', 'anak', 'cantik', 'berbakat', 'bersyukur', 'bnr', 'dapat', 'titipan', 'demikian', 'indah'];['bahagianya', 'punya', 'anak', 'cantik', 'berbakat', 'bersyukur', 'bnr', 'dapat', 'titipan', 'demikian', 'indah'];bahagianya punya anak cantik berbakat bersyukur bnr dapat titipan demikian indah;bahagianya punya anak cantik berbakat bersyukur bnr dapat titipan demikian indah;bahagia punya anak cantik bakat syukur bnr titip indah
385;385;1;Semoga di berikan kesehatan dan rezeki yg berlimpaah pak ??;semoga di berikan kesehatan dan rezeki yg berlimpaah pak;['semoga', 'di', 'berikan', 'kesehatan', 'dan', 'rezeki', 'yg', 'berlimpaah', 'pak'];['semoga', 'di', 'berikan', 'kesehatan', 'dan', 'rezeki', 'yg', 'berlimpaah', 'pak'];semoga di berikan kesehatan dan rezeki yg berlimpaah pak;semoga di berikan kesehatan dan rezeki yg berlimpaah pak;moga ikan sehat rezeki berlimpaah pak
386;386;1;Semoga selalu sehat dan dimurahkan rejekinya ya Pak;semoga selalu sehat dan dimurahkan rejekinya ya pak;['semoga', 'selalu', 'sehat', 'dan', 'dimurahkan', 'rejekinya', 'ya', 'pak'];['semoga', 'selalu', 'sehat', 'dan', 'dimurahkan', 'rejekinya', 'ya', 'pak'];semoga selalu sehat dan dimurahkan rejekinya ya pak;semoga selalu sehat dan dimurahkan rejekinya ya pak;moga selalu sehat murah rejekinya pak
387;387;1;Pria setia, pekerja keras tdk malu pilih-pilih cari nafkah sangat sedikit sekali yang banyak kebalikan..beda bgt sama seseorang yang kenal. Mentang2 ganteng, milih nganggur ketimbang jd ojol. Udh gitu istri diselingkuhin lagi. Baik kalo ada maunya ????;pria setia pekerja keras tdk malu pilih pilih cari nafkah sangat sedikit sekali yang banyak kebalikan beda bgt sama seseorang yang kenal mentang ganteng milih nganggur ketimbang jd ojol udh gitu istri diselingkuhin lagi baik kalo ada maunya;['pria', 'setia', 'pekerja', 'keras', 'tdk', 'malu', 'pilih', 'pilih', 'cari', 'nafkah', 'sangat', 'sedikit', 'sekali', 'yang', 'banyak', 'kebalikan', 'beda', 'bgt', 'sama', 'seseorang', 'yang', 'kenal', 'mentang', 'ganteng', 'milih', 'nganggur', 'ketimbang', 'jd', 'ojol', 'udh', 'gitu', 'istri', 'diselingkuhin', 'lagi', 'baik', 'kalo', 'ada', 'maunya'];['pria', 'setia', 'pekerja', 'keras', 'tdk', 'malu', 'pilih', 'pilih', 'cari', 'nafkah', 'sangat', 'sedikit', 'sekali', 'yang', 'banyak', 'kebalikan', 'beda', 'bgt', 'sama', 'seseorang', 'yang', 'kenal', 'mentang', 'ganteng', 'milih', 'nganggur', 'ketimbang', 'jd', 'ojol', 'udh', 'gitu', 'istri', 'diselingkuhin', 'lagi', 'baik', 'kalo', 'ada', 'maunya'];pria setia pekerja keras tdk malu pilih pilih cari nafkah sangat sedikit sekali yang banyak kebalikan beda bgt sama seseorang yang kenal mentang ganteng milih nganggur ketimbang jd ojol udh gitu istri diselingkuhin lagi baik kalo ada maunya;pria setia pekerja keras tdk malu pilih pilih cari nafkah sangat sedikit sekali yang banyak kebalikan beda bgt sama seseorang yang kenal mentang ganteng milih nganggur ketimbang jd ojol udh gitu istri diselingkuhin lagi baik kalo ada maunya;pria setia kerja keras tdk malu pilih pilih cari nafkah sangat sedikit sekali banyak balik beda bgt sama orang kenal mentang ganteng milih nganggur ketimbang jd ojol udh gitu istri diselingkuhin baik kalo mau
388;388;1;Doa istri dan anak menyertaimu bang... lelaki yg bertanggung jawab itu sangat PERLU, karna kalo laki2 tanggung jawab otomatis dia akan sayang dgn anak dan istri. Beda dgn sayang yg belum tentu bertanggung jawab ??????;doa istri dan anak menyertaimu bang lelaki yg bertanggung jawab itu sangat perlu karna kalo laki tanggung jawab otomatis dia akan sayang dgn anak dan istri beda dgn sayang yg belum tentu bertanggung jawab;['doa', 'istri', 'dan', 'anak', 'menyertaimu', 'bang', 'lelaki', 'yg', 'bertanggung', 'jawab', 'itu', 'sangat', 'perlu', 'karna', 'kalo', 'laki', 'tanggung', 'jawab', 'otomatis', 'dia', 'akan', 'sayang', 'dgn', 'anak', 'dan', 'istri', 'beda', 'dgn', 'sayang', 'yg', 'belum', 'tentu', 'bertanggung', 'jawab'];['doa', 'istri', 'dan', 'anak', 'menyertaimu', 'bang', 'lelaki', 'yg', 'bertanggung', 'jawab', 'itu', 'sangat', 'perlu', 'karna', 'kalo', 'laki', 'tanggung', 'jawab', 'otomatis', 'dia', 'akan', 'sayang', 'dgn', 'anak', 'dan', 'istri', 'beda', 'dgn', 'sayang', 'yg', 'belum', 'tentu', 'bertanggung', 'jawab'];doa istri dan anak menyertaimu bang lelaki yg bertanggung jawab itu sangat perlu karna kalo laki tanggung jawab otomatis dia akan sayang dgn anak dan istri beda dgn sayang yg belum tentu bertanggung jawab;doa istri dan anak menyertaimu bang lelaki yg bertanggung jawab itu sangat perlu karna kalo laki tanggung jawab otomatis dia akan sayang dgn anak dan istri beda dgn sayang yg belum tentu bertanggung jawab;doa istri anak serta bang lelaki tanggung jawab sangat perlu karna kalo laki tanggung jawab otomatis akan sayang dgn anak istri beda dgn sayang belum tanggung jawab
389;389;1;Ya Allah bahagia itu gak harus dgn cara yg mewah sesederhana begini aj deh bahagia bisa komunikasi dgn keluarga ??;ya allah bahagia itu gak harus dgn cara yg mewah sesederhana begini aj deh bahagia bisa komunikasi dgn keluarga;['ya', 'allah', 'bahagia', 'itu', 'gak', 'harus', 'dgn', 'cara', 'yg', 'mewah', 'sesederhana', 'begini', 'aj', 'deh', 'bahagia', 'bisa', 'komunikasi', 'dgn', 'keluarga'];['ya', 'allah', 'bahagia', 'itu', 'gak', 'harus', 'dgn', 'cara', 'yg', 'mewah', 'sesederhana', 'begini', 'aj', 'deh', 'bahagia', 'bisa', 'komunikasi', 'dgn', 'keluarga'];ya allah bahagia itu gak harus dgn cara yg mewah sesederhana begini aj deh bahagia bisa komunikasi dgn keluarga;ya allah bahagia itu gak harus dgn cara yg mewah sesederhana begini aj deh bahagia bisa komunikasi dgn keluarga;allah bahagia gak dgn cara mewah sederhana begini aj deh bahagia komunikasi dgn keluarga
390;390;1;Mereka hanya mencari rejeki utk keluarganya, kalau ada yg merasa tdk berkenan tolong jangan menggunakan kekerasan;mereka hanya mencari rejeki utk keluarganya kalau ada yg merasa tdk berkenan tolong jangan menggunakan kekerasan;['mereka', 'hanya', 'mencari', 'rejeki', 'utk', 'keluarganya', 'kalau', 'ada', 'yg', 'merasa', 'tdk', 'berkenan', 'tolong', 'jangan', 'menggunakan', 'kekerasan'];['mereka', 'hanya', 'mencari', 'rejeki', 'utk', 'keluarganya', 'kalau', 'ada', 'yg', 'merasa', 'tdk', 'berkenan', 'tolong', 'jangan', 'menggunakan', 'kekerasan'];mereka hanya mencari rejeki utk keluarganya kalau ada yg merasa tdk berkenan tolong jangan menggunakan kekerasan;mereka hanya mencari rejeki utk keluarganya kalau ada yg merasa tdk berkenan tolong jangan menggunakan kekerasan;hanya cari rejeki utk keluarga kalau yg rasa tdk kenan jangan guna keras
391;391;1;Salut sekali Banting tulang demi menghidupi keluarga.yg duduk di bangku empuk,pakai AC Malah merampok.yg milih rakyat jelata lagi;salut sekali banting tulang demi menghidupi keluarga yg duduk di bangku empuk pakai ac malah merampok yg milih rakyat jelata lagi;['salut', 'sekali', 'banting', 'tulang', 'demi', 'menghidupi', 'keluarga', 'yg', 'duduk', 'di', 'bangku', 'empuk', 'pakai', 'ac', 'malah', 'merampok', 'yg', 'milih', 'rakyat', 'jelata', 'lagi'];['salut', 'sekali', 'banting', 'tulang', 'demi', 'menghidupi', 'keluarga', 'yg', 'duduk', 'di', 'bangku', 'empuk', 'pakai', 'ac', 'malah', 'merampok', 'yg', 'milih', 'rakyat', 'jelata', 'lagi'];salut sekali banting tulang demi menghidupi keluarga yg duduk di bangku empuk pakai ac malah merampok yg milih rakyat jelata lagi;salut sekali banting tulang demi menghidupi keluarga yg duduk di bangku empuk pakai ac malah merampok yg milih rakyat jelata lagi;salut sekali banting tulang hidup keluarga duduk bangku empuk pakai ac malah rampok milih rakyat jelata
392;392;1;Amin, smg selalu di lancarkan n di mudahkan rejeki nya.. jd inget waktu suami sy jg gojek dulu, srg nlp nanyain anak istri nya udah mkn atau blm.. pdhl mgkn dia sendiri entah sempet mkn atau ngga, walaupun hujan2an n panas2an tp ga penh mengeluh.. selalu menyempatkan komunikasi n ttp keep in touch di sela2 kesibukannya. Bangga n ttp berjuang y ms gojek krn anak n istri selalu mendoakan yg terbaik..;amin smg selalu di lancarkan di mudahkan rejeki nya jd inget waktu suami sy jg gojek dulu srg nlp nanyain anak istri nya udah mkn atau blm pdhl mgkn dia sendiri entah sempet mkn atau ngga walaupun hujanan panasan tp ga penh mengeluh selalu menyempatkan komunikasi ttp keep in touch di sela kesibukannya bangga ttp berjuang ms gojek krn anak istri selalu mendoakan yg terbaik;['amin', 'smg', 'selalu', 'di', 'lancarkan', 'di', 'mudahkan', 'rejeki', 'nya', 'jd', 'inget', 'waktu', 'suami', 'sy', 'jg', 'gojek', 'dulu', 'srg', 'nlp', 'nanyain', 'anak', 'istri', 'nya', 'udah', 'mkn', 'atau', 'blm', 'pdhl', 'mgkn', 'dia', 'sendiri', 'entah', 'sempet', 'mkn', 'atau', 'ngga', 'walaupun', 'hujanan', 'panasan', 'tp', 'ga', 'penh', 'mengeluh', 'selalu', 'menyempatkan', 'komunikasi', 'ttp', 'keep', 'in', 'touch', 'di', 'sela', 'kesibukannya', 'bangga', 'ttp', 'berjuang', 'ms', 'gojek', 'krn', 'anak', 'istri', 'selalu', 'mendoakan', 'yg', 'terbaik'];['amin', 'smg', 'selalu', 'di', 'lancarkan', 'di', 'mudahkan', 'rejeki', 'nya', 'jd', 'inget', 'waktu', 'suami', 'sy', 'jg', 'gojek', 'dulu', 'srg', 'nlp', 'nanyain', 'anak', 'istri', 'nya', 'udah', 'mkn', 'atau', 'blm', 'pdhl', 'mgkn', 'dia', 'sendiri', 'entah', 'sempet', 'mkn', 'atau', 'ngga', 'walaupun', 'hujanan', 'panasan', 'tp', 'ga', 'penh', 'mengeluh', 'selalu', 'menyempatkan', 'komunikasi', 'ttp', 'keep', 'in', 'touch', 'di', 'sela', 'kesibukannya', 'bangga', 'ttp', 'berjuang', 'ms', 'gojek', 'krn', 'anak', 'istri', 'selalu', 'mendoakan', 'yg', 'terbaik'];amin smg selalu di lancarkan di mudahkan rejeki nya jd inget waktu suami sy jg gojek dulu srg nlp nanyain anak istri nya udah mkn atau blm pdhl mgkn dia sendiri entah sempet mkn atau ngga walaupun hujanan panasan tp ga penh mengeluh selalu menyempatkan komunikasi ttp keep in touch di sela kesibukannya bangga ttp berjuang ms gojek krn anak istri selalu mendoakan yg terbaik;amin smg selalu di lancarkan di mudahkan rejeki nya jd inget waktu suami sy jg gojek dulu srg nlp nanyain anak istri nya udah mkn atau blm pdhl mgkn dia sendiri entah sempet mkn atau ngga walaupun hujanan panasan tp ga penh mengeluh selalu menyempatkan komunikasi ttp keep in touch di sela kesibukannya bangga ttp berjuang ms gojek krn anak istri selalu mendoakan yg terbaik;amin smg selalu lancar mudah rejeki jd inget waktu suami sy jg gojek dulu srg nlp nanyain anak istri udah mkn blm pdhl mgkn sendiri entah sempet mkn ngga walaupun hujan panas tp ga penh keluh selalu sempat komunikasi ttp keep in touch sela sibuk bangga ttp juang ms gojek krn anak istri selalu doa baik
393;393;1;Respect dengan istri n anak2 nya yg menunggu dengan sabar dirumah insya Allah ,Allah swt selalu menjaga nya.;respect dengan istri anak nya yg menunggu dengan sabar dirumah insya allah allah swt selalu menjaga nya;['respect', 'dengan', 'istri', 'anak', 'nya', 'yg', 'menunggu', 'dengan', 'sabar', 'dirumah', 'insya', 'allah', 'allah', 'swt', 'selalu', 'menjaga', 'nya'];['respect', 'dengan', 'istri', 'anak', 'nya', 'yg', 'menunggu', 'dengan', 'sabar', 'dirumah', 'insya', 'allah', 'allah', 'swt', 'selalu', 'menjaga', 'nya'];respect dengan istri anak nya yg menunggu dengan sabar dirumah insya allah allah swt selalu menjaga nya;respect dengan istri anak nya yg menunggu dengan sabar dirumah insya allah allah swt selalu menjaga nya;respect istri anak yg tunggu sabar rumah insya allah allah swt selalu jaga
394;394;1;Laki-laki yang beneran berjuang unt anak istri, membahagiakan istri insyaallah di dunia mendapat rejeki yg ga disangka-sangka di akherat akan ada surga kelak amiin;laki laki yang beneran berjuang unt anak istri membahagiakan istri insyaallah di dunia mendapat rejeki yg ga disangka sangka di akherat akan ada surga kelak amiin;['laki', 'laki', 'yang', 'beneran', 'berjuang', 'unt', 'anak', 'istri', 'membahagiakan', 'istri', 'insyaallah', 'di', 'dunia', 'mendapat', 'rejeki', 'yg', 'ga', 'disangka', 'sangka', 'di', 'akherat', 'akan', 'ada', 'surga', 'kelak', 'amiin'];['laki', 'laki', 'yang', 'beneran', 'berjuang', 'unt', 'anak', 'istri', 'membahagiakan', 'istri', 'insyaallah', 'di', 'dunia', 'mendapat', 'rejeki', 'yg', 'ga', 'disangka', 'sangka', 'di', 'akherat', 'akan', 'ada', 'surga', 'kelak', 'amiin'];laki laki yang beneran berjuang unt anak istri membahagiakan istri insyaallah di dunia mendapat rejeki yg ga disangka sangka di akherat akan ada surga kelak amiin;laki laki yang beneran berjuang unt anak istri membahagiakan istri insyaallah di dunia mendapat rejeki yg ga disangka sangka di akherat akan ada surga kelak amiin;laki laki beneran juang unt anak istri bahagia istri insyaallah dunia dapat rejeki ga sangka sangka akherat ada surga kelak amiin
395;395;1;Bangga sama suami yg selalu ingat istri disela waktunya, apapun profesimu... Kaulah juaranya. Sehat terus pak gojek, semoga lacar rejekimu. Amiiin....;bangga sama suami yg selalu ingat istri disela waktunya apapun profesimu kaulah juaranya sehat terus pak gojek semoga lacar rejekimu amiiin;['bangga', 'sama', 'suami', 'yg', 'selalu', 'ingat', 'istri', 'disela', 'waktunya', 'apapun', 'profesimu', 'kaulah', 'juaranya', 'sehat', 'terus', 'pak', 'gojek', 'semoga', 'lacar', 'rejekimu', 'amiiin'];['bangga', 'sama', 'suami', 'yg', 'selalu', 'ingat', 'istri', 'disela', 'waktunya', 'apapun', 'profesimu', 'kaulah', 'juaranya', 'sehat', 'terus', 'pak', 'gojek', 'semoga', 'lacar', 'rejekimu', 'amiiin'];bangga sama suami yg selalu ingat istri disela waktunya apapun profesimu kaulah juaranya sehat terus pak gojek semoga lacar rejekimu amiiin;bangga sama suami yg selalu ingat istri disela waktunya apapun profesimu kaulah juaranya sehat terus pak gojek semoga lacar rejekimu amiiin;bangga sama suami selalu ingat istri sela waktu apa profesi kau juara sehat terus pak gojek moga lacar rejekimu amiiin
396;396;1;Apaoun pekerjaannya yg penting halal u tuk menafkahi keluarga ... Semangat pak;apaoun pekerjaannya yg penting halal tuk menafkahi keluarga semangat pak;['apaoun', 'pekerjaannya', 'yg', 'penting', 'halal', 'tuk', 'menafkahi', 'keluarga', 'semangat', 'pak'];['apaoun', 'pekerjaannya', 'yg', 'penting', 'halal', 'tuk', 'menafkahi', 'keluarga', 'semangat', 'pak'];apaoun pekerjaannya yg penting halal tuk menafkahi keluarga semangat pak;apaoun pekerjaannya yg penting halal tuk menafkahi keluarga semangat pak;apaoun kerja penting halal tuk nafkah keluarga semangat pak
397;397;1;Gojek itu mayoritas pegangguran yang lama gak kerja trus hampir putus asaa tapi tibatiba ada lapangan pekerjaan yang gak harus pake ijasah terakhir.. ini sungguh lapangan kerja yang sangat membantu sekali menurut saya ??;gojek itu mayoritas pegangguran yang lama gak kerja trus hampir putus asaa tapi tibatiba ada lapangan pekerjaan yang gak harus pake ijasah terakhir ini sungguh lapangan kerja yang sangat membantu sekali menurut saya;['gojek', 'itu', 'mayoritas', 'pegangguran', 'yang', 'lama', 'gak', 'kerja', 'trus', 'hampir', 'putus', 'asaa', 'tapi', 'tibatiba', 'ada', 'lapangan', 'pekerjaan', 'yang', 'gak', 'harus', 'pake', 'ijasah', 'terakhir', 'ini', 'sungguh', 'lapangan', 'kerja', 'yang', 'sangat', 'membantu', 'sekali', 'menurut', 'saya'];['gojek', 'itu', 'mayoritas', 'pegangguran', 'yang', 'lama', 'gak', 'kerja', 'trus', 'hampir', 'putus', 'asaa', 'tapi', 'tibatiba', 'ada', 'lapangan', 'pekerjaan', 'yang', 'gak', 'harus', 'pake', 'ijasah', 'terakhir', 'ini', 'sungguh', 'lapangan', 'kerja', 'yang', 'sangat', 'membantu', 'sekali', 'menurut', 'saya'];gojek itu mayoritas pegangguran yang lama gak kerja trus hampir putus asaa tapi tibatiba ada lapangan pekerjaan yang gak harus pake ijasah terakhir ini sungguh lapangan kerja yang sangat membantu sekali menurut saya;gojek itu mayoritas pegangguran yang lama gak kerja trus hampir putus asaa tapi tibatiba ada lapangan pekerjaan yang gak harus pake ijasah terakhir ini sungguh lapangan kerja yang sangat membantu sekali menurut saya;gojek mayoritas pegangguran lama gak kerja trus hampir putus asaa tibatiba lapang kerja gak pake ijasah akhir sungguh lapang kerja sangat bantu sekali saya
398;398;1; <USERNAME> aslinya cantik dan ayu loh mbak krn aku sudah bertemu langsung juga sesembaknya sangat ramah tidak sombong seperti mantan2 yg lain hhe maaf ikut nimbrung ,kalo makeup dibuat senatural mungkin krn sesembaknya memang mau menonjolkan wa;username aslinya cantik dan ayu loh mbak krn aku sudah bertemu langsung juga sesembaknya sangat ramah tidak sombong seperti mantan yg lain hhe maaf ikut nimbrung kalo makeup dibuat senatural mungkin krn sesembaknya memang mau menonjolkan wa;['username', 'aslinya', 'cantik', 'dan', 'ayu', 'loh', 'mbak', 'krn', 'aku', 'sudah', 'bertemu', 'langsung', 'juga', 'sesembaknya', 'sangat', 'ramah', 'tidak', 'sombong', 'seperti', 'mantan', 'yg', 'lain', 'hhe', 'maaf', 'ikut', 'nimbrung', 'kalo', 'makeup', 'dibuat', 'senatural', 'mungkin', 'krn', 'sesembaknya', 'memang', 'mau', 'menonjolkan', 'wa'];['username', 'aslinya', 'cantik', 'dan', 'ayu', 'loh', 'mbak', 'krn', 'aku', 'sudah', 'bertemu', 'langsung', 'juga', 'sesembaknya', 'sangat', 'ramah', 'tidak', 'sombong', 'seperti', 'mantan', 'yg', 'lain', 'hhe', 'maaf', 'ikut', 'nimbrung', 'kalo', 'makeup', 'dibuat', 'senatural', 'mungkin', 'krn', 'sesembaknya', 'memang', 'mau', 'menonjolkan', 'wa'];username aslinya cantik dan ayu loh mbak krn aku sudah bertemu langsung juga sesembaknya sangat ramah tidak sombong seperti mantan yg lain hhe maaf ikut nimbrung kalo makeup dibuat senatural mungkin krn sesembaknya memang mau menonjolkan wa;username aslinya cantik dan ayu loh mbak krn aku sudah bertemu langsung juga sesembaknya sangat ramah tidak sombong seperti mantan yg lain hhe maaf ikut nimbrung kalo makeup dibuat senatural mungkin krn sesembaknya memang mau menonjolkan wa;username asli cantik ayu mbak krn aku temu langsung sembak sangat ramah sombong mantan lain hhe maaf ikut nimbrung kalo makeup buat natural mungkin krn sembak memang mau tonjol wa
399;399;1; <USERNAME> suami saya seumuran sama saya mba, malah tuaan saya beberapa bulan tapi alhamdulillah suami saya gak kekanak kanakan hehe;username suami saya seumuran sama saya mba malah tuaan saya beberapa bulan tapi alhamdulillah suami saya gak kekanak kanakan hehe;['username', 'suami', 'saya', 'seumuran', 'sama', 'saya', 'mba', 'malah', 'tuaan', 'saya', 'beberapa', 'bulan', 'tapi', 'alhamdulillah', 'suami', 'saya', 'gak', 'kekanak', 'kanakan', 'hehe'];['username', 'suami', 'saya', 'seumuran', 'sama', 'saya', 'mba', 'malah', 'tuaan', 'saya', 'beberapa', 'bulan', 'tapi', 'alhamdulillah', 'suami', 'saya', 'gak', 'kekanak', 'kanakan', 'hehe'];username suami saya seumuran sama saya mba malah tuaan saya beberapa bulan tapi alhamdulillah suami saya gak kekanak kanakan hehe;username suami saya seumuran sama saya mba malah tuaan saya beberapa bulan tapi alhamdulillah suami saya gak kekanak kanakan hehe;username suami umur sama mba malah tua beberapa bulan alhamdulillah suami gak kekanak kana hehe
